station,year_local,month_local,obs_freq,pred_freq,n,latitude,longitude
APC,2020,7,0.00831024930747922,0.05130485418882128,722,38.2075,-122.2804
APC,2020,8,0.04736129905277402,0.04811652932685947,739,38.2075,-122.2804
APC,2020,9,0.13649025069637882,0.06573313645775947,718,38.2075,-122.2804
APC,2020,10,0.06284153005464481,0.0653320993228416,732,38.2075,-122.2804
APC,2020,11,0.09612625538020086,0.11387391253486424,697,38.2075,-122.2804
APC,2020,12,0.16307277628032346,0.13980037216479935,742,38.2075,-122.2804
APC,2021,1,0.23149394347240915,0.23919345410927703,743,38.2075,-122.2804
APC,2021,2,0.13095238095238096,0.1096434121628547,672,38.2075,-122.2804
APC,2021,3,0.06043956043956044,0.06676009625324705,728,38.2075,-122.2804
APC,2021,4,0.04142857142857142,0.04279719369752066,700,38.2075,-122.2804
APC,2021,5,0.00806451612903225,0.03140635604272917,744,38.2075,-122.2804
APC,2021,6,0.00277777777777777,0.04179828151989366,720,38.2075,-122.2804
APC,2022,1,0.19623655913978497,0.22510401340876204,744,38.2075,-122.2804
APC,2022,2,0.0431547619047619,0.06315461219388194,672,38.2075,-122.2804
APC,2022,3,0.06010928961748633,0.0936735138488562,732,38.2075,-122.2804
APC,2022,4,0.05285118219749652,0.06466216073001985,719,38.2075,-122.2804
APC,2022,5,0.00940860215053763,0.03214955789000121,744,38.2075,-122.2804
APC,2022,6,0.01388888888888888,0.03402522094224373,720,38.2075,-122.2804
APC,2022,7,0.00269179004037685,0.06318578487636602,743,38.2075,-122.2804
APC,2022,8,0.00807537012113055,0.07355446053977835,743,38.2075,-122.2804
APC,2022,9,0.03059805285118219,0.0912794936596486,719,38.2075,-122.2804
APC,2022,10,0.1196236559139785,0.10989424426968256,744,38.2075,-122.2804
APC,2022,11,0.04513399153737658,0.10625094138755764,709,38.2075,-122.2804
APC,2022,12,0.2543741588156124,0.2919139308230713,743,38.2075,-122.2804
APC,2023,1,0.08071135430916553,0.2053998774556168,731,38.2075,-122.2804
APC,2023,2,0.0499194847020934,0.127691130659426,621,38.2075,-122.2804
APC,2023,3,0.07894736842105263,0.16355623800915065,722,38.2075,-122.2804
APC,2023,5,0.03072625698324022,0.08780671845452974,716,38.2075,-122.2804
APC,2023,6,0.00145772594752186,0.05976704353849816,686,38.2075,-122.2804
APC,2023,7,0.00818553888130968,0.05507397512648963,733,38.2075,-122.2804
APC,2023,8,0.02419354838709677,0.06748230552228207,744,38.2075,-122.2804
APC,2023,9,0.04305555555555555,0.0964282891637898,720,38.2075,-122.2804
APC,2023,10,0.06586021505376344,0.09066142494898537,744,38.2075,-122.2804
APC,2023,11,0.03760445682451253,0.12514957678408625,718,38.2075,-122.2804
APC,2023,12,0.21505376344086025,0.3088326519392731,744,38.2075,-122.2804
APC,2024,1,0.2446236559139785,0.3151175634868528,744,38.2075,-122.2804
APC,2024,2,0.10919540229885058,0.20002501085199864,696,38.2075,-122.2804
APC,2024,3,0.06351351351351352,0.12028925431753835,740,38.2075,-122.2804
APC,2024,4,0.03516174402250351,0.08997342842210244,711,38.2075,-122.2804
APC,2024,5,0.01478494623655914,0.05562141880379571,744,38.2075,-122.2804
APC,2024,6,0.00833333333333333,0.03387655555254443,720,38.2075,-122.2804
BAB,2019,1,0.1445945945945946,0.15960833934101126,740,39.1361,-121.4366
BAB,2019,2,0.14393939393939395,0.1194249659826076,660,39.1361,-121.4366
BAB,2019,3,0.0755813953488372,0.09818306583356178,688,39.1361,-121.4366
BAB,2019,4,0.00985915492957746,0.04986255047301775,710,39.1361,-121.4366
BAB,2019,5,0.04275862068965517,0.0444031836441718,725,39.1361,-121.4366
BAB,2019,6,0.00299850074962518,0.01017544080934039,667,39.1361,-121.4366
BAB,2019,7,0,0.00552640340609708,729,39.1361,-121.4366
BAB,2019,8,0,0.00643966134930141,733,39.1361,-121.4366
BAB,2019,9,0.00283687943262411,0.01822083304646088,705,39.1361,-121.4366
BAB,2019,10,0,0.01276466877457451,729,39.1361,-121.4366
BAB,2019,11,0.01836158192090395,0.04811658070228354,708,39.1361,-121.4366
BAB,2019,12,0.27755102040816326,0.1800588708599003,735,39.1361,-121.4366
BAB,2020,7,0,0.00485543302260657,731,39.1361,-121.4366
BAB,2020,8,0,0.00523408795355934,733,39.1361,-121.4366
BAB,2020,9,0,0.00936363546523256,717,39.1361,-121.4366
BAB,2020,10,0.00544217687074829,0.01370783626041723,735,39.1361,-121.4366
BAB,2020,11,0.05857740585774058,0.07180838928053954,717,39.1361,-121.4366
BAB,2020,12,0.15633423180592992,0.1129199795734333,742,39.1361,-121.4366
BAB,2021,1,0.17479674796747968,0.1354056865003384,738,39.1361,-121.4366
BAB,2021,2,0.03889789303079417,0.06722210838757169,617,39.1361,-121.4366
BAB,2021,3,0.02702702702702703,0.04372212905594072,740,39.1361,-121.4366
BAB,2021,4,0.00568990042674253,0.01499517053750888,703,39.1361,-121.4366
BAB,2021,6,0,0.00458792130171368,695,39.1361,-121.4366
BAB,2021,7,0,0.00460391494988124,717,39.1361,-121.4366
BAB,2021,8,0,0.006196688218341,717,39.1361,-121.4366
BAB,2021,9,0,0.01219315046219183,716,39.1361,-121.4366
BAB,2021,10,0.08748317631224764,0.0695030726172772,743,39.1361,-121.4366
BAB,2021,11,0.2510460251046025,0.1536686489710226,717,39.1361,-121.4366
BAB,2021,12,0.39295392953929537,0.22533839850100945,738,39.1361,-121.4366
BAB,2023,1,0.12113055181695828,0.13886473494428955,743,39.1361,-121.4366
BAB,2023,2,0.06748466257668712,0.08634264867462109,652,39.1361,-121.4366
BAB,2023,3,0.07837837837837838,0.11210738239916848,740,39.1361,-121.4366
BAB,2023,4,0.0088235294117647,0.03095132058977683,680,39.1361,-121.4366
BAB,2023,5,0.03108108108108108,0.02743448648630087,740,39.1361,-121.4366
BAB,2023,6,0,0.01237033333712899,708,39.1361,-121.4366
BAB,2023,7,0,0.00584057113124001,734,39.1361,-121.4366
BAB,2023,8,0,0.008595066960049,734,39.1361,-121.4366
BAB,2023,9,0.01308139534883721,0.01886166536530444,688,39.1361,-121.4366
BAB,2023,10,0.03287671232876712,0.03569227870807294,730,39.1361,-121.4366
BAB,2023,11,0.03816793893129771,0.07859317096632742,655,39.1361,-121.4366
BAB,2023,12,0.10818307905686546,0.16361085420387866,721,39.1361,-121.4366
BAB,2024,1,0.16361071932299012,0.1949406492810208,709,39.1361,-121.4366
BAB,2024,2,0.05128205128205128,0.11810380345590409,663,39.1361,-121.4366
BAB,2024,3,0.02635431918008785,0.07068048547670425,683,39.1361,-121.4366
BAB,2024,4,0.01004304160688665,0.04459148752939028,697,39.1361,-121.4366
BAB,2024,5,0.01379310344827586,0.02033677279780586,725,39.1361,-121.4366
BAB,2024,6,0,0.00603771619501967,719,39.1361,-121.4366
BLH,2019,1,0.04371584699453552,0.0774500175798121,732,33.6192,-114.7169
BLH,2019,2,0.00303951367781155,0.01535969661730256,658,33.6192,-114.7169
BLH,2019,3,0.00291970802919708,0.00528260698426433,685,33.6192,-114.7169
BLH,2019,4,0.00142450142450142,0.00161910247892815,702,33.6192,-114.7169
BLH,2019,5,0,0.00217338971748324,714,33.6192,-114.7169
BLH,2019,6,0,9.0270250811012e-4,714,33.6192,-114.7169
BLH,2020,1,0,0.02569511533752301,727,33.6192,-114.7169
BLH,2020,2,0.00150602409638554,0.0056153381386588,664,33.6192,-114.7169
BLH,2020,3,0.02374301675977653,0.02597115733127458,716,33.6192,-114.7169
BLH,2020,4,0.00418410041841004,0.00489508786360178,717,33.6192,-114.7169
BLH,2020,5,0,0.00103930136691703,739,33.6192,-114.7169
BLH,2020,7,0,8.233997891840954e-4,709,33.6192,-114.7169
BLH,2020,9,0,0.00120462632174156,666,33.6192,-114.7169
BLH,2020,10,0,0.00242161872556918,702,33.6192,-114.7169
BLH,2020,11,0,0.0072827209693981,683,33.6192,-114.7169
BLH,2021,1,0.01385041551246537,0.03831175043222809,722,33.6192,-114.7169
BLH,2021,2,0,0.00317606151087664,671,33.6192,-114.7169
BLH,2021,3,0,0.00374148892051466,741,33.6192,-114.7169
BLH,2021,5,0,0.00112076757714803,709,33.6192,-114.7169
BLH,2021,6,0,8.336881527235035e-4,693,33.6192,-114.7169
BLH,2021,7,0,0.00161913229286872,709,33.6192,-114.7169
BLH,2021,11,0,0.00782687412992159,664,33.6192,-114.7169
BLH,2022,4,0,0.00154221114749883,703,33.6192,-114.7169
BLH,2022,5,0,0.00107305318833248,727,33.6192,-114.7169
BLH,2022,6,0,9.038890494610666e-4,707,33.6192,-114.7169
BLH,2022,7,0,0.00198862837557013,733,33.6192,-114.7169
BLH,2022,8,0.00688705234159779,0.00268352533873111,726,33.6192,-114.7169
BLH,2022,9,0,0.00380326216344895,706,33.6192,-114.7169
BLH,2022,11,0,0.01029606551271985,684,33.6192,-114.7169
BLH,2022,12,0.01947148817802503,0.07109808810288411,719,33.6192,-114.7169
BLH,2023,2,0,0.00557616855578671,663,33.6192,-114.7169
BLH,2023,6,0,0.00116693361736848,653,33.6192,-114.7169
BLH,2023,7,0,8.762087417862323e-4,680,33.6192,-114.7169
BLH,2023,10,0,0.00394788672509359,726,33.6192,-114.7169
BLH,2023,11,0,0.03372229600099399,665,33.6192,-114.7169
BLH,2024,1,0.02103786816269284,0.06904083983904093,713,33.6192,-114.7169
BLH,2024,2,0,0.01552681286208009,654,33.6192,-114.7169
BLH,2024,4,0,0.00423074495353687,665,33.6192,-114.7169
BLH,2024,5,0,0.00113862148418836,741,33.6192,-114.7169
BLH,2024,6,0,9.367058889244804e-4,719,33.6192,-114.7169
BLU,2019,1,0.2994579945799458,0.16077559849917433,738,39.275,-120.7097
BLU,2019,2,0.5235204855842185,0.2239006959277803,659,39.275,-120.7097
BLU,2019,3,0.3696551724137931,0.16614364120466957,725,39.275,-120.7097
BLU,2019,4,0.18410041841004185,0.09644946551101084,717,39.275,-120.7097
BLU,2019,5,0.22282608695652173,0.08826360607180624,736,39.275,-120.7097
BLU,2019,6,0.00279720279720279,0.01390316584057962,715,39.275,-120.7097
BLU,2019,7,0,0.00736835006261582,743,39.275,-120.7097
BLU,2019,8,0,0.00924538226841363,744,39.275,-120.7097
BLU,2019,9,0.05694444444444444,0.03640279797691619,720,39.275,-120.7097
BLU,2019,10,0.01542776998597475,0.01695705274406358,713,39.275,-120.7097
BLU,2019,11,0.1,0.04901408027204961,710,39.275,-120.7097
BLU,2019,12,0.32075471698113206,0.1887001112803837,742,39.275,-120.7097
BLU,2020,1,0.28746594005449594,0.13803800393583643,734,39.275,-120.7097
BLU,2020,2,0.01007194244604316,0.01697056024928289,695,39.275,-120.7097
BLU,2020,4,0.16736401673640167,0.07111078352590106,717,39.275,-120.7097
BLU,2020,5,0.17069892473118278,0.06135553240024057,744,39.275,-120.7097
BLU,2020,6,0.00836820083682008,0.01397276947968425,717,39.275,-120.7097
BLU,2020,7,0,0.00594975052049986,744,39.275,-120.7097
BLU,2020,8,0,0.00758292234568852,743,39.275,-120.7097
BLU,2020,9,0,0.00619238181880089,717,39.275,-120.7097
BLU,2020,10,0,0.00721479337877747,730,39.275,-120.7097
BLU,2020,11,0.10614525139664804,0.06250247289418495,716,39.275,-120.7097
BLU,2020,12,0.14016172506738545,0.08153750690050433,742,39.275,-120.7097
BLU,2021,1,0.2271505376344086,0.11685676966191104,744,39.275,-120.7097
BLU,2021,2,0.20833333333333337,0.10805358746767438,672,39.275,-120.7097
BLU,2021,3,0.1864864864864865,0.06614408996789968,740,39.275,-120.7097
BLU,2021,4,0.02222222222222222,0.02300707234026049,720,39.275,-120.7097
BLU,2021,5,0.00672043010752688,0.01240372417833573,744,39.275,-120.7097
BLU,2021,6,0,0.00704828781726465,716,39.275,-120.7097
BLU,2021,7,0,0.00392279039429435,743,39.275,-120.7097
BLU,2021,8,0,0.00513686953686233,741,39.275,-120.7097
BLU,2021,9,0.03064066852367688,0.01666869361316435,718,39.275,-120.7097
BLU,2021,10,0.19623655913978497,0.09429769737400948,744,39.275,-120.7097
BLU,2021,11,0.10474860335195532,0.06431274000485687,716,39.275,-120.7097
BLU,2021,12,0.4215827338129496,0.2153907968990987,695,39.275,-120.7097
BLU,2022,1,0.07537012113055182,0.06482809797038411,743,39.275,-120.7097
BLU,2022,2,0.03422619047619048,0.02444869094116646,672,39.275,-120.7097
BLU,2022,3,0.11185983827493262,0.04831050903673818,742,39.275,-120.7097
BLU,2022,4,0.1904761904761905,0.08600342123603243,714,39.275,-120.7097
BLU,2022,5,0.06048387096774194,0.02562572312308475,744,39.275,-120.7097
BLU,2022,6,0.05578800557880056,0.02763581173585382,717,39.275,-120.7097
BLU,2022,7,0,0.00791231843069118,743,39.275,-120.7097
BLU,2022,8,0.00134952766531713,0.00685538428933919,741,39.275,-120.7097
BLU,2022,9,0.04867872044506258,0.02826990036232985,719,39.275,-120.7097
BLU,2022,10,0.0027027027027027,0.01450395862205344,740,39.275,-120.7097
BLU,2022,11,0.1888111888111888,0.09102008058103388,715,39.275,-120.7097
BLU,2022,12,0.3684210526315789,0.2023134764652151,741,39.275,-120.7097
BLU,2023,1,0.3548387096774194,0.1765332356957789,744,39.275,-120.7097
BLU,2023,2,0.28017883755588674,0.11045822970487244,671,39.275,-120.7097
BLU,2023,3,0.4501347708894879,0.1894357261261112,742,39.275,-120.7097
BLU,2023,4,0.09396914446002803,0.06328014713378302,713,39.275,-120.7097
BLU,2023,5,0.1573816155988858,0.07120997001158208,718,39.275,-120.7097
BLU,2023,6,0.03064066852367688,0.03646370384952087,718,39.275,-120.7097
BLU,2023,7,0,0.00446612691732766,684,39.275,-120.7097
BLU,2023,8,0.0094850948509485,0.01828381078698556,738,39.275,-120.7097
BLU,2023,9,0.06638418079096045,0.04436106363215712,708,39.275,-120.7097
BLU,2023,10,0.07356948228882834,0.03231421092689121,734,39.275,-120.7097
BLU,2023,11,0.10919540229885058,0.06871107314083051,696,39.275,-120.7097
BLU,2023,12,0.18059299191374664,0.12120612470227272,742,39.275,-120.7097
BLU,2024,1,0.34349030470914127,0.18330402053257971,722,39.275,-120.7097
BLU,2024,2,0.4421875,0.17821296888250798,640,39.275,-120.7097
BLU,2024,3,0.3702185792349727,0.152487027200729,732,39.275,-120.7097
BLU,2024,4,0.17083333333333334,0.0695420437508599,720,39.275,-120.7097
BLU,2024,5,0.01830985915492957,0.0274006640388545,710,39.275,-120.7097
BLU,2024,6,0,0.00749840956704346,718,39.275,-120.7097
BLU,2024,7,0,0.00309489704013391,741,39.275,-120.7097
BLU,2024,8,0.01478494623655914,0.01347199620552904,744,39.275,-120.7097
BLU,2024,9,0.00279720279720279,0.01133323422123489,715,39.275,-120.7097
BLU,2024,10,0.05586592178770949,0.02732658699364922,716,39.275,-120.7097
BLU,2024,11,0.23496503496503496,0.1224392248088025,715,39.275,-120.7097
BLU,2024,12,0.31874145006839943,0.17115233413411352,731,39.275,-120.7097
CIC,2019,7,0,0.00225336843775652,688,39.7954,-121.8584
CIC,2019,8,0,0.00301532573636779,682,39.7954,-121.8584
CIC,2019,10,0,0.00440152688427087,686,39.7954,-121.8584
CIC,2019,11,0.00306748466257668,0.0318319116987965,652,39.7954,-121.8584
CIC,2019,12,0.08464849354375897,0.1985500196043076,697,39.7954,-121.8584
CIC,2020,1,0.05142857142857143,0.15629151681770703,700,39.7954,-121.8584
CIC,2020,2,0.00311526479750778,0.02016922055007063,642,39.7954,-121.8584
CIC,2020,3,0.01015965166908563,0.03291035398608749,689,39.7954,-121.8584
CIC,2020,4,0,0.0247898872488055,680,39.7954,-121.8584
CIC,2020,5,0.00143061516452074,0.01716073784722049,699,39.7954,-121.8584
CIC,2020,6,0,0.00460147224615747,659,39.7954,-121.8584
CIC,2020,8,0,0.00256341858085184,683,39.7954,-121.8584
CIC,2020,9,0,0.00370155973922963,672,39.7954,-121.8584
CIC,2020,10,0,0.0056240256323972,684,39.7954,-121.8584
CIC,2020,11,0.00306278713629402,0.05294317816311756,653,39.7954,-121.8584
CIC,2020,12,0.05433186490455213,0.10451532334342964,681,39.7954,-121.8584
CIC,2021,1,0.0291970802919708,0.11966313535694276,685,39.7954,-121.8584
CIC,2021,2,0.01916932907348242,0.05324688321379305,626,39.7954,-121.8584
CIC,2021,4,0,0.00826793028237605,668,39.7954,-121.8584
CIC,2021,5,0,0.0028675630073183,683,39.7954,-121.8584
CIC,2021,6,0,0.00178223577846895,652,39.7954,-121.8584
DLO,2019,1,0.21370967741935484,0.1783008994747414,744,35.7456,-119.2365
DLO,2019,2,0.01494768310911808,0.06825698687839746,669,35.7456,-119.2365
DLO,2019,3,0.00707213578500707,0.04457050655778139,707,35.7456,-119.2365
DLO,2019,4,0,0.01065147132345979,720,35.7456,-119.2365
DLO,2019,5,0,0.0246818974866533,744,35.7456,-119.2365
DLO,2019,6,0,0.00266717199135908,720,35.7456,-119.2365
DLO,2020,1,0.32166890982503366,0.212384666424009,743,35.7456,-119.2365
DLO,2020,2,0.03735632183908046,0.02652089965001856,696,35.7456,-119.2365
DLO,2020,3,0.00961538461538461,0.03080730496619183,728,35.7456,-119.2365
DLO,2020,7,0,0.00144795493415438,742,35.7456,-119.2365
DLO,2020,8,0,0.00153082968581034,730,35.7456,-119.2365
DLO,2020,9,0,0.00240448789108767,718,35.7456,-119.2365
DLO,2020,10,0,0.00720448809302216,744,35.7456,-119.2365
DLO,2020,11,0.09691011235955056,0.06692287782993589,712,35.7456,-119.2365
DLO,2020,12,0.18438761776581428,0.138203274185862,743,35.7456,-119.2365
DLO,2021,1,0.17893217893217894,0.12693285335222876,693,35.7456,-119.2365
DLO,2021,2,0.04207119741100323,0.04081926812087397,618,35.7456,-119.2365
DLO,2021,3,0,0.0243760757009826,740,35.7456,-119.2365
DLO,2021,7,0,0.00111839684054965,742,35.7456,-119.2365
DLO,2021,8,0,0.0017690213600428,721,35.7456,-119.2365
DLO,2021,9,0,0.00228821596026635,718,35.7456,-119.2365
DLO,2021,10,0.0564516129032258,0.02374560994196868,744,35.7456,-119.2365
DLO,2021,11,0.36731843575418993,0.12052020554947172,716,35.7456,-119.2365
DLO,2022,3,0,0.02544756962646895,741,35.7456,-119.2365
DLO,2022,4,0.00139082058414464,0.01070141497737454,719,35.7456,-119.2365
DLO,2023,4,0,0.01654948359091045,718,35.7456,-119.2365
DLO,2023,5,0,0.00739219985963198,738,35.7456,-119.2365
DLO,2023,6,0,0.00818801622551481,688,35.7456,-119.2365
DLO,2023,7,0,0.00123570117087896,740,35.7456,-119.2365
DLO,2023,9,0,0.00715903674946225,709,35.7456,-119.2365
DLO,2023,10,0.0013531799729364,0.01480514574206796,739,35.7456,-119.2365
DLO,2023,11,0.0157593123209169,0.04555104894506515,698,35.7456,-119.2365
DLO,2023,12,0.14189189189189189,0.18995997351177377,740,35.7456,-119.2365
DLO,2024,1,0.21236559139784947,0.2001692271761356,744,35.7456,-119.2365
DLO,2024,2,0.02183406113537117,0.09896064831928136,687,35.7456,-119.2365
DLO,2024,3,0,0.04588728616091628,739,35.7456,-119.2365
DLO,2024,4,0.00557880055788005,0.02559426056655939,717,35.7456,-119.2365
DLO,2024,5,0,0.00753716282260201,740,35.7456,-119.2365
DLO,2024,6,0,0.00207395764745859,719,35.7456,-119.2365
DLO,2024,7,0,0.00148344532279764,739,35.7456,-119.2365
DLO,2024,8,0,0.00195367895830811,742,35.7456,-119.2365
DLO,2024,9,0,0.00430503938421477,720,35.7456,-119.2365
DLO,2024,10,0,0.01237043847050768,744,35.7456,-119.2365
DLO,2024,11,0.0947075208913649,0.12954220649259993,718,35.7456,-119.2365
DWA,2021,3,0,0.03593243572109593,709,38.5794,-121.8569
DWA,2021,4,0.00694444444444444,0.01346978790550363,720,38.5794,-121.8569
DWA,2021,5,0,0.0070588397362041,738,38.5794,-121.8569
DWA,2021,7,0,0.01109081570490624,676,38.5794,-121.8569
DWA,2021,8,0,0.01840222866543248,692,38.5794,-121.8569
DWA,2021,10,0.08559782608695653,0.07756764750142199,736,38.5794,-121.8569
DWA,2021,11,0.2824858757062147,0.1584064921552952,708,38.5794,-121.8569
DWA,2021,12,0.4759124087591241,0.2839326388722653,685,38.5794,-121.8569
DWA,2022,9,0.02089136490250696,0.03733517355416917,718,38.5794,-121.8569
DWA,2022,10,0,0.0453092197095311,736,38.5794,-121.8569
DWA,2022,11,0.02231520223152022,0.06875772843256883,717,38.5794,-121.8569
DWA,2022,12,0.4360699865410498,0.2912001012640217,743,38.5794,-121.8569
DWA,2023,1,0.19425444596443228,0.16941457337645047,731,38.5794,-121.8569
DWA,2023,2,0.10944527736131934,0.08483412898136192,667,38.5794,-121.8569
DWA,2023,3,0.16575342465753426,0.11716332710682964,730,38.5794,-121.8569
DWA,2023,4,0.00558659217877095,0.03212110618691613,716,38.5794,-121.8569
DWA,2023,5,0.02713704206241519,0.03874545820931534,737,38.5794,-121.8569
DWA,2023,6,0.00582241630276564,0.01612492527341974,687,38.5794,-121.8569
DWA,2023,7,0.00136054421768707,0.01413541126514778,735,38.5794,-121.8569
DWA,2023,8,0.0040650406504065,0.01592546777227429,738,38.5794,-121.8569
DWA,2023,9,0.01555869872701555,0.03717990939951959,707,38.5794,-121.8569
DWA,2023,12,0.23149394347240915,0.23452185074724183,743,38.5794,-121.8569
DWA,2024,1,0.3243606998654105,0.27007207967147284,743,38.5794,-121.8569
DWA,2024,2,0.14431486880466474,0.14895672891010686,686,38.5794,-121.8569
DWA,2024,3,0.0553306342780027,0.08038738485767886,741,38.5794,-121.8569
DWA,2024,4,0.02089136490250696,0.06080331454769524,718,38.5794,-121.8569
DWA,2024,5,0.00825309491059147,0.01947695395987394,727,38.5794,-121.8569
DWA,2024,6,0.00605143721633888,0.00809214055108797,661,38.5794,-121.8569
DWA,2024,7,0,0.00930785898477436,739,38.5794,-121.8569
DWA,2024,8,0.00139082058414464,0.01444085201482328,719,38.5794,-121.8569
DWA,2024,12,0.3015006821282401,0.2322548832533129,733,38.5794,-121.8569
E16,2019,1,0.11004126547455297,0.18374192976633644,727,37.0816,-121.5968
E16,2019,2,0.0819423368740516,0.10083322749757216,659,37.0816,-121.5968
E16,2019,4,0.03516819571865443,0.06879124486094786,654,37.0816,-121.5968
E16,2019,10,0.0125,0.02379702122545697,720,37.0816,-121.5968
E16,2021,1,0.0955585464333782,0.15640050940191144,743,37.0816,-121.5968
E16,2021,2,0.02529761904761904,0.05501390618173034,672,37.0816,-121.5968
E16,2021,3,0.00942126514131897,0.04514718438877221,743,37.0816,-121.5968
E16,2021,4,0.02094972067039106,0.02489433163912269,716,37.0816,-121.5968
E16,2021,5,0.02688172043010752,0.02411359790365226,744,37.0816,-121.5968
E16,2021,6,0.01666666666666666,0.02196877553255439,720,37.0816,-121.5968
E16,2022,1,0.1117092866756393,0.13621820214619387,743,37.0816,-121.5968
E16,2022,2,0.01345291479820627,0.02049756426327988,669,37.0816,-121.5968
E16,2022,3,0.0161507402422611,0.0395867683222639,743,37.0816,-121.5968
E16,2022,4,0.03611111111111111,0.03779999351431292,720,37.0816,-121.5968
E16,2022,5,0.00134589502018842,0.01993406550248352,743,37.0816,-121.5968
E16,2022,6,0,0.02021338472008614,720,37.0816,-121.5968
E16,2022,7,0.00403225806451612,0.02975074417300156,744,37.0816,-121.5968
E16,2022,8,0.04704301075268817,0.0373716819189584,744,37.0816,-121.5968
E16,2022,9,0.02777777777777777,0.046636153542688893,720,37.0816,-121.5968
E16,2022,10,0.12096774193548387,0.0706266195958315,744,37.0816,-121.5968
E16,2022,11,0.03486750348675035,0.09790646317778635,717,37.0816,-121.5968
E16,2022,12,0.2862903225806452,0.2559232600609101,744,37.0816,-121.5968
E16,2023,1,0.13844086021505375,0.14927368774579497,744,37.0816,-121.5968
E16,2023,2,0.07335329341317365,0.06705924348757898,668,37.0816,-121.5968
E16,2023,3,0.13593539703903096,0.10777763696606768,743,37.0816,-121.5968
E16,2023,4,0.02253521126760563,0.04523040331747632,710,37.0816,-121.5968
E16,2023,5,0.02018842530282637,0.04979742010839128,743,37.0816,-121.5968
E16,2023,6,0.02414772727272727,0.03295123261308286,704,37.0816,-121.5968
E16,2023,7,0.04054054054054054,0.03111573465111841,740,37.0816,-121.5968
E16,2023,8,0.0282258064516129,0.04073369753799246,744,37.0816,-121.5968
E16,2024,2,0.16448326055312956,0.1094562799991427,687,37.0816,-121.5968
E16,2024,3,0.12244897959183672,0.07223546310299438,735,37.0816,-121.5968
E16,2024,4,0.06666666666666667,0.06027531739762505,720,37.0816,-121.5968
E16,2024,5,0.10080645161290322,0.03645409663412494,744,37.0816,-121.5968
E16,2024,6,0.08228730822873083,0.02649905590724974,717,37.0816,-121.5968
E16,2024,7,0.02032520325203252,0.0298706307525489,738,37.0816,-121.5968
E16,2024,8,0.00683994528043775,0.03520441973601339,731,37.0816,-121.5968
E16,2024,9,0.03472222222222222,0.0488091516677135,720,37.0816,-121.5968
E16,2024,10,0.01478494623655914,0.04355827975665815,744,37.0816,-121.5968
E16,2024,11,0.05586592178770949,0.12413419046105592,716,37.0816,-121.5968
E16,2024,12,0.19293478260869565,0.19227430493502537,736,37.0816,-121.5968
EED,2019,1,0.01944444444444444,0.03817074198854647,720,34.7664,-114.6233
EED,2019,2,0.01043219076005961,0.01940387174443393,671,34.7664,-114.6233
EED,2019,3,0.0013477088948787,0.00402164584649551,742,34.7664,-114.6233
EED,2019,4,0,0.00167345562826722,719,34.7664,-114.6233
EED,2019,5,0,0.00174747550769798,743,34.7664,-114.6233
EED,2019,6,0,8.547265857891439e-4,720,34.7664,-114.6233
EED,2020,1,0,0.01295315663971495,732,34.7664,-114.6233
EED,2020,2,0.0043103448275862,0.00308157652460945,696,34.7664,-114.6233
EED,2020,3,0.02425876010781671,0.01296942275416952,742,34.7664,-114.6233
EED,2020,4,0.00416666666666666,0.00314817720007138,720,34.7664,-114.6233
EED,2020,5,0,9.40489598229016e-4,743,34.7664,-114.6233
EED,2020,6,0,8.743983569547202e-4,718,34.7664,-114.6233
EED,2021,1,0,0.0127171477713179,744,34.7664,-114.6233
EED,2021,2,0,0.00277027474120594,666,34.7664,-114.6233
EED,2021,3,0,0.00362306984121413,743,34.7664,-114.6233
EED,2021,4,0,0.00129931907634201,712,34.7664,-114.6233
EED,2021,5,0,9.336536475632971e-4,742,34.7664,-114.6233
EED,2021,6,0,9.080706879919432e-4,718,34.7664,-114.6233
EED,2021,7,0,0.00165538915191499,726,34.7664,-114.6233
EED,2021,8,0,0.00121942153252319,719,34.7664,-114.6233
EED,2021,9,0,0.00248299325997134,716,34.7664,-114.6233
EED,2021,12,0,0.02223752535786417,742,34.7664,-114.6233
EED,2022,1,0,0.00437459551716118,744,34.7664,-114.6233
EED,2022,2,0,0.00314334844509361,671,34.7664,-114.6233
EED,2022,3,0,0.00277440124679284,742,34.7664,-114.6233
EED,2022,4,0,0.00124802440372554,720,34.7664,-114.6233
EED,2022,5,0,9.103599505723678e-4,742,34.7664,-114.6233
EED,2022,6,0,8.924127446606714e-4,719,34.7664,-114.6233
EED,2023,1,0.00403225806451612,0.02626716553421956,744,34.7664,-114.6233
EED,2023,2,0,0.00565780200814665,618,34.7664,-114.6233
EED,2023,3,0.00539811066126855,0.00896804641381436,741,34.7664,-114.6233
EED,2023,4,0,0.001150563690979,714,34.7664,-114.6233
EED,2023,5,0,0.00114763382065262,744,34.7664,-114.6233
EED,2023,6,0,9.300106518185582e-4,719,34.7664,-114.6233
EED,2023,7,0,8.737229028909457e-4,744,34.7664,-114.6233
EED,2023,8,0.00269541778975741,0.00324702688829842,742,34.7664,-114.6233
EED,2023,9,0.00138888888888888,0.00342197177839504,720,34.7664,-114.6233
EED,2023,10,0,0.00181964287486724,743,34.7664,-114.6233
EED,2023,11,0,0.01111265387903953,718,34.7664,-114.6233
EED,2023,12,0,0.01696086236929726,743,34.7664,-114.6233
EED,2024,1,0.00944669365721997,0.03077146033998377,741,34.7664,-114.6233
EED,2024,2,0.00301204819277108,0.01635563644336491,664,34.7664,-114.6233
EED,2024,3,0.00405405405405405,0.00540837244299001,740,34.7664,-114.6233
EED,2024,4,0,0.00232843179786798,719,34.7664,-114.6233
EED,2024,5,0,9.69298405232457e-4,743,34.7664,-114.6233
EED,2024,6,0,8.64401081789373e-4,719,34.7664,-114.6233
EED,2024,7,0,9.06142356407438e-4,744,34.7664,-114.6233
EED,2024,8,0,0.00101141193887889,744,34.7664,-114.6233
EED,2024,9,0,0.00104110950503834,720,34.7664,-114.6233
EED,2024,10,0,0.00145217031130637,742,34.7664,-114.6233
EED,2024,11,0,0.0034284758809215,668,34.7664,-114.6233
EED,2024,12,0,0.00550189938669927,729,34.7664,-114.6233
FAT,2019,1,0.1975806451612903,0.1352860111335132,744,36.78,-119.7194
FAT,2019,2,0.04910714285714285,0.07939583830028867,672,36.78,-119.7194
FAT,2019,3,0.0215633423180593,0.05694195256649135,742,36.78,-119.7194
FAT,2019,4,0.00972222222222222,0.02654887612192801,720,36.78,-119.7194
FAT,2019,5,0.01747311827956989,0.03166911620682704,744,36.78,-119.7194
FAT,2019,6,0,0.00595694441703258,715,36.78,-119.7194
FAT,2019,7,0,0.00197669841200163,744,36.78,-119.7194
FAT,2019,8,0,0.00216472514256055,743,36.78,-119.7194
FAT,2019,9,0,0.00400078003631544,719,36.78,-119.7194
FAT,2019,10,0.00134408602150537,0.00743140177726144,744,36.78,-119.7194
FAT,2019,11,0.01398601398601398,0.05170446720749296,715,36.78,-119.7194
FAT,2019,12,0.2620967741935484,0.15844900394859973,744,36.78,-119.7194
FAT,2020,1,0.4422043010752688,0.1700871538255684,744,36.78,-119.7194
FAT,2020,2,0.02877697841726619,0.03326133816518063,695,36.78,-119.7194
FAT,2020,3,0.02422611036339165,0.03737617271900939,743,36.78,-119.7194
FAT,2020,4,0.01825842696629213,0.04002325322261221,712,36.78,-119.7194
FAT,2020,5,0,0.00629853637098471,741,36.78,-119.7194
FAT,2020,6,0,0.00271956792951193,718,36.78,-119.7194
FAT,2020,7,0,0.00189609868027397,742,36.78,-119.7194
FAT,2020,8,0,0.00215737715472867,743,36.78,-119.7194
FAT,2020,9,0,0.00499277842878422,719,36.78,-119.7194
FAT,2020,10,0,0.01022363869568473,744,36.78,-119.7194
FAT,2020,11,0.04456824512534819,0.05205710268106628,718,36.78,-119.7194
FAT,2020,12,0.27088948787061995,0.1175434952146798,742,36.78,-119.7194
FAT,2021,1,0.23149394347240915,0.12078620905244929,743,36.78,-119.7194
FAT,2021,2,0.01785714285714285,0.05111814386916757,672,36.78,-119.7194
FAT,2021,3,0.0094722598105548,0.03139635299474848,739,36.78,-119.7194
FAT,2021,4,0,0.01006438189832041,717,36.78,-119.7194
FAT,2021,5,0,0.00340719557531376,742,36.78,-119.7194
FAT,2021,6,0,0.001865439631365,720,36.78,-119.7194
FAT,2021,7,0,0.00125837520676659,726,36.78,-119.7194
FAT,2021,8,0,0.00193157214020955,741,36.78,-119.7194
FAT,2021,9,0,0.00315601726765951,718,36.78,-119.7194
FAT,2021,10,0.03903095558546433,0.0315892188359349,743,36.78,-119.7194
FAT,2021,11,0.40807799442896936,0.11804253338303672,718,36.78,-119.7194
FAT,2021,12,0.3951612903225806,0.17982728042237972,744,36.78,-119.7194
FAT,2022,1,0.37347767253044656,0.14419812372859178,739,36.78,-119.7194
FAT,2022,2,0.03720238095238095,0.03030070350870942,672,36.78,-119.7194
FAT,2022,3,0.0175913396481732,0.02457463518963403,739,36.78,-119.7194
FAT,2022,4,0.00139082058414464,0.01099483235023516,719,36.78,-119.7194
FAT,2022,5,0,0.00269776284917461,742,36.78,-119.7194
FAT,2022,6,0,0.00163132212593016,719,36.78,-119.7194
FAT,2022,7,0,0.00147412243481945,744,36.78,-119.7194
FAT,2022,8,0,0.00151912726946555,735,36.78,-119.7194
FAT,2022,9,0,0.00696503835857873,717,36.78,-119.7194
FAT,2022,10,0,0.01064362986035512,744,36.78,-119.7194
FAT,2022,11,0.07391910739191074,0.06773986297958651,717,36.78,-119.7194
FAT,2022,12,0.4771505376344086,0.20153166763221603,744,36.78,-119.7194
FAT,2023,1,0.22010869565217392,0.14556816908968714,736,36.78,-119.7194
FAT,2023,2,0.11458333333333331,0.08755283015385171,672,36.78,-119.7194
FAT,2023,3,0.04353741496598639,0.0895411680435103,735,36.78,-119.7194
FAT,2023,4,0,0.01996061064103537,717,36.78,-119.7194
FAT,2023,5,0.0027063599458728,0.0109303676453482,739,36.78,-119.7194
FAT,2023,6,0,0.01067442459502167,720,36.78,-119.7194
FAT,2023,7,0,0.00175039109660335,744,36.78,-119.7194
FAT,2023,8,0.00403225806451612,0.00639785182682962,744,36.78,-119.7194
FAT,2023,9,0,0.00872762772584489,720,36.78,-119.7194
FAT,2023,10,0,0.01685167431439553,744,36.78,-119.7194
FAT,2023,11,0.00139275766016713,0.04901548887839382,718,36.78,-119.7194
FAT,2023,12,0.13306451612903225,0.14258466643201168,744,36.78,-119.7194
FAT,2024,1,0.28897849462365593,0.16262872894551175,744,36.78,-119.7194
FAT,2024,2,0.04166666666666666,0.09623014714117913,696,36.78,-119.7194
FAT,2024,3,0.01486486486486486,0.05241430384882512,740,36.78,-119.7194
FAT,2024,4,0.01527777777777777,0.03933277345382117,720,36.78,-119.7194
FAT,2024,5,0.00403225806451612,0.00972960682412777,744,36.78,-119.7194
FAT,2024,6,0,0.00326715935217281,720,36.78,-119.7194
FAT,2024,7,0,0.0022779329152115,742,36.78,-119.7194
FAT,2024,8,0,0.00295089543707886,744,36.78,-119.7194
FAT,2024,9,0,0.00623602563161208,720,36.78,-119.7194
FAT,2024,10,0.0053763440860215,0.01327005091501319,744,36.78,-119.7194
FAT,2024,11,0.12534818941504178,0.08176066069923728,718,36.78,-119.7194
FAT,2024,12,0.4619565217391304,0.18164970380957643,736,36.78,-119.7194
FCH,2019,2,0.0916030534351145,0.05273462434366829,655,36.7321,-119.8203
FCH,2019,3,0.04377564979480164,0.03806170214094329,731,36.7321,-119.8203
FCH,2019,4,0.00979020979020979,0.01700484671172445,715,36.7321,-119.8203
FCH,2019,5,0.03918918918918919,0.01939643726517396,740,36.7321,-119.8203
FCH,2019,6,0,0.00329600700149765,720,36.7321,-119.8203
FCH,2019,7,0,0.00177213532406462,731,36.7321,-119.8203
FCH,2019,8,0,0.00215455606039651,741,36.7321,-119.8203
FCH,2019,9,0,0.0038051365040479,717,36.7321,-119.8203
FCH,2019,10,0.00135685210312075,0.00865986023421729,737,36.7321,-119.8203
FCH,2019,12,0.3013513513513513,0.2970085157836611,740,36.7321,-119.8203
FCH,2020,4,0.03097345132743362,0.02460914437673164,678,36.7321,-119.8203
FCH,2023,12,0.2354533152909337,0.2950005194831372,739,36.7321,-119.8203
FCH,2024,1,0.35618279569892475,0.25005456626318867,744,36.7321,-119.8203
FCH,2024,2,0.12354651162790696,0.0800723016003504,688,36.7321,-119.8203
FCH,2024,3,0.04588394062078273,0.03709510253087521,741,36.7321,-119.8203
FCH,2024,4,0.02225312934631432,0.02636387380683906,719,36.7321,-119.8203
FCH,2024,5,0.0059347181008902,0.00563151811478239,674,36.7321,-119.8203
FCH,2024,6,0,0.00218290873777328,720,36.7321,-119.8203
FCH,2024,7,0,0.00212003860015028,743,36.7321,-119.8203
FCH,2024,8,0,0.00269445600039415,726,36.7321,-119.8203
IPL,2019,2,0.00149253731343283,0.01374930279961884,670,32.8342,-115.5787
IPL,2019,3,0.00135685210312075,0.00618974853331018,737,32.8342,-115.5787
IPL,2019,4,0,0.00266817494183687,714,32.8342,-115.5787
IPL,2019,5,0,0.00372403792066643,699,32.8342,-115.5787
IPL,2019,6,0,0.0017120292203565,668,32.8342,-115.5787
IPL,2019,7,0,0.00135335974747345,742,32.8342,-115.5787
IPL,2019,8,0,0.00165955737361156,744,32.8342,-115.5787
IPL,2019,9,0.00138888888888888,0.00521218017586054,720,32.8342,-115.5787
IPL,2019,10,0,0.00237054660630225,743,32.8342,-115.5787
IPL,2019,11,0.00836820083682008,0.01659507907719534,717,32.8342,-115.5787
IPL,2019,12,0.0472972972972973,0.04529539338231238,740,32.8342,-115.5787
IPL,2020,3,0.03301237964236588,0.01821331189755744,727,32.8342,-115.5787
IPL,2020,4,0.00711237553342816,0.0079861695202237,703,32.8342,-115.5787
IPL,2020,5,0,0.00176252915640674,744,32.8342,-115.5787
IPL,2020,6,0,0.00137664735440113,720,32.8342,-115.5787
IPL,2021,1,0.01747311827956989,0.01953480237607045,744,32.8342,-115.5787
IPL,2021,2,0,0.00517692450786869,669,32.8342,-115.5787
IPL,2021,3,0,0.00434938162407385,739,32.8342,-115.5787
IPL,2021,4,0,0.00216932151044075,718,32.8342,-115.5787
IPL,2021,5,0,0.00197143854167873,743,32.8342,-115.5787
IPL,2021,6,0,0.00120805972498298,720,32.8342,-115.5787
IPL,2021,7,0,0.00149348609735136,743,32.8342,-115.5787
IPL,2021,8,0.00134408602150537,0.00178264217835823,744,32.8342,-115.5787
IPL,2021,9,0.00278551532033426,0.00300964778965315,718,32.8342,-115.5787
IPL,2021,10,0.0053763440860215,0.00612547890607377,744,32.8342,-115.5787
IPL,2021,11,0,0.00912166972729292,715,32.8342,-115.5787
IPL,2021,12,0.00134408602150537,0.02070961478696723,744,32.8342,-115.5787
IPL,2022,1,0,0.00694849510166746,744,32.8342,-115.5787
IPL,2022,2,0,0.00271077831527704,670,32.8342,-115.5787
IPL,2022,3,0,0.00285799469166431,743,32.8342,-115.5787
IPL,2022,4,0,0.00283897195694001,719,32.8342,-115.5787
IPL,2022,5,0,0.00165870215864889,744,32.8342,-115.5787
IPL,2022,6,0,0.00128146022891289,720,32.8342,-115.5787
IPL,2023,1,0.01211305518169582,0.02229677386195518,743,32.8342,-115.5787
IPL,2023,2,0,0.0066511337596992,662,32.8342,-115.5787
IPL,2023,3,0.00134589502018842,0.00706957880981657,743,32.8342,-115.5787
IPL,2023,4,0,0.00230423091755017,716,32.8342,-115.5787
IPL,2023,5,0,0.00245093955985216,743,32.8342,-115.5787
IPL,2023,6,0,0.00202772759197008,720,32.8342,-115.5787
IPL,2023,8,0.0100864553314121,0.00727084670410429,694,32.8342,-115.5787
IPL,2023,9,0.0044378698224852,0.00501902060467507,676,32.8342,-115.5787
IPL,2023,10,0,0.00422388220238266,741,32.8342,-115.5787
IPL,2023,11,0.03203342618384401,0.01835822834682581,718,32.8342,-115.5787
IPL,2023,12,0.00673854447439353,0.03230863725631611,742,32.8342,-115.5787
L08,2019,1,0.07084468664850137,0.07444137046671896,734,33.259,-116.321
L08,2019,2,0.0044776119402985,0.04044197810276884,670,33.259,-116.321
L08,2019,3,0.00279720279720279,0.01352723473870241,715,33.259,-116.321
L08,2019,4,0,0.00420069682634978,720,33.259,-116.321
L08,2019,5,0,0.00576336751268953,743,33.259,-116.321
L08,2019,8,0,0.00133338836075065,742,33.259,-116.321
L08,2019,9,0,0.00439825403769789,708,33.259,-116.321
L08,2019,10,0,0.00255253369640183,744,33.259,-116.321
L08,2019,11,0,0.03839880703959139,718,33.259,-116.321
L08,2019,12,0.0336021505376344,0.1258580033743744,744,33.259,-116.321
L08,2020,1,0,0.026126044764191,741,33.259,-116.321
L08,2020,2,0,0.00714384843316063,692,33.259,-116.321
L08,2020,3,0.01643835616438356,0.0249847080788977,730,33.259,-116.321
L08,2020,4,0,0.01377747382859707,718,33.259,-116.321
L08,2020,5,0,0.00258206054974099,743,33.259,-116.321
L08,2020,6,0,0.00168600867424781,720,33.259,-116.321
L08,2021,1,0,0.02950446084894075,735,33.259,-116.321
L08,2021,2,0,0.0070001767245589,667,33.259,-116.321
L08,2021,3,0,0.00830467525292865,742,33.259,-116.321
L08,2021,4,0,0.00291539036287841,715,33.259,-116.321
L08,2021,5,0,0.00281697339587247,741,33.259,-116.321
L08,2021,6,0,0.00109546993452551,717,33.259,-116.321
L08,2021,7,0,0.0023775857700985,744,33.259,-116.321
L08,2021,8,0,0.00196854846929098,736,33.259,-116.321
L08,2021,9,0,0.002779290330331,718,33.259,-116.321
L08,2021,10,0,0.00617102899543549,728,33.259,-116.321
L08,2021,11,0,0.00430613923717713,709,33.259,-116.321
L08,2021,12,0,0.07503218065437584,740,33.259,-116.321
L08,2022,7,0,0.00173866698906342,743,33.259,-116.321
L08,2022,8,0,0.00359830672002112,744,33.259,-116.321
L08,2022,9,0.00138888888888888,0.00874131335852628,720,33.259,-116.321
L08,2022,10,0,0.00650968160100033,744,33.259,-116.321
L08,2022,11,0,0.01681437395900134,717,33.259,-116.321
L08,2022,12,0.00134589502018842,0.04847103554124331,743,33.259,-116.321
L08,2023,1,0.00403768506056527,0.0778847920158715,743,33.259,-116.321
L08,2023,2,0.00455235204855842,0.01748163030925878,659,33.259,-116.321
L08,2023,3,0,0.02538175146312553,740,33.259,-116.321
L08,2023,4,0,0.00336976783962907,720,33.259,-116.321
L08,2023,5,0,0.00347516229774792,736,33.259,-116.321
L08,2023,6,0,0.00235010576375155,707,33.259,-116.321
L08,2024,1,0.01907356948228883,0.06420457689662537,734,33.259,-116.321
L08,2024,2,0,0.03395247357772742,687,33.259,-116.321
L08,2024,3,0.00404858299595141,0.01410380615870054,741,33.259,-116.321
L08,2024,4,0,0.00565819724312556,720,33.259,-116.321
L08,2024,5,0,0.0026437801556551,732,33.259,-116.321
L08,2024,6,0,0.001205003535636,719,33.259,-116.321
L08,2024,7,0,0.00100558679870395,736,33.259,-116.321
L08,2024,8,0,0.00139928613107924,738,33.259,-116.321
L08,2024,9,0,0.0022574998509501,720,33.259,-116.321
L08,2024,10,0,0.00319256454062152,744,33.259,-116.321
L08,2024,11,0,0.01376011387490169,717,33.259,-116.321
L08,2024,12,0,0.01623697410129994,693,33.259,-116.321
L52,2019,1,0.1935483870967742,0.1473720984512149,744,35.1015,-120.6224
L52,2019,2,0.14477611940298507,0.09509640117036874,670,35.1015,-120.6224
L52,2019,3,0.1837837837837838,0.10217420081828242,740,35.1015,-120.6224
L52,2019,4,0.35555555555555557,0.08907930312238427,720,35.1015,-120.6224
L52,2019,5,0.1657681940700809,0.0994626676834457,742,35.1015,-120.6224
L52,2019,6,0.2863187588152327,0.09453585724003498,709,35.1015,-120.6224
L52,2019,8,0.4670255720053836,0.09625930039363775,743,35.1015,-120.6224
L52,2019,9,0.21974965229485396,0.0678137350074237,719,35.1015,-120.6224
L52,2019,10,0.14650537634408603,0.03326067065814465,744,35.1015,-120.6224
L52,2019,11,0.27019498607242337,0.08064984357371034,718,35.1015,-120.6224
L52,2019,12,0.13844086021505375,0.11747584828571166,744,35.1015,-120.6224
L52,2020,1,0.063257065948856,0.06924066581283252,743,35.1015,-120.6224
L52,2020,2,0.14121037463976946,0.04910794419578011,694,35.1015,-120.6224
L52,2020,3,0.1284153005464481,0.08980545461180371,732,35.1015,-120.6224
L52,2020,4,0.19444444444444445,0.0757268164575281,720,35.1015,-120.6224
L52,2020,5,0.42934051144010765,0.06107247520606679,743,35.1015,-120.6224
L52,2020,6,0.3370473537604457,0.06804487269149943,718,35.1015,-120.6224
L52,2021,1,0.1891891891891892,0.09183104685507716,740,35.1015,-120.6224
L52,2021,2,0.1592261904761905,0.05702621879754588,672,35.1015,-120.6224
L52,2021,3,0.3364737550471063,0.0632292312246523,743,35.1015,-120.6224
L52,2021,4,0.2881118881118881,0.05373494816175499,715,35.1015,-120.6224
L52,2021,5,0.46226415094339623,0.05839935832624286,742,35.1015,-120.6224
L52,2021,6,0.407510431154381,0.07129338239766501,719,35.1015,-120.6224
L52,2021,7,0.41935483870967744,0.07892063685808011,744,35.1015,-120.6224
L52,2021,8,0.4669365721997301,0.09402775697035566,741,35.1015,-120.6224
L52,2021,9,0.6236111111111111,0.09735445710474676,720,35.1015,-120.6224
L52,2021,10,0.456043956043956,0.08310851222479838,728,35.1015,-120.6224
L52,2021,11,0.27450980392156865,0.07777683972446274,714,35.1015,-120.6224
L52,2021,12,0.26180836707152494,0.1454952248766787,741,35.1015,-120.6224
L52,2022,1,0.2560646900269542,0.06599710226614992,742,35.1015,-120.6224
L52,2022,2,0.1845238095238095,0.02837463876009375,672,35.1015,-120.6224
L52,2022,3,0.32476319350473615,0.05256315382230266,739,35.1015,-120.6224
L52,2022,4,0.33611111111111114,0.04957139005742243,720,35.1015,-120.6224
L52,2022,5,0.4522207267833109,0.03607454536104146,743,35.1015,-120.6224
L52,2022,6,0.5412587412587413,0.04210554592659814,715,35.1015,-120.6224
L52,2022,7,0.3787061994609165,0.0777742089913917,742,35.1015,-120.6224
L52,2022,8,0.4663978494623656,0.08195210906948584,744,35.1015,-120.6224
L52,2022,9,0.45416666666666666,0.09166341557979144,720,35.1015,-120.6224
L52,2022,10,0.42219215155615697,0.0979847812852463,739,35.1015,-120.6224
L52,2022,11,0.19134078212290503,0.05508535728199985,716,35.1015,-120.6224
L52,2022,12,0.5243243243243243,0.16532655838889548,740,35.1015,-120.6224
L52,2023,1,0.566621803499327,0.1197558374114054,743,35.1015,-120.6224
L52,2023,2,0.18137254901960784,0.05967414121902882,612,35.1015,-120.6224
MCC,2019,1,0.3115646258503401,0.08594842057431205,735,38.667,-121.4006
MCC,2019,3,0.05248990578734858,0.045877455540683267,743,38.667,-121.4006
MCC,2019,5,0.01747311827956989,0.02035625725826536,744,38.667,-121.4006
MCC,2019,6,0.00138888888888888,0.00403893701990859,720,38.667,-121.4006
MCC,2019,7,0,0.00365685962535808,744,38.667,-121.4006
MCC,2019,9,0.00138888888888888,0.00780604700865094,720,38.667,-121.4006
MCC,2019,10,0,0.00526208062811131,744,38.667,-121.4006
MCC,2019,11,0.02785515320334261,0.03055852376406786,718,38.667,-121.4006
MCC,2019,12,0.23994452149791956,0.10808839060911254,721,38.667,-121.4006
MCC,2020,1,0.33951497860199714,0.08562480161875252,701,38.667,-121.4006
MCC,2020,2,0.04748201438848921,0.01975302601345352,695,38.667,-121.4006
MCC,2020,4,0.02089136490250696,0.02024600603896605,718,38.667,-121.4006
MCC,2020,5,0.00546448087431694,0.01056050596009021,732,38.667,-121.4006
MCC,2020,6,0,0.00263306776173205,718,38.667,-121.4006
MCC,2021,1,0.30148048452220727,0.06966645550962054,743,38.667,-121.4006
MCC,2021,2,0.04947526236881559,0.0296515034033632,667,38.667,-121.4006
MCC,2021,3,0.00285714285714285,0.01778665925409378,700,38.667,-121.4006
MCC,2021,4,0.00694444444444444,0.00541853691102005,720,38.667,-121.4006
MCC,2021,5,0,0.0035094140179914,743,38.667,-121.4006
MCC,2021,6,0,0.00289824886805739,654,38.667,-121.4006
MCC,2021,7,0,0.0038523626494533,744,38.667,-121.4006
MCC,2021,8,0,0.0046337543537193,744,38.667,-121.4006
MCC,2021,11,0.3732394366197183,0.08900536957875707,710,38.667,-121.4006
MCC,2021,12,0.521505376344086,0.1261614507398448,744,38.667,-121.4006
MCC,2022,1,0.3162853297442799,0.07966527515993495,743,38.667,-121.4006
MCC,2022,2,0.03422619047619048,0.0150824377711355,672,38.667,-121.4006
MCC,2022,3,0.03581267217630854,0.01614462833042762,726,38.667,-121.4006
MCC,2022,4,0.03055555555555555,0.01607860276708379,720,38.667,-121.4006
MCC,2022,5,0,0.00363948507214999,742,38.667,-121.4006
MCC,2022,6,0.00416666666666666,0.00332198839088151,720,38.667,-121.4006
MCC,2022,7,0,0.00442317698514827,744,38.667,-121.4006
MCC,2022,8,0,0.0043374767603812,744,38.667,-121.4006
MCC,2022,9,0.00833333333333333,0.01061287445926508,720,38.667,-121.4006
MCC,2022,10,0,0.0102308403692923,744,38.667,-121.4006
MCC,2022,11,0.05153203342618384,0.03537692668770562,718,38.667,-121.4006
MCC,2022,12,0.5349462365591398,0.13805311437888992,744,38.667,-121.4006
MCC,2023,1,0.19236016371077763,0.06715127740641053,733,38.667,-121.4006
MCC,2023,2,0.1033434650455927,0.03848296323314162,658,38.667,-121.4006
MCC,2023,3,0.10242587601078168,0.04986738181573206,742,38.667,-121.4006
MCC,2023,4,0.00416666666666666,0.0132430113986225,720,38.667,-121.4006
MCC,2023,5,0.01482479784366576,0.01308142099337466,742,38.667,-121.4006
MCC,2023,6,0,0.00570260540076156,720,38.667,-121.4006
MCC,2023,7,0,0.00422662978454227,744,38.667,-121.4006
MCC,2023,8,0,0.00482849398614402,743,38.667,-121.4006
MCC,2023,9,0.00841514726507713,0.00964359061460717,713,38.667,-121.4006
MCC,2023,10,0.0107671601615074,0.01669257767636374,743,38.667,-121.4006
MCC,2023,12,0.10668563300142248,0.09704743549300578,703,38.667,-121.4006
MCC,2024,1,0.05539772727272727,0.0985641710427775,704,38.667,-121.4006
MCC,2024,2,0.05606060606060606,0.05538372568747339,660,38.667,-121.4006
MCC,2024,3,0.04993252361673414,0.03208245373096608,741,38.667,-121.4006
MCC,2024,4,0.0238095238095238,0.02260896893699473,714,38.667,-121.4006
MCC,2024,5,0.01344086021505376,0.0084183786437729,744,38.667,-121.4006
MCC,2024,6,0,0.00274337879689281,720,38.667,-121.4006
MCC,2024,7,0,0.00302058669395649,743,38.667,-121.4006
MCC,2024,8,0,0.0038761618403047,715,38.667,-121.4006
MCC,2024,10,0.00674763832658569,0.00904257398355732,741,38.667,-121.4006
MCC,2024,11,0.1159217877094972,0.04965392815036303,716,38.667,-121.4006
MCC,2024,12,0.4565217391304347,0.11325355106490188,736,38.667,-121.4006
MHV,2019,1,0.05034013605442176,0.04854187048990659,735,35.059,-118.152
MHV,2019,2,0.05952380952380952,0.04133232789250282,672,35.059,-118.152
MHV,2019,3,0.02560646900269541,0.01836794478380412,742,35.059,-118.152
MHV,2019,4,0,0.00427649629362147,720,35.059,-118.152
MHV,2019,5,0,0.01011556023295467,739,35.059,-118.152
MHV,2019,6,0,0.00136477900297096,720,35.059,-118.152
MHV,2019,7,0,0.00111314326138981,743,35.059,-118.152
MHV,2019,8,0,0.00132257759089596,736,35.059,-118.152
MHV,2019,9,0,0.00231918291966495,720,35.059,-118.152
MHV,2019,10,0,0.00239045654175682,744,35.059,-118.152
MHV,2019,11,0.04323570432357043,0.02886091816949241,717,35.059,-118.152
MHV,2019,12,0.07407407407407407,0.07377178973961616,729,35.059,-118.152
MHV,2020,1,0,0.03426489272373596,743,35.059,-118.152
MHV,2020,2,0,0.00622725210063789,695,35.059,-118.152
MHV,2020,3,0.04710632570659488,0.02176289637945968,743,35.059,-118.152
MHV,2020,4,0.07670850767085077,0.02168060804901039,717,35.059,-118.152
MHV,2020,5,0,0.00224129745508028,731,35.059,-118.152
MHV,2020,6,0,0.00148555062567958,715,35.059,-118.152
MHV,2020,7,0,0.00113064222316053,738,35.059,-118.152
MHV,2020,8,0,0.00124782987061231,695,35.059,-118.152
MHV,2020,9,0,0.00183264863179838,717,35.059,-118.152
MHV,2020,10,0,0.00333330625391525,744,35.059,-118.152
MHV,2020,11,0.00557103064066852,0.01117011019724945,718,35.059,-118.152
MHV,2020,12,0.00737463126843657,0.02187663175963733,678,35.059,-118.152
MHV,2021,2,0.00297619047619047,0.01267704850925795,672,35.059,-118.152
MHV,2021,4,0,0.00234775153544938,720,35.059,-118.152
MHV,2021,5,0,0.00153178348462662,742,35.059,-118.152
MHV,2021,6,0,0.00107741936947943,676,35.059,-118.152
MHV,2021,7,0,0.0011815055286513,741,35.059,-118.152
MHV,2021,8,0,0.00129927483996474,743,35.059,-118.152
MHV,2022,2,0.00446428571428571,0.00451984149263548,672,35.059,-118.152
MHV,2022,3,0.00550206327372764,0.00764345250595578,727,35.059,-118.152
MHV,2022,5,0,0.00185018125005956,693,35.059,-118.152
MHV,2022,6,0,0.00171696964694822,648,35.059,-118.152
MHV,2022,7,0,0.00123995945119319,685,35.059,-118.152
MHV,2022,10,0,0.00332076182824903,742,35.059,-118.152
MHV,2022,11,0.00976290097629009,0.01777469782084694,717,35.059,-118.152
MHV,2022,12,0.02553763440860215,0.04844439632706194,744,35.059,-118.152
MHV,2023,1,0.04993252361673414,0.06656254290439083,741,35.059,-118.152
MHV,2023,3,0.04979811574697174,0.03745844232421092,743,35.059,-118.152
MHV,2023,4,0,0.00558415016348082,717,35.059,-118.152
MHV,2023,5,0,0.00420139202541406,741,35.059,-118.152
MHV,2023,6,0,0.00391184788063078,720,35.059,-118.152
MHV,2023,7,0,9.686232477824594e-4,744,35.059,-118.152
MHV,2023,8,0,0.01057762360210627,743,35.059,-118.152
MHV,2023,9,0,0.00669650180142424,720,35.059,-118.152
MHV,2023,10,0,0.00536076423891391,744,35.059,-118.152
MHV,2023,11,0.00557103064066852,0.00993828603775372,718,35.059,-118.152
MHV,2023,12,0.00672043010752688,0.03700447779282444,744,35.059,-118.152
MHV,2024,1,0.00268817204301075,0.04738917983336103,744,35.059,-118.152
MHV,2024,2,0,0.05820392301094587,689,35.059,-118.152
MHV,2024,3,0.00134952766531713,0.02176299837607056,741,35.059,-118.152
MHV,2024,4,0,0.01012383064097091,719,35.059,-118.152
MHV,2024,5,0,0.00244442326744632,744,35.059,-118.152
MHV,2024,6,0,0.00143951818722093,720,35.059,-118.152
MHV,2024,7,0,0.00108171375000829,742,35.059,-118.152
MHV,2024,8,0,0.00155685420223026,730,35.059,-118.152
MHV,2024,10,0,0.00472814482836687,722,35.059,-118.152
MHV,2024,11,0,0.017367203035626982,713,35.059,-118.152
MHV,2024,12,0,0.02161038311681851,731,35.059,-118.152
MMH,2019,1,0.02016129032258064,0.09931545724349988,744,37.6241,-118.8388
MMH,2019,2,0.00909090909090909,0.09781974323347888,660,37.6241,-118.8388
MMH,2019,3,0.00674763832658569,0.06234625523109315,741,37.6241,-118.8388
MMH,2019,4,0,0.03783884340793722,720,37.6241,-118.8388
MMH,2019,5,0,0.05124698379011299,744,37.6241,-118.8388
MMH,2019,6,0,0.01571058611193115,720,37.6241,-118.8388
MMH,2019,7,0,0.00983596150857342,743,37.6241,-118.8388
MMH,2019,8,0,0.00581158707389974,743,37.6241,-118.8388
MMH,2019,9,0,0.01308943780899887,710,37.6241,-118.8388
MMH,2019,10,0,0.0065985206714958,735,37.6241,-118.8388
MMH,2019,11,0.00835654596100278,0.04912891612210814,718,37.6241,-118.8388
MMH,2019,12,0.02956989247311828,0.1393290766795236,744,37.6241,-118.8388
MMH,2020,1,0,0.05588740465326061,717,37.6241,-118.8388
MMH,2020,2,0.0015015015015015,0.03369937835795408,666,37.6241,-118.8388
MMH,2020,3,0.0081190798376184,0.05444085971403146,739,37.6241,-118.8388
MMH,2020,4,0,0.05710317653466167,717,37.6241,-118.8388
MMH,2020,5,0,0.01491934512680757,743,37.6241,-118.8388
MMH,2020,6,0,0.00844602341545437,718,37.6241,-118.8388
MMH,2020,7,0,0.00543031448567841,744,37.6241,-118.8388
MMH,2020,8,0,0.00714609039090235,744,37.6241,-118.8388
MMH,2020,9,0,0.00526916070097948,717,37.6241,-118.8388
MMH,2020,10,0,0.00499802701408361,732,37.6241,-118.8388
MMH,2020,11,0,0.0337818879216157,713,37.6241,-118.8388
MMH,2021,1,0.0053835800807537,0.07324149053870332,743,37.6241,-118.8388
MMH,2021,2,0,0.04854014837404802,672,37.6241,-118.8388
MMH,2021,3,0,0.03876461203208176,743,37.6241,-118.8388
MMH,2021,4,0,0.02141510776286436,715,37.6241,-118.8388
MMH,2021,5,0,0.01549957733553927,722,37.6241,-118.8388
MMH,2021,8,0,0.00459558115922845,700,37.6241,-118.8388
MMH,2021,9,0,0.00516203733637997,704,37.6241,-118.8388
MMH,2021,10,0.00418410041841004,0.04042508654154167,717,37.6241,-118.8388
MMH,2021,11,0,0.04994440278985987,715,37.6241,-118.8388
MMH,2021,12,0.00708215297450424,0.12260201832140392,706,37.6241,-118.8388
MMH,2022,1,0,0.05756466698038219,722,37.6241,-118.8388
MMH,2022,3,0,0.04049527874643293,720,37.6241,-118.8388
MMH,2022,4,0,0.02297018937973331,715,37.6241,-118.8388
MMH,2022,5,0,0.01074862367286531,686,37.6241,-118.8388
MMH,2022,8,0,0.01707231481756729,744,37.6241,-118.8388
MMH,2022,10,0,0.00777689505223955,696,37.6241,-118.8388
MMH,2022,11,0.00279329608938547,0.06206888659039705,716,37.6241,-118.8388
MMH,2023,1,0.02960969044414535,0.1258210821743443,743,37.6241,-118.8388
MMH,2023,2,0.00151057401812688,0.06513338710893272,662,37.6241,-118.8388
MMH,2023,3,0.01079622132253711,0.09395315892448931,741,37.6241,-118.8388
MMH,2023,4,0,0.03459918822271801,720,37.6241,-118.8388
MMH,2023,5,0,0.04668129173370754,741,37.6241,-118.8388
MMH,2023,6,0,0.02896093500122715,718,37.6241,-118.8388
MMH,2023,7,0,0.0047566538997544,744,37.6241,-118.8388
MMH,2023,8,0.00403768506056527,0.02072407227463288,743,37.6241,-118.8388
MMH,2023,9,0,0.01741167439637744,720,37.6241,-118.8388
MMH,2023,10,0.02162162162162162,0.02281145544988543,740,37.6241,-118.8388
MMH,2023,11,0,0.03548899521890575,716,37.6241,-118.8388
MMH,2023,12,0.00672947510094212,0.07603575382820389,743,37.6241,-118.8388
MMH,2024,1,0,0.08583558546798555,744,37.6241,-118.8388
MMH,2024,2,0.01017441860465116,0.09762903546432553,688,37.6241,-118.8388
MMH,2024,3,0.00277008310249307,0.06965886954627054,722,37.6241,-118.8388
MMH,2024,4,0,0.04308749518311234,719,37.6241,-118.8388
MMH,2024,5,0,0.02918820995098055,740,37.6241,-118.8388
MMH,2024,6,0,0.0105792985499159,719,37.6241,-118.8388
MMH,2024,7,0,0.00588344411396584,737,37.6241,-118.8388
MMH,2024,8,0,0.00504006472511299,742,37.6241,-118.8388
MMH,2024,9,0,0.01075704271610852,720,37.6241,-118.8388
MMH,2024,10,0.00272108843537414,0.00934983280607733,735,37.6241,-118.8388
MMH,2024,11,0.05742296918767507,0.0559327363693488,714,37.6241,-118.8388
MMH,2024,12,0.02038043478260869,0.08055827441611378,736,37.6241,-118.8388
MRY,2019,1,0.03225806451612903,0.06388810354470205,744,36.5904,-121.8488
MRY,2019,2,0.07898658718330849,0.05385212388497551,671,36.5904,-121.8488
MRY,2019,3,0.04851752021563342,0.05221035634669553,742,36.5904,-121.8488
MRY,2019,4,0.075,0.04662985511563925,720,36.5904,-121.8488
MRY,2019,5,0.05937921727395411,0.05083543396970903,741,36.5904,-121.8488
MRY,2019,6,0.08472222222222223,0.04233995937861942,720,36.5904,-121.8488
MRY,2019,7,0.10810810810810811,0.05019513710269805,740,36.5904,-121.8488
MRY,2019,8,0.14131897711978467,0.05364765500753847,743,36.5904,-121.8488
MRY,2019,9,0.0379746835443038,0.05300618203880158,711,36.5904,-121.8488
MRY,2019,10,0.02688172043010752,0.03712088272364507,744,36.5904,-121.8488
MRY,2019,11,0.17712691771269176,0.07845192841277555,717,36.5904,-121.8488
MRY,2019,12,0.07547169811320754,0.07282296632293542,742,36.5904,-121.8488
MRY,2020,1,0.05376344086021505,0.0566373029974119,744,36.5904,-121.8488
MRY,2020,2,0.03597122302158273,0.04062736483019435,695,36.5904,-121.8488
MRY,2020,3,0.03913630229419703,0.04914449234574772,741,36.5904,-121.8488
MRY,2020,4,0.08519553072625698,0.04453699102211619,716,36.5904,-121.8488
MRY,2020,5,0.02679830747531735,0.04319781040094992,709,36.5904,-121.8488
MRY,2020,6,0.07222222222222222,0.041752854302629,720,36.5904,-121.8488
MRY,2020,7,0.08264462809917356,0.04497238511948259,726,36.5904,-121.8488
MRY,2020,8,0.0228494623655914,0.0496563679787145,744,36.5904,-121.8488
MRY,2020,10,0.18319559228650137,0.04927291200483749,726,36.5904,-121.8488
MRY,2020,11,0.07391910739191074,0.05713936870929368,717,36.5904,-121.8488
MRY,2020,12,0.06873315363881402,0.05866524993113777,742,36.5904,-121.8488
MRY,2021,1,0.08613728129205922,0.06650747851848422,743,36.5904,-121.8488
MRY,2021,2,0.06994047619047619,0.04476764134198588,672,36.5904,-121.8488
MRY,2021,3,0.03913630229419703,0.03857406258410881,741,36.5904,-121.8488
MRY,2021,4,0.04444444444444444,0.03814260680131459,720,36.5904,-121.8488
MRY,2021,5,0.08172362555720654,0.03810734656206256,673,36.5904,-121.8488
MRY,2021,6,0.10555555555555556,0.04347006664756918,720,36.5904,-121.8488
MRY,2021,7,0.1763085399449036,0.04584023119758599,726,36.5904,-121.8488
MRY,2021,8,0.13172043010752688,0.05460459128446546,744,36.5904,-121.8488
MRY,2021,9,0.12517385257301808,0.05919747392327029,719,36.5904,-121.8488
MRY,2021,10,0.06191117092866756,0.05853002724453336,743,36.5904,-121.8488
MRY,2021,11,0.10181311018131102,0.07202230793368097,717,36.5904,-121.8488
MRY,2021,12,0.12382234185733512,0.06981270011353982,743,36.5904,-121.8488
MRY,2022,1,0.07258064516129033,0.0605596508783844,744,36.5904,-121.8488
MRY,2022,2,0.03576751117734724,0.03565607491159609,671,36.5904,-121.8488
MRY,2022,3,0.10569105691056913,0.0474147893324984,738,36.5904,-121.8488
MRY,2022,4,0.04722222222222222,0.03660260366515205,720,36.5904,-121.8488
MRY,2022,5,0.0564516129032258,0.03554161861495075,744,36.5904,-121.8488
MRY,2022,6,0.10416666666666669,0.03799848634662339,720,36.5904,-121.8488
MRY,2022,7,0.14650537634408603,0.04982572941232212,744,36.5904,-121.8488
MRY,2022,8,0.1480484522207268,0.05099314211994349,743,36.5904,-121.8488
MRY,2022,9,0.1125,0.05031026214047516,720,36.5904,-121.8488
MRY,2022,10,0.20698924731182797,0.06708993182532609,744,36.5904,-121.8488
MRY,2022,11,0.03203342618384401,0.05426569044827367,718,36.5904,-121.8488
MRY,2022,12,0.1303763440860215,0.0779746124052733,744,36.5904,-121.8488
MRY,2023,1,0.05284552845528455,0.05670207597001085,738,36.5904,-121.8488
MRY,2023,2,0.04464285714285714,0.04485051880432626,672,36.5904,-121.8488
MRY,2023,3,0.11185983827493262,0.05435112127318797,742,36.5904,-121.8488
MRY,2023,4,0.10555555555555556,0.03625565326397514,720,36.5904,-121.8488
MRY,2023,5,0.14650537634408603,0.04637754163003817,744,36.5904,-121.8488
MRY,2023,6,0.0763888888888889,0.04708953707789381,720,36.5904,-121.8488
MRY,2023,7,0.2271505376344086,0.0441983433387753,744,36.5904,-121.8488
MRY,2023,8,0.12962962962962962,0.05547044616513633,702,36.5904,-121.8488
MRY,2023,9,0.10138888888888888,0.06011799963113541,720,36.5904,-121.8488
MRY,2023,10,0.09543010752688172,0.06356705338425023,744,36.5904,-121.8488
MRY,2023,11,0.02367688022284122,0.06178646966066564,718,36.5904,-121.8488
MRY,2023,12,0.0739247311827957,0.07217564337488805,744,36.5904,-121.8488
MRY,2024,1,0.07816711590296496,0.06402078715486909,742,36.5904,-121.8488
MRY,2024,2,0.05747126436781609,0.05961624704081907,696,36.5904,-121.8488
MRY,2024,3,0.04864864864864865,0.0484081442368758,740,36.5904,-121.8488
MRY,2024,4,0.05138888888888889,0.04333224625766484,720,36.5904,-121.8488
MRY,2024,5,0.07744565217391304,0.04059741006020213,736,36.5904,-121.8488
MRY,2024,6,0.07464788732394366,0.03962066656857414,710,36.5904,-121.8488
MRY,2024,7,0.1791044776119403,0.0473331887940933,737,36.5904,-121.8488
MRY,2024,8,0.15456989247311828,0.05239696473306325,744,36.5904,-121.8488
MRY,2024,9,0.1736111111111111,0.06105596908051262,720,36.5904,-121.8488
MRY,2024,10,0.10029498525073746,0.05075413389986513,678,36.5904,-121.8488
MRY,2024,12,0.10096818810511755,0.06775719825729708,723,36.5904,-121.8488
NTD,2019,1,0.13728129205921938,0.11704072530063628,743,34.12,-119.12
NTD,2019,2,0.06845238095238096,0.05284289945605754,672,34.12,-119.12
NTD,2019,3,0.05787348586810229,0.04345456059018719,743,34.12,-119.12
NTD,2019,4,0.15524475524475526,0.03272441994737495,715,34.12,-119.12
NTD,2019,5,0.09946236559139784,0.03634651368627855,744,34.12,-119.12
NTD,2019,6,0.2763888888888889,0.03313251069436471,720,34.12,-119.12
NTD,2019,7,0.2567204301075269,0.03146714886890784,744,34.12,-119.12
NTD,2019,8,0.24393530997304583,0.03129623724822949,742,34.12,-119.12
NTD,2019,9,0.1375,0.0342100051275338,720,34.12,-119.12
NTD,2019,10,0.03225806451612903,0.03512270556185745,744,34.12,-119.12
NTD,2019,11,0.17548746518105848,0.0817285793905424,718,34.12,-119.12
NTD,2019,12,0.08412483039348712,0.11107660872890808,737,34.12,-119.12
NTD,2020,2,0.10647482014388487,0.03831935341104785,695,34.12,-119.12
NTD,2020,3,0.07267833109017496,0.04450719865320393,743,34.12,-119.12
NTD,2020,4,0.16411682892906815,0.04296660725116699,719,34.12,-119.12
NTD,2020,5,0.1426648721399731,0.02846491999261728,743,34.12,-119.12
NTD,2020,6,0.06397774687065369,0.02508694989085702,719,34.12,-119.12
NTD,2020,7,0.16037735849056603,0.02559137652437341,742,34.12,-119.12
NTD,2020,8,0.180349932705249,0.02776849372948558,743,34.12,-119.12
NTD,2020,9,0.29583333333333334,0.03565561599259834,720,34.12,-119.12
NTD,2020,10,0.16666666666666666,0.0473145587868633,744,34.12,-119.12
NTD,2020,11,0.12813370473537605,0.07747439228852401,718,34.12,-119.12
NTD,2020,12,0.02553763440860215,0.06575482216039648,744,34.12,-119.12
NTD,2021,1,0.03633916554508748,0.06824052955972189,743,34.12,-119.12
NTD,2021,2,0.06110283159463487,0.0352709133937211,671,34.12,-119.12
NTD,2021,3,0.02422611036339165,0.03219729956912571,743,34.12,-119.12
NTD,2021,4,0.04027777777777778,0.02536177122286365,720,34.12,-119.12
NTD,2021,5,0.05390835579514825,0.02747893883960291,742,34.12,-119.12
NTD,2021,6,0.09444444444444444,0.02634823173106673,720,34.12,-119.12
NTD,2021,7,0.04301075268817204,0.02768551710409723,744,34.12,-119.12
NTD,2021,8,0.1129032258064516,0.03193377253210788,744,34.12,-119.12
NTD,2021,9,0.16246498599439776,0.03502944036928548,714,34.12,-119.12
NTD,2021,10,0.09274193548387095,0.04795671619399155,744,34.12,-119.12
NTD,2021,11,0.21368715083798884,0.09396476484932705,716,34.12,-119.12
NTD,2021,12,0.19400855920114124,0.13323985664811672,701,34.12,-119.12
NTD,2022,1,0.0646900269541779,0.08413271623728873,742,34.12,-119.12
NTD,2022,2,0.01639344262295082,0.01835030655570234,671,34.12,-119.12
NTD,2022,3,0.09851551956815116,0.02787194834912432,741,34.12,-119.12
NTD,2022,4,0.06451612903225806,0.02798613440800526,713,34.12,-119.12
NTD,2022,5,0.05668016194331984,0.02688481748396626,741,34.12,-119.12
NTD,2022,6,0.1736111111111111,0.02629905530516731,720,34.12,-119.12
NTD,2022,7,0.21370967741935484,0.02808293950198198,744,34.12,-119.12
NTD,2022,8,0.18353576248313092,0.02822518138250766,741,34.12,-119.12
NTD,2022,10,0.2020497803806735,0.05326684081185838,683,34.12,-119.12
NTD,2022,11,0.07909604519774012,0.07569305513101487,708,34.12,-119.12
NTD,2022,12,0.1711590296495957,0.1417471019778968,742,34.12,-119.12
NTD,2023,1,0.1509433962264151,0.1052573140367936,742,34.12,-119.12
NTD,2023,2,0.08682634730538923,0.0408882686422516,668,34.12,-119.12
NTD,2023,5,0.4017341040462428,0.03911603011010548,692,34.12,-119.12
NTD,2023,6,0.3240611961057024,0.03428550976068196,719,34.12,-119.12
NTD,2023,7,0.3148148148148148,0.03236457983136676,702,34.12,-119.12
NTD,2023,8,0.3411602209944751,0.04280223578628852,724,34.12,-119.12
NTD,2023,9,0.17385257301808066,0.04167259662406926,719,34.12,-119.12
NTD,2023,10,0.11693548387096774,0.05403001823366159,744,34.12,-119.12
NTD,2023,11,0.07142857142857142,0.07660908016545113,714,34.12,-119.12
NTD,2023,12,0.11740890688259108,0.11485733556157096,741,34.12,-119.12
NTD,2024,1,0.16666666666666666,0.11163349330653086,744,34.12,-119.12
NTD,2024,2,0.18273381294964028,0.07922404111805205,695,34.12,-119.12
NTD,2024,3,0.12533692722371967,0.05644447329413959,742,34.12,-119.12
NTD,2024,4,0.17270194986072424,0.04129262574676626,718,34.12,-119.12
NTD,2024,5,0.2658569500674764,0.03782136213912927,741,34.12,-119.12
NTD,2024,6,0.33520336605890605,0.0332241678748575,713,34.12,-119.12
NTD,2024,7,0.3510928961748634,0.02835671930564974,732,34.12,-119.12
NTD,2024,8,0.2381596752368065,0.03419436590717059,739,34.12,-119.12
NTD,2024,9,0.19690576652601968,0.03533312586121753,711,34.12,-119.12
NTD,2024,10,0.3542234332425068,0.06417715161943958,734,34.12,-119.12
NTD,2024,11,0.10181311018131102,0.08710627651070679,717,34.12,-119.12
NTD,2024,12,0.3392857142857143,0.12511347559969485,672,34.12,-119.12
NXP,2019,1,0,0.02165350314791557,736,34.2962,-116.1622
NXP,2019,2,0,0.01596694105450731,670,34.2962,-116.1622
NXP,2019,3,0,0.00606787105702766,739,34.2962,-116.1622
NXP,2019,4,0,0.00215000410563919,718,34.2962,-116.1622
NXP,2019,5,0,0.00326240732985791,744,34.2962,-116.1622
NXP,2019,6,0,0.00115341328006858,720,34.2962,-116.1622
NXP,2019,7,0.00137362637362637,0.00106260182608141,728,34.2962,-116.1622
NXP,2019,8,0,0.00100727057461928,742,34.2962,-116.1622
NXP,2019,9,0,0.00222303128455617,716,34.2962,-116.1622
NXP,2019,10,0,0.00135700239353108,741,34.2962,-116.1622
NXP,2019,11,0,0.0082159674996178,659,34.2962,-116.1622
NXP,2020,1,0,0.00883862895585225,743,34.2962,-116.1622
NXP,2020,2,0,0.00332048632214582,695,34.2962,-116.1622
NXP,2020,3,0.01356852103120759,0.01129910258419579,737,34.2962,-116.1622
NXP,2020,4,0.00976290097629009,0.00798595988659598,717,34.2962,-116.1622
NXP,2020,5,0,0.00136209674210513,737,34.2962,-116.1622
NXP,2020,6,0,0.00113198599560568,716,34.2962,-116.1622
NXP,2020,7,0,9.161764799319672e-4,723,34.2962,-116.1622
NXP,2020,8,0,0.00104247429589293,739,34.2962,-116.1622
NXP,2020,9,0,9.747671384228852e-4,701,34.2962,-116.1622
NXP,2020,10,0,0.001598906965545,734,34.2962,-116.1622
NXP,2020,11,0,0.00385374082635522,711,34.2962,-116.1622
NXP,2020,12,0,0.00553875630652323,741,34.2962,-116.1622
NXP,2021,1,0.00136239782016348,0.01069953778182278,734,34.2962,-116.1622
NXP,2021,2,0,0.00295607722947312,669,34.2962,-116.1622
NXP,2021,3,0,0.00398987866928571,732,34.2962,-116.1622
NXP,2021,4,0,0.00171786410708475,719,34.2962,-116.1622
NXP,2021,5,0,0.00136942128321236,741,34.2962,-116.1622
NXP,2021,6,0,9.998995115178496e-4,677,34.2962,-116.1622
NXP,2021,7,0.00145137880986937,0.00144346974070652,689,34.2962,-116.1622
NXP,2021,8,0,0.00119920881853791,702,34.2962,-116.1622
NXP,2021,9,0,0.00156226397243617,719,34.2962,-116.1622
NXP,2021,10,0,0.00327846870770836,741,34.2962,-116.1622
NXP,2021,11,0,0.00266123934207276,708,34.2962,-116.1622
NXP,2021,12,0,0.02215522192063549,705,34.2962,-116.1622
NXP,2022,1,0,0.00462901530541915,739,34.2962,-116.1622
NXP,2022,3,0,0.00253807586714111,725,34.2962,-116.1622
NXP,2022,4,0,0.00174579951150614,720,34.2962,-116.1622
NXP,2022,5,0,0.00125308456843859,742,34.2962,-116.1622
NXP,2022,6,0,0.00108121101145719,719,34.2962,-116.1622
NXP,2022,7,0,0.00117964445172385,744,34.2962,-116.1622
NXP,2023,5,0,0.00190945923087649,735,34.2962,-116.1622
NXP,2023,6,0,0.0015739899740388,711,34.2962,-116.1622
NXP,2023,7,0,9.283612890096128e-4,741,34.2962,-116.1622
NXP,2023,8,0.01040118870728083,0.00479689325898938,673,34.2962,-116.1622
NXP,2023,9,0,0.00326389397726997,709,34.2962,-116.1622
NXP,2023,10,0,0.00270633948568307,739,34.2962,-116.1622
NXP,2023,11,0.00291120815138282,0.00878085914929431,687,34.2962,-116.1622
NXP,2023,12,0.00557103064066852,0.0135046324408438,718,34.2962,-116.1622
NXP,2024,1,0.00953678474114441,0.01846097101557654,734,34.2962,-116.1622
NXP,2024,2,0.01594202898550724,0.01901775794618331,690,34.2962,-116.1622
NXP,2024,3,0,0.00787927644651481,739,34.2962,-116.1622
NXP,2024,4,0,0.00255636559126691,693,34.2962,-116.1622
NXP,2024,5,0,0.00152922797069773,734,34.2962,-116.1622
NXP,2024,6,0,9.76280458264784e-4,693,34.2962,-116.1622
NXP,2024,7,0,9.062676001563774e-4,708,34.2962,-116.1622
NXP,2024,8,0,0.00103589013692902,724,34.2962,-116.1622
NXP,2024,9,0,0.00133332615477099,700,34.2962,-116.1622
NXP,2024,11,0,0.00511890216831549,703,34.2962,-116.1622
NXP,2024,12,0,0.0057569560382744,708,34.2962,-116.1622
NZY,2019,1,0.04588394062078273,0.1234955489977958,741,32.6922,-117.2098
NZY,2019,2,0.0374251497005988,0.06506306919461663,668,32.6922,-117.2098
NZY,2019,3,0.01617250673854447,0.06372938559464658,742,32.6922,-117.2098
NZY,2019,4,0.03894297635605007,0.04841606275849459,719,32.6922,-117.2098
NZY,2019,5,0.02553763440860215,0.03993722314443139,744,32.6922,-117.2098
NZY,2019,6,0.03059805285118219,0.04074835067683564,719,32.6922,-117.2098
NZY,2019,7,0.04032258064516129,0.04962954038762868,744,32.6922,-117.2098
NZY,2019,8,0.02419354838709677,0.0568428077672105,744,32.6922,-117.2098
NZY,2019,9,0.03194444444444444,0.05527364447932793,720,32.6922,-117.2098
NZY,2019,10,0.02288021534320323,0.05075505237824573,743,32.6922,-117.2098
NZY,2019,11,0.11064425770308124,0.11037730718770453,714,32.6922,-117.2098
NZY,2019,12,0.07816711590296496,0.12813238132929536,742,32.6922,-117.2098
NZY,2020,1,0.09029649595687332,0.10067793009319466,742,32.6922,-117.2098
NZY,2020,2,0.05619596541786743,0.05274639916233852,694,32.6922,-117.2098
NZY,2020,3,0.03913630229419703,0.0670014922777329,741,32.6922,-117.2098
NZY,2020,4,0.12100139082058414,0.07177556803778995,719,32.6922,-117.2098
NZY,2020,5,0.02422611036339165,0.04284142814438745,743,32.6922,-117.2098
NZY,2020,6,0.02228412256267409,0.03656099780257091,718,32.6922,-117.2098
NZY,2020,7,0.01881720430107527,0.04496991472341926,744,32.6922,-117.2098
NZY,2020,8,0.05779569892473118,0.05481857663272099,744,32.6922,-117.2098
NZY,2020,9,0.075,0.05351533747064726,720,32.6922,-117.2098
NZY,2020,10,0.13844086021505375,0.06006007241532682,744,32.6922,-117.2098
NZY,2020,11,0.11977715877437324,0.09996055799110308,718,32.6922,-117.2098
NZY,2020,12,0.04037685060565275,0.06295237513284123,743,32.6922,-117.2098
NZY,2021,1,0.1303763440860215,0.07172434195335979,744,32.6922,-117.2098
NZY,2021,2,0.06708268330733229,0.05624434991842121,641,32.6922,-117.2098
NZY,2021,3,0.01617250673854447,0.04223869822861632,742,32.6922,-117.2098
NZY,2021,4,0.00833333333333333,0.03526051746836553,720,32.6922,-117.2098
NZY,2021,5,0.0228494623655914,0.03652705708944229,744,32.6922,-117.2098
NZY,2021,6,0.04027777777777778,0.0391586683515925,720,32.6922,-117.2098
NZY,2021,7,0.01886792452830188,0.04265561712795311,742,32.6922,-117.2098
NZY,2021,8,0.06191117092866756,0.04580545170022072,743,32.6922,-117.2098
NZY,2021,9,0.02086230876216968,0.04801023035162544,719,32.6922,-117.2098
NZY,2021,10,0.03252032520325203,0.0578311574615369,738,32.6922,-117.2098
NZY,2021,11,0.17737430167597765,0.11215359680016404,716,32.6922,-117.2098
NZY,2021,12,0.10190217391304349,0.1197379472597158,736,32.6922,-117.2098
NZY,2022,1,0.0421195652173913,0.07287789430958345,736,32.6922,-117.2098
NZY,2022,2,0.01799100449775112,0.02429562350811864,667,32.6922,-117.2098
NZY,2022,3,0.05548037889039242,0.04500516240641913,739,32.6922,-117.2098
NZY,2022,4,0.05138888888888889,0.03830961167647426,720,32.6922,-117.2098
NZY,2022,5,0.02688172043010752,0.03329488382423146,744,32.6922,-117.2098
NZY,2022,6,0.03616133518776078,0.04292556412889776,719,32.6922,-117.2098
NZY,2022,7,0.02306648575305291,0.03948377137637243,737,32.6922,-117.2098
NZY,2022,8,0.03494623655913978,0.04034953960342713,744,32.6922,-117.2098
NZY,2022,9,0.12916666666666668,0.0608427669827102,720,32.6922,-117.2098
NZY,2022,10,0.07123655913978495,0.06166517663567442,744,32.6922,-117.2098
NZY,2022,11,0.05571030640668523,0.0603635593529526,718,32.6922,-117.2098
NZY,2022,12,0.11978465679676983,0.0986046041048622,743,32.6922,-117.2098
NZY,2023,1,0.13121546961325967,0.09561898485141246,724,32.6922,-117.2098
NZY,2023,2,0.02831594634873323,0.0395554088877761,671,32.6922,-117.2098
NZY,2023,3,0.1489655172413793,0.09486072258959556,725,32.6922,-117.2098
NZY,2023,4,0.14484679665738162,0.04369682541783785,718,32.6922,-117.2098
NZY,2023,5,0.03230148048452221,0.03506324156143604,743,32.6922,-117.2098
NZY,2023,6,0.01111111111111111,0.03539550483175036,720,32.6922,-117.2098
NZY,2023,7,0.11693548387096774,0.04829058003886002,744,32.6922,-117.2098
NZY,2023,8,0.09446693657219972,0.06131226503209798,741,32.6922,-117.2098
NZY,2023,9,0.05710306406685236,0.04966064383571547,718,32.6922,-117.2098
NZY,2023,10,0.13844086021505375,0.07162061293943665,744,32.6922,-117.2098
NZY,2023,11,0.07402234636871509,0.08746233773866523,716,32.6922,-117.2098
NZY,2023,12,0.1417004048582996,0.12860908425980538,741,32.6922,-117.2098
NZY,2024,1,0.09264305177111716,0.1169932490802809,734,32.6922,-117.2098
NZY,2024,2,0.06027820710973725,0.09514448730565804,647,32.6922,-117.2098
NZY,2024,4,0.03879310344827586,0.05425522228082021,696,32.6922,-117.2098
NZY,2024,5,0.00552486187845303,0.03480184796261113,724,32.6922,-117.2098
NZY,2024,6,0.03498542274052478,0.03817752263482942,686,32.6922,-117.2098
NZY,2024,7,0.07123287671232877,0.04146245409071139,730,32.6922,-117.2098
NZY,2024,8,0.04619565217391304,0.05020911879483205,736,32.6922,-117.2098
NZY,2024,9,0.05034965034965035,0.04926829684307551,715,32.6922,-117.2098
NZY,2024,10,0.2862903225806452,0.07442841267883553,744,32.6922,-117.2098
NZY,2024,11,0.07938718662952646,0.07738746614840716,718,32.6922,-117.2098
NZY,2024,12,0.3446866485013624,0.1331506437117333,734,32.6922,-117.2098
O05,2021,7,0.01639344262295082,0.00447729059653751,732,40.2824,-121.2412
O05,2021,10,0.155049786628734,0.1063634746909674,703,40.2824,-121.2412
O05,2021,11,0.0676056338028169,0.1008880455896232,710,40.2824,-121.2412
O05,2021,12,0.33047210300429186,0.19016304355479768,699,40.2824,-121.2412
O05,2022,1,0.10483870967741936,0.09214802058876782,744,40.2824,-121.2412
O05,2022,2,0.02083333333333333,0.01928035666839735,672,40.2824,-121.2412
O05,2022,3,0.04413793103448275,0.04186995748446548,725,40.2824,-121.2412
O05,2022,4,0.10028248587570622,0.06822700083198546,708,40.2824,-121.2412
O05,2022,5,0.02578018995929443,0.0234867502751841,737,40.2824,-121.2412
O05,2022,6,0.02528089887640449,0.01952675786856928,712,40.2824,-121.2412
O05,2022,8,0,0.00797163092041681,730,40.2824,-121.2412
O05,2022,9,0.02228412256267409,0.02220971394606871,718,40.2824,-121.2412
O05,2022,10,0.00544217687074829,0.0146678007890464,735,40.2824,-121.2412
O05,2022,11,0.12691771269177127,0.11457350062183008,717,40.2824,-121.2412
O05,2022,12,0.4350828729281768,0.2118945910379249,724,40.2824,-121.2412
O05,2023,1,0.3263785394932936,0.17843405898915807,671,40.2824,-121.2412
O05,2023,2,0.1696,0.0799989683970809,625,40.2824,-121.2412
O05,2023,3,0.2847124824684432,0.1214926392231842,713,40.2824,-121.2412
O05,2023,4,0.04195804195804196,0.04581172956524976,715,40.2824,-121.2412
O05,2023,9,0.02339181286549707,0.0326315337834248,684,40.2824,-121.2412
O05,2023,10,0.01506849315068493,0.0259703259178348,730,40.2824,-121.2412
O05,2023,11,0.08764367816091954,0.08881500593136364,696,40.2824,-121.2412
O05,2023,12,0.1601615074024226,0.17150062644505726,743,40.2824,-121.2412
O05,2024,1,0.2271505376344086,0.2295600086411772,744,40.2824,-121.2412
O05,2024,2,0.3119533527696793,0.13859959162633226,686,40.2824,-121.2412
O05,2024,3,0.2591093117408907,0.10433887091607318,741,40.2824,-121.2412
O05,2024,4,0.06288343558282208,0.06224211588240531,652,40.2824,-121.2412
O05,2024,6,0,0.00728159608966729,719,40.2824,-121.2412
O05,2024,7,0,0.00380564454504937,724,40.2824,-121.2412
O05,2024,8,0.0053763440860215,0.01594918887259223,744,40.2824,-121.2412
O05,2024,10,0.02162162162162162,0.02545449869051211,740,40.2824,-121.2412
O05,2024,11,0.16017316017316016,0.15959128611324647,693,40.2824,-121.2412
O05,2024,12,0.2646657571623465,0.1820249986919952,733,40.2824,-121.2412
O22,2019,1,0.1814516129032258,0.12400790553080587,744,38.0304,-120.4146
O22,2019,3,0.16946778711484595,0.0939445690713635,714,38.0304,-120.4146
O22,2019,4,0.02364394993045897,0.04321499168678538,719,38.0304,-120.4146
O22,2019,5,0.2503382949932341,0.06222255091581125,739,38.0304,-120.4146
O22,2019,6,0.02702702702702703,0.01525037977365898,703,38.0304,-120.4146
O22,2019,7,0,0.01078080298391946,741,38.0304,-120.4146
O22,2019,8,0,0.00978303212360046,743,38.0304,-120.4146
O22,2019,9,0.00418994413407821,0.02123820627888329,716,38.0304,-120.4146
O22,2019,10,0,0.00916892929923768,685,38.0304,-120.4146
O22,2019,11,0.05734265734265734,0.04432474194644865,715,38.0304,-120.4146
O22,2019,12,0.2163978494623656,0.150452228795026,744,38.0304,-120.4146
O22,2020,7,0,0.00727676167185725,743,38.0304,-120.4146
O22,2020,8,0,0.00821575116698182,744,38.0304,-120.4146
O22,2020,11,0.06591865357643759,0.04938818108918064,713,38.0304,-120.4146
O22,2020,12,0.15188172043010753,0.06996428554483955,744,38.0304,-120.4146
O22,2021,1,0.2425068119891008,0.09701601065976331,734,38.0304,-120.4146
O22,2021,2,0.09077380952380952,0.06026467905758181,672,38.0304,-120.4146
O22,2021,3,0.08221024258760108,0.04424217091539104,742,38.0304,-120.4146
O22,2021,4,0.00558659217877095,0.01778030556765796,716,38.0304,-120.4146
O22,2021,5,0,0.01062039187180526,742,38.0304,-120.4146
O22,2021,6,0,0.00794390087514294,719,38.0304,-120.4146
O22,2021,7,0,0.00483814910865806,739,38.0304,-120.4146
O22,2021,8,0,0.00657231278436515,725,38.0304,-120.4146
O22,2021,9,0.00139082058414464,0.00912527824560651,719,38.0304,-120.4146
O22,2021,10,0.06740027510316368,0.05713557806077376,727,38.0304,-120.4146
O22,2021,11,0.11484593837535012,0.06100951782616862,714,38.0304,-120.4146
O22,2021,12,0.3724696356275304,0.17325608699655415,741,38.0304,-120.4146
O22,2023,1,0.24226110363391656,0.14580145177354945,743,38.0304,-120.4146
O22,2023,2,0.1592261904761905,0.08432663122931401,672,38.0304,-120.4146
O22,2023,3,0.24830393487109903,0.11724026182244988,737,38.0304,-120.4146
O22,2023,4,0.00277777777777777,0.02354536286293296,720,38.0304,-120.4146
O22,2023,5,0.02564102564102564,0.03557321289687778,741,38.0304,-120.4146
O22,2023,6,0.00417827298050139,0.02647696056161309,718,38.0304,-120.4146
O22,2023,7,0,0.00587568894098324,742,38.0304,-120.4146
O22,2023,8,0.0013531799729364,0.01187040217664075,739,38.0304,-120.4146
O22,2023,9,0.00280504908835904,0.03634336194701736,713,38.0304,-120.4146
O22,2023,10,0.0242914979757085,0.02747096434234316,741,38.0304,-120.4146
O22,2023,11,0.04888268156424581,0.04991624270489064,716,38.0304,-120.4146
O22,2023,12,0.04710632570659488,0.09291562928177646,743,38.0304,-120.4146
O22,2024,1,0.1628222523744912,0.15722873779405488,737,38.0304,-120.4146
O22,2024,2,0.14119359534206696,0.10744551295825323,687,38.0304,-120.4146
O22,2024,3,0.12672176308539945,0.0685908273215208,726,38.0304,-120.4146
O22,2024,4,0.05694444444444444,0.04384327634341187,720,38.0304,-120.4146
O22,2024,5,0.0215343203230148,0.0212299541976368,743,38.0304,-120.4146
O22,2024,6,0,0.00943105829750435,719,38.0304,-120.4146
O22,2024,7,0,0.00458574478036245,740,38.0304,-120.4146
O22,2024,8,0,0.00894642870755856,742,38.0304,-120.4146
O22,2024,9,0,0.00922986917252182,718,38.0304,-120.4146
O22,2024,12,0.16870748299319727,0.11028720713062148,735,38.0304,-120.4146
O32,2019,3,0.01621621621621621,0.07385771015322314,740,36.671,-119.451
O32,2019,4,0.00416666666666666,0.04354255371727049,720,36.671,-119.451
O32,2019,8,0,0.0075859376245014,743,36.671,-119.451
O32,2019,9,0.00139275766016713,0.01325272563420116,718,36.671,-119.451
O32,2019,10,0.00672043010752688,0.0151552491976569,744,36.671,-119.451
O32,2019,11,0.07103064066852367,0.0754233352984412,718,36.671,-119.451
O32,2019,12,0.20967741935483872,0.19391956310644143,744,36.671,-119.451
O32,2020,1,0.4952893674293405,0.2075494513589974,743,36.671,-119.451
O32,2020,2,0.08201438848920864,0.04522587035040592,695,36.671,-119.451
O32,2020,3,0.0269179004037685,0.05595674002348805,743,36.671,-119.451
O32,2020,4,0.02649930264993026,0.06229788627931094,717,36.671,-119.451
O32,2020,6,0.02364394993045897,0.01171745693178974,719,36.671,-119.451
O32,2020,7,0,0.00480509892687194,744,36.671,-119.451
O32,2020,8,0.02150537634408602,0.00591480479371028,744,36.671,-119.451
O32,2020,9,0.08194444444444444,0.01360116051534229,720,36.671,-119.451
O32,2020,11,0.1573816155988858,0.08806442720251298,718,36.671,-119.451
O32,2020,12,0.4059139784946236,0.1636524118322839,744,36.671,-119.451
O32,2021,1,0.33781965006729475,0.14817750448496414,743,36.671,-119.451
O32,2021,7,0,0.00247985615003203,744,36.671,-119.451
O32,2021,8,0.0042796005706134,0.00426153350952274,701,36.671,-119.451
O32,2021,9,0.00725689404934688,0.00806098249764553,689,36.671,-119.451
O32,2022,8,0,0.0035453431913191,744,36.671,-119.451
O32,2022,9,0.00277777777777777,0.01341186149689343,720,36.671,-119.451
O32,2022,10,0.00403225806451612,0.01796168217493999,744,36.671,-119.451
O32,2022,11,0.29707112970711297,0.09930851781640768,717,36.671,-119.451
O32,2022,12,0.458950201884253,0.2303065423481417,743,36.671,-119.451
O32,2023,1,0.2213225371120108,0.16804638180338782,741,36.671,-119.451
O32,2023,2,0.09431137724550898,0.08890310130664147,668,36.671,-119.451
O32,2023,3,0.10405405405405406,0.11001413292125672,740,36.671,-119.451
O32,2023,4,0.01388888888888888,0.03613835393860225,720,36.671,-119.451
O32,2023,5,0.01214574898785425,0.02612793824101915,741,36.671,-119.451
O32,2023,6,0.01390820584144645,0.027909809030752408,719,36.671,-119.451
O32,2023,7,0,0.00532653296360041,740,36.671,-119.451
O32,2023,8,0.02960969044414535,0.01398286732293798,743,36.671,-119.451
O32,2023,9,0.00972222222222222,0.02208967812257469,720,36.671,-119.451
O32,2023,10,0.15561569688768606,0.03427407165750778,739,36.671,-119.451
O32,2023,11,0.2783216783216783,0.08044005770486995,715,36.671,-119.451
O32,2023,12,0.2557200538358008,0.19192529047891363,743,36.671,-119.451
O32,2024,1,0.28225806451612906,0.1911511988903556,744,36.671,-119.451
O32,2024,2,0.17612809315866085,0.10442829894761418,687,36.671,-119.451
O32,2024,3,0.0796221322537112,0.06841944296675886,741,36.671,-119.451
O32,2024,4,0.03703703703703703,0.05414779104595537,702,36.671,-119.451
O32,2024,5,0.02960969044414535,0.02820940697136363,743,36.671,-119.451
O32,2024,6,0,0.01190938394641703,719,36.671,-119.451
O32,2024,7,0,0.00661509346210624,740,36.671,-119.451
O32,2024,8,0,0.00967161900336526,741,36.671,-119.451
O32,2024,9,0.02086230876216968,0.01641090631801363,719,36.671,-119.451
O32,2024,10,0.09005376344086022,0.0280222424195819,744,36.671,-119.451
O32,2024,11,0.26441631504922647,0.12288441900055824,711,36.671,-119.451
O32,2024,12,0.45516304347826086,0.2346627864247674,736,36.671,-119.451
O54,2019,1,0,0.14025280471398183,733,40.7473,-122.9223
O54,2019,4,0,0.05400237566553463,719,40.7473,-122.9223
O54,2019,5,0,0.0491030855076281,743,40.7473,-122.9223
O54,2019,6,0,0.01626861628530635,713,40.7473,-122.9223
O54,2019,7,0,0.01146599783421233,742,40.7473,-122.9223
O54,2019,8,0,0.01359217016546859,739,40.7473,-122.9223
O54,2019,9,0,0.02905802110825862,718,40.7473,-122.9223
O54,2019,10,0,0.01952333651745659,743,40.7473,-122.9223
O54,2019,11,0,0.05739769969675742,712,40.7473,-122.9223
O54,2019,12,0,0.18081904836614035,742,40.7473,-122.9223
O54,2020,1,0,0.1611301607304283,736,40.7473,-122.9223
O54,2020,2,0,0.02697007540789045,692,40.7473,-122.9223
O54,2020,3,0,0.04997810201379484,724,40.7473,-122.9223
O54,2020,4,0,0.03452653750491409,716,40.7473,-122.9223
O54,2020,5,0,0.04157131292845009,743,40.7473,-122.9223
O54,2020,6,0,0.02170649207420191,715,40.7473,-122.9223
O54,2020,7,0,0.00620524369460104,737,40.7473,-122.9223
O54,2023,10,0.08137931034482758,0.04440360536782777,725,40.7473,-122.9223
O54,2023,12,0.5974025974025974,0.16484894456400995,693,40.7473,-122.9223
O54,2024,1,0.5121951219512195,0.19009549677596607,738,40.7473,-122.9223
O54,2024,2,0.433587786259542,0.1099149817177841,655,40.7473,-122.9223
O54,2024,4,0.05094614264919941,0.04053864391670417,687,40.7473,-122.9223
O54,2024,6,0,0.0097695794832295,656,40.7473,-122.9223
O54,2024,7,0,0.00673422182413104,742,40.7473,-122.9223
O54,2024,10,0.02560455192034139,0.03471738909825598,703,40.7473,-122.9223
O86,2019,1,0,0.15117696599635694,700,40.9828,-122.6937
O86,2019,2,0,0.13635814945652183,656,40.9828,-122.6937
O86,2019,3,0,0.0878518409524037,736,40.9828,-122.6937
O86,2019,4,0,0.06544363106448052,699,40.9828,-122.6937
O86,2019,5,0,0.04749748770126222,731,40.9828,-122.6937
O86,2019,6,0,0.01000848626346745,690,40.9828,-122.6937
O86,2019,7,0,0.00647210369542284,729,40.9828,-122.6937
O86,2019,8,0,0.00808243225688281,738,40.9828,-122.6937
O86,2019,9,0,0.02158034022374352,709,40.9828,-122.6937
O86,2019,10,0,0.01761617768108959,733,40.9828,-122.6937
O86,2019,11,0,0.04725641412081739,698,40.9828,-122.6937
O86,2020,2,0,0.02240933473373804,690,40.9828,-122.6937
O86,2020,3,0,0.0575156818175918,730,40.9828,-122.6937
O86,2020,4,0,0.03255177814889783,709,40.9828,-122.6937
O86,2020,5,0,0.03902746427980862,725,40.9828,-122.6937
O86,2020,6,0,0.01543120673498613,703,40.9828,-122.6937
O86,2020,7,0,0.00361529215002817,697,40.9828,-122.6937
O86,2020,8,0,0.00556462292960069,716,40.9828,-122.6937
O86,2021,10,0,0.08034896301786539,742,40.9828,-122.6937
O86,2021,11,0,0.09684229265350708,692,40.9828,-122.6937
O86,2021,12,0,0.13472224086663634,689,40.9828,-122.6937
O86,2023,4,0.05980528511821974,0.04364336190275039,719,40.9828,-122.6937
O86,2023,5,0.04189189189189189,0.04194020230057209,740,40.9828,-122.6937
O86,2023,6,0.00976290097629009,0.02409271026578,717,40.9828,-122.6937
O86,2023,7,0,0.00556106878003333,743,40.9828,-122.6937
O86,2023,8,0.02422611036339165,0.01416223859687086,743,40.9828,-122.6937
O86,2023,9,0.0217391304347826,0.02501158144854792,690,40.9828,-122.6937
O86,2023,11,0.15459610027855153,0.06784112986779063,718,40.9828,-122.6937
O86,2023,12,0.4314516129032258,0.17565540614680597,744,40.9828,-122.6937
O86,2024,1,0.4986413043478261,0.196307519707024,736,40.9828,-122.6937
O86,2024,2,0.31540697674418605,0.12906728104111564,688,40.9828,-122.6937
O86,2024,3,0.30800542740841247,0.09175716871187202,737,40.9828,-122.6937
O86,2024,4,0.03899721448467967,0.04327751804847844,718,40.9828,-122.6937
O86,2024,5,0.02016129032258064,0.01615856606499179,744,40.9828,-122.6937
O86,2024,6,0.00419580419580419,0.00594859017397869,715,40.9828,-122.6937
O86,2024,7,0,0.0040327681792197,734,40.9828,-122.6937
O86,2024,8,0.00945945945945946,0.01339824992527782,740,40.9828,-122.6937
O86,2024,10,0.02564102564102564,0.02538109664714426,741,40.9828,-122.6937
OXR,2019,1,0.13055181695827725,0.1701949751860065,743,34.2008,-119.2072
OXR,2019,2,0.07772795216741404,0.08485953674650987,669,34.2008,-119.2072
OXR,2019,3,0.08027210884353742,0.0628908293988543,735,34.2008,-119.2072
OXR,2019,4,0.08344923504867872,0.04184253840245467,719,34.2008,-119.2072
OXR,2019,5,0.03091397849462365,0.05872305098924816,744,34.2008,-119.2072
OXR,2019,6,0.12100139082058414,0.04786722895916634,719,34.2008,-119.2072
OXR,2019,7,0.10887096774193548,0.04247296450193971,744,34.2008,-119.2072
OXR,2019,8,0.14650537634408603,0.03972152358588202,744,34.2008,-119.2072
OXR,2019,9,0.06666666666666667,0.04373914563669435,720,34.2008,-119.2072
OXR,2019,10,0.00806451612903225,0.038165109447765,744,34.2008,-119.2072
OXR,2019,11,0.10027855153203342,0.07027358525548737,718,34.2008,-119.2072
OXR,2019,12,0.07452574525745258,0.13623173918457054,738,34.2008,-119.2072
OXR,2020,7,0.10767160161507404,0.04148859049436106,743,34.2008,-119.2072
OXR,2020,8,0.15746971736204576,0.04231599163455816,743,34.2008,-119.2072
OXR,2020,9,0.3194444444444444,0.05015618568625844,720,34.2008,-119.2072
OXR,2020,10,0.15591397849462366,0.05995172884904214,744,34.2008,-119.2072
OXR,2020,11,0.0993006993006993,0.06818913883738012,715,34.2008,-119.2072
OXR,2020,12,0.02781844802342606,0.05063888075843993,683,34.2008,-119.2072
OXR,2021,1,0.03668478260869565,0.0704880271286643,736,34.2008,-119.2072
OXR,2021,2,0.05663189269746647,0.03765484160004911,671,34.2008,-119.2072
OXR,2021,3,0.02826379542395693,0.03411389600337028,743,34.2008,-119.2072
OXR,2021,4,0.05702364394993046,0.0265979297829582,719,34.2008,-119.2072
OXR,2021,5,0.05376344086021505,0.03519272376371357,744,34.2008,-119.2072
OXR,2021,6,0.13194444444444445,0.03398677202591595,720,34.2008,-119.2072
OXR,2021,7,0.07123655913978495,0.04199265260158622,744,34.2008,-119.2072
OXR,2021,8,0.180349932705249,0.04882928045841954,743,34.2008,-119.2072
OXR,2021,9,0.25558659217877094,0.05082619103457383,716,34.2008,-119.2072
OXR,2021,10,0.08389715832205684,0.06212256619659805,739,34.2008,-119.2072
OXR,2021,11,0.28451882845188287,0.1005603090927818,717,34.2008,-119.2072
OXR,2021,12,0.22849462365591397,0.16865378349890522,744,34.2008,-119.2072
OXR,2022,1,0.05929919137466307,0.10125593829434364,742,34.2008,-119.2072
OXR,2022,2,0.00297619047619047,0.01929733012522255,672,34.2008,-119.2072
OXR,2022,3,0.1063257065948856,0.03235136788566552,743,34.2008,-119.2072
OXR,2022,4,0.08888888888888889,0.03290671913815054,720,34.2008,-119.2072
OXR,2022,5,0.10887096774193548,0.03435310316846333,744,34.2008,-119.2072
OXR,2022,6,0.175,0.03358814574781314,720,34.2008,-119.2072
OXR,2022,7,0.10887096774193548,0.04371883676816729,744,34.2008,-119.2072
OXR,2022,8,0.15053763440860216,0.03913518845936739,744,34.2008,-119.2072
OXR,2022,9,0.04305555555555555,0.05981617110382002,720,34.2008,-119.2072
OXR,2022,10,0.1386271870794078,0.07108217928308522,743,34.2008,-119.2072
OXR,2022,11,0.02797202797202797,0.07789694535223624,715,34.2008,-119.2072
OXR,2022,12,0.1426648721399731,0.17996681747835225,743,34.2008,-119.2072
OXR,2023,8,0.18830242510699,0.06938447388714065,701,34.2008,-119.2072
OXR,2023,9,0.04722222222222222,0.06430245439664253,720,34.2008,-119.2072
OXR,2023,10,0.08879781420765027,0.06880885267934299,732,34.2008,-119.2072
OXR,2023,11,0.02785515320334261,0.08201850570568395,718,34.2008,-119.2072
OXR,2023,12,0.0739247311827957,0.14689529774665472,744,34.2008,-119.2072
OXR,2024,1,0.11693548387096774,0.13004805373969258,744,34.2008,-119.2072
OXR,2024,2,0.15561959654178675,0.13481261126575617,694,34.2008,-119.2072
OXR,2024,3,0.0847913862718708,0.079344484829256115,743,34.2008,-119.2072
OXR,2024,4,0.12361111111111112,0.05443580866720165,720,34.2008,-119.2072
OXR,2024,6,0.15481171548117154,0.05363751739420053,717,34.2008,-119.2072
OXR,2024,7,0.3010752688172043,0.03982695093583716,744,34.2008,-119.2072
OXR,2024,8,0.13440860215053765,0.05587247456486527,744,34.2008,-119.2072
OXR,2024,9,0.16666666666666666,0.05451120338903921,720,34.2008,-119.2072
OXR,2024,10,0.28091397849462363,0.08095574845160577,744,34.2008,-119.2072
OXR,2024,11,0.1213389121338912,0.1073605314416212,717,34.2008,-119.2072
OXR,2024,12,0.2051630434782609,0.13372580319106497,736,34.2008,-119.2072
PRB,2019,1,0.1720430107526882,0.08951006125347684,744,35.6694,-120.6291
PRB,2019,2,0.06408345752608048,0.05512473977312457,671,35.6694,-120.6291
PRB,2019,3,0.07557354925775979,0.05090277704469012,741,35.6694,-120.6291
PRB,2019,4,0.02749638205499276,0.03070046242418147,691,35.6694,-120.6291
PRB,2019,5,0.04172274562584118,0.03679265340252417,743,35.6694,-120.6291
PRB,2019,6,0.00555555555555555,0.02366527753539332,720,35.6694,-120.6291
PRB,2019,7,0.02016129032258064,0.02003286792633814,744,35.6694,-120.6291
PRB,2019,8,0.00940860215053763,0.0271334355757747,744,35.6694,-120.6291
PRB,2019,9,0.0056338028169014,0.01701013578485671,710,35.6694,-120.6291
PRB,2019,10,0.00412654745529573,0.0128061000748212,727,35.6694,-120.6291
PRB,2019,11,0.05160390516039052,0.04908700363856326,717,35.6694,-120.6291
PRB,2019,12,0.14131897711978467,0.09287960296712972,743,35.6694,-120.6291
PRB,2020,1,0.17876344086021506,0.09120617586848956,744,35.6694,-120.6291
PRB,2020,2,0.07227138643067847,0.02602919103346963,678,35.6694,-120.6291
PRB,2020,3,0.10901749663526245,0.04875549009706873,743,35.6694,-120.6291
PRB,2020,4,0.06573426573426573,0.03699259907650351,715,35.6694,-120.6291
PRB,2020,5,0.01345895020188425,0.01504723554513759,743,35.6694,-120.6291
PRB,2020,6,0.00556328233657858,0.01623323621749372,719,35.6694,-120.6291
PRB,2020,7,0.01345895020188425,0.02489957486421577,743,35.6694,-120.6291
PRB,2020,8,0.01612903225806451,0.02045395603917929,744,35.6694,-120.6291
PRB,2020,9,0.01527777777777777,0.02548985053912878,720,35.6694,-120.6291
PRB,2020,10,0.00672043010752688,0.03259590051092473,744,35.6694,-120.6291
PRB,2020,11,0.01534170153417015,0.03306111706460721,717,35.6694,-120.6291
PRB,2020,12,0.07951482479784366,0.04874530254604013,742,35.6694,-120.6291
PRB,2021,1,0.1078167115902965,0.06908188270779284,742,35.6694,-120.6291
PRB,2021,2,0.03125,0.03957965872342313,672,35.6694,-120.6291
PRB,2021,3,0.02162162162162162,0.03552151626114406,740,35.6694,-120.6291
PRB,2021,4,0.0446927374301676,0.02093662201835352,716,35.6694,-120.6291
PRB,2021,5,0.0228494623655914,0.01729154862128311,744,35.6694,-120.6291
PRB,2021,6,0.0043103448275862,0.01824510883290358,696,35.6694,-120.6291
PRB,2021,7,0.01246537396121883,0.02464848871230292,722,35.6694,-120.6291
PRB,2021,8,0.02956989247311828,0.03417860242008965,744,35.6694,-120.6291
PRB,2021,9,0.02642559109874826,0.03715806938361335,719,35.6694,-120.6291
PRB,2021,10,0.04634831460674157,0.03276467315226092,712,35.6694,-120.6291
PRB,2021,11,0.1184407796101949,0.05448273089494433,667,35.6694,-120.6291
PRB,2021,12,0.17876344086021506,0.09457981425571577,744,35.6694,-120.6291
PRB,2022,1,0.15363881401617252,0.0626770850610505,742,35.6694,-120.6291
PRB,2022,2,0.01636904761904762,0.01392111895724415,672,35.6694,-120.6291
PRB,2022,3,0.01219512195121951,0.02069287329264172,738,35.6694,-120.6291
PRB,2022,4,0.00972222222222222,0.01653054675650006,720,35.6694,-120.6291
PRB,2022,5,0,0.0076411383921867904,742,35.6694,-120.6291
PRB,2022,6,0,0.00674476787729266,720,35.6694,-120.6291
PRB,2022,7,0.00268817204301075,0.02118004539212267,744,35.6694,-120.6291
PRB,2022,8,0.00806451612903225,0.02408303427114088,744,35.6694,-120.6291
PRB,2022,9,0.03380281690140845,0.0293821016768433,710,35.6694,-120.6291
PRB,2022,10,0.0431266846361186,0.0387454562862228,742,35.6694,-120.6291
PRB,2022,11,0.03776223776223776,0.03582138841030663,715,35.6694,-120.6291
PRB,2022,12,0.2401129943502825,0.10668981496815565,708,35.6694,-120.6291
PRB,2023,2,0.07993730407523511,0.04895190215672491,638,35.6694,-120.6291
PRB,2023,3,0.11305518169582772,0.06120868383224898,743,35.6694,-120.6291
PRB,2023,4,0.03546099290780142,0.02633106728044754,705,35.6694,-120.6291
PRB,2023,5,0.04037685060565275,0.03430206125945575,743,35.6694,-120.6291
PRB,2023,6,0.00416666666666666,0.03226451777809416,720,35.6694,-120.6291
PRB,2023,7,0.01678321678321678,0.01911464340226086,715,35.6694,-120.6291
PRB,2023,8,0.02016129032258064,0.02725670166124004,744,35.6694,-120.6291
PRB,2023,9,0.02985074626865671,0.0373124669537942,670,35.6694,-120.6291
PRB,2023,10,0.02599179206566347,0.02814536721339874,731,35.6694,-120.6291
PRB,2023,11,0.02506963788300835,0.04505572302888269,718,35.6694,-120.6291
PRB,2023,12,0.1280323450134771,0.08247003065092072,742,35.6694,-120.6291
PRB,2024,1,0.15477792732166892,0.08824299907933514,743,35.6694,-120.6291
PRB,2024,2,0.12661870503597122,0.07904273537389613,695,35.6694,-120.6291
PRB,2024,3,0.07422402159244265,0.04901137788212568,741,35.6694,-120.6291
PRB,2024,4,0.0693815987933635,0.03588093472913337,663,35.6694,-120.6291
PRB,2024,5,0.04177897574123989,0.02715487557389921,742,35.6694,-120.6291
PRB,2024,6,0.00418994413407821,0.02087912472649789,716,35.6694,-120.6291
PRB,2024,7,0,0.02718033166229913,741,35.6694,-120.6291
PRB,2024,8,0.00672043010752688,0.02506714633652522,744,35.6694,-120.6291
PRB,2024,9,0.00278164116828929,0.03650731397909274,719,35.6694,-120.6291
PRB,2024,10,0.02956989247311828,0.03172086102749354,744,35.6694,-120.6291
PRB,2024,11,0.09078212290502792,0.06223799844212926,716,35.6694,-120.6291
PRB,2024,12,0.22916666666666663,0.08800515256686291,720,35.6694,-120.6291
RIV,2019,1,0.11700680272108845,0.10330302067636354,735,33.9,-117.25
RIV,2019,2,0.07022900763358779,0.10966883290377766,655,33.9,-117.25
RIV,2019,3,0.05341246290801187,0.08163278415444714,674,33.9,-117.25
RIV,2019,4,0.02683615819209039,0.03978187327571134,708,33.9,-117.25
RIV,2019,5,0.06868131868131869,0.0775546565878008,728,33.9,-117.25
RIV,2019,6,0.1546099290780142,0.04838288330823077,705,33.9,-117.25
RIV,2019,7,0.07554945054945054,0.02395281704909623,728,33.9,-117.25
RIV,2019,8,0.03688524590163934,0.02103435725375724,732,33.9,-117.25
RIV,2019,9,0.01702127659574468,0.03187211160019621,705,33.9,-117.25
RIV,2019,10,0.01652892561983471,0.01653892894670913,726,33.9,-117.25
RIV,2019,11,0.07605633802816901,0.04932508936084636,710,33.9,-117.25
RIV,2019,12,0.0811554332874828,0.11180017079195288,727,33.9,-117.25
RIV,2020,1,0.121418826739427,0.06939013423132907,733,33.9,-117.25
RIV,2020,2,0.0364963503649635,0.03293645666720155,685,33.9,-117.25
RIV,2020,3,0.03804347826086957,0.08056651256668809,736,33.9,-117.25
RIV,2020,4,0.06442577030812324,0.08592460591746141,714,33.9,-117.25
RIV,2020,5,0.02159244264507422,0.04592893943888124,741,33.9,-117.25
RIV,2020,6,0.06136680613668061,0.02992938335757959,717,33.9,-117.25
RIV,2020,7,0.03112313937753721,0.02451157001797387,739,33.9,-117.25
RIV,2020,8,0.00272851296043656,0.01834047084504619,733,33.9,-117.25
RIV,2020,9,0.01115760111576011,0.01334955659881688,717,33.9,-117.25
RIV,2020,10,0.05256064690026954,0.0334346753565031,742,33.9,-117.25
RIV,2020,11,0.02941176470588235,0.03095061159695965,714,33.9,-117.25
RIV,2020,12,0.03494623655913978,0.03684715184139624,744,33.9,-117.25
RIV,2021,2,0.0906148867313916,0.04085018069317193,618,33.9,-117.25
RIV,2021,3,0.02989130434782608,0.0506387882139635,736,33.9,-117.25
RIV,2021,4,0.02401129943502825,0.02816134361649855,708,33.9,-117.25
RIV,2021,5,0.07448275862068965,0.03731604754924774,725,33.9,-117.25
RIV,2021,6,0.00713266761768901,0.01908456906103349,701,33.9,-117.25
RIV,2021,7,0.00136798905608755,0.01568067269140176,731,33.9,-117.25
RIV,2021,8,0,0.02105489842946114,728,33.9,-117.25
RIV,2021,9,0.0465444287729196,0.02678323460119541,709,33.9,-117.25
RIV,2021,10,0.05818673883626522,0.04545209558629613,739,33.9,-117.25
RIV,2021,11,0.10378681626928472,0.03827517808715096,713,33.9,-117.25
RIV,2021,12,0.16916780354706684,0.13536023844661138,733,33.9,-117.25
RIV,2022,7,0,0.01903835902970427,743,33.9,-117.25
RIV,2022,8,0,0.01463197665933345,739,33.9,-117.25
RIV,2022,9,0.00835654596100278,0.04181144819714902,718,33.9,-117.25
RIV,2022,10,0.10349462365591398,0.05987377623269793,744,33.9,-117.25
RIV,2022,11,0.03927068723702665,0.05505960820396894,713,33.9,-117.25
RIV,2022,12,0.05787348586810229,0.10894307363787754,743,33.9,-117.25
RIV,2023,1,0.08882907133243607,0.14320917109301387,743,33.9,-117.25
RIV,2023,2,0.01972685887708649,0.07473427862272003,659,33.9,-117.25
RIV,2023,3,0.0740242261103634,0.1153946399115575,743,33.9,-117.25
RIV,2023,4,0.04915730337078652,0.04538435549493238,712,33.9,-117.25
RIV,2023,5,0.09066305818673884,0.0606907687198934,739,33.9,-117.25
RIV,2023,6,0.06433566433566433,0.05534237131502453,715,33.9,-117.25
RIV,2023,7,0.00817438692098092,0.01395911408046816,734,33.9,-117.25
RIV,2023,8,0.01756756756756757,0.04831920339068323,740,33.9,-117.25
RIV,2023,9,0.06970128022759602,0.07098529852453453,703,33.9,-117.25
RIV,2023,10,0.02452316076294278,0.04445884414916485,734,33.9,-117.25
RIV,2023,11,0.05225988700564971,0.05688980229468266,708,33.9,-117.25
RIV,2023,12,0.11917808219178082,0.0773616354616697,730,33.9,-117.25
RIV,2024,1,0.08660351826792964,0.1065340427385173,739,33.9,-117.25
RIV,2024,2,0.1746031746031746,0.1370096958291409,693,33.9,-117.25
RIV,2024,3,0.05427408412483039,0.07918914286993138,737,33.9,-117.25
RIV,2024,4,0.06675938803894298,0.05240355837050377,719,33.9,-117.25
RIV,2024,5,0.14073071718538566,0.05346056689574107,739,33.9,-117.25
RIV,2024,6,0.0893854748603352,0.03550913567092548,716,33.9,-117.25
RIV,2024,7,0,0.01123107105737986,742,33.9,-117.25
RIV,2024,8,0.00271370420624151,0.01919410741005631,737,33.9,-117.25
RIV,2024,9,0.01944444444444444,0.03672417977351061,720,33.9,-117.25
RIV,2024,10,0.02964959568733153,0.02658842441855272,742,33.9,-117.25
RIV,2024,11,0.02384291725105189,0.04743703995713099,713,33.9,-117.25
RIV,2024,12,0.05616438356164383,0.04239963221878821,730,33.9,-117.25
SAC,2019,1,0.33198924731182794,0.11518017235334076,744,38.5069,-121.495
SAC,2019,2,0.10416666666666669,0.06774226216778818,672,38.5069,-121.495
SAC,2019,3,0.07681940700808626,0.0585812629116423,742,38.5069,-121.495
SAC,2019,4,0.01668984700973574,0.03090530331926588,719,38.5069,-121.495
SAC,2019,5,0.0407055630936228,0.02248281758787866,737,38.5069,-121.495
SAC,2019,6,0,0.00509992436184095,720,38.5069,-121.495
SAC,2020,1,0.34589502018842533,0.11141211737021252,743,38.5069,-121.495
SAC,2020,2,0.0617816091954023,0.03131426327952837,696,38.5069,-121.495
SAC,2020,3,0.03903095558546433,0.03426229459870341,743,38.5069,-121.495
SAC,2020,4,0.04033379694019471,0.02489502776664473,719,38.5069,-121.495
SAC,2020,5,0.00940860215053763,0.01230254514823212,744,38.5069,-121.495
SAC,2020,6,0,0.00378811041721039,720,38.5069,-121.495
SAC,2020,7,0.00134589502018842,0.00530929604887117,743,38.5069,-121.495
SAC,2020,8,0,0.00485256180094497,743,38.5069,-121.495
SAC,2020,9,0.02638888888888889,0.00883100719769976,720,38.5069,-121.495
SAC,2020,10,0.0053763440860215,0.01375813095802841,744,38.5069,-121.495
SAC,2020,11,0.11142061281337048,0.05135279256995757,718,38.5069,-121.495
SAC,2020,12,0.2728494623655914,0.08239438534350953,744,38.5069,-121.495
SAC,2021,1,0.32661290322580644,0.09152303857779535,744,38.5069,-121.495
SAC,2021,2,0.07291666666666667,0.04019724808261214,672,38.5069,-121.495
SAC,2021,3,0.02571428571428571,0.02424480945794909,700,38.5069,-121.495
SAC,2021,4,0.00277777777777777,0.00755511658054375,720,38.5069,-121.495
SAC,2021,5,0,0.00485733559014824,743,38.5069,-121.495
SAC,2021,6,0,0.00436369061280856,720,38.5069,-121.495
SAC,2021,7,0,0.00588870815416705,744,38.5069,-121.495
SAC,2021,8,0.00807537012113055,0.00732118576493372,743,38.5069,-121.495
SAC,2021,9,0.00138888888888888,0.00915091567625899,720,38.5069,-121.495
SAC,2021,10,0.07816711590296496,0.04728939840493214,742,38.5069,-121.495
SAC,2021,11,0.4554317548746518,0.11250880215684092,718,38.5069,-121.495
SAC,2021,12,0.4939271255060729,0.15413039380903815,741,38.5069,-121.495
SAC,2022,1,0.362339514978602,0.10830325383584036,701,38.5069,-121.495
SAC,2022,2,0.07302533532041729,0.02616189891115405,671,38.5069,-121.495
SAC,2022,3,0.03908355795148248,0.02214278123456661,742,38.5069,-121.495
SAC,2022,4,0.02361111111111111,0.0176176633742418,720,38.5069,-121.495
SAC,2022,5,0,0.00509271193313235,731,38.5069,-121.495
SAC,2022,6,0.00139082058414464,0.00426322866063785,719,38.5069,-121.495
SAC,2022,7,0,0.0066909965777692,744,38.5069,-121.495
SAC,2022,8,0,0.007191593083459,743,38.5069,-121.495
SAC,2022,9,0.00138888888888888,0.01502278013714304,720,38.5069,-121.495
SAC,2022,10,0,0.02092274007619351,744,38.5069,-121.495
SAC,2022,11,0.03851640513552068,0.04491557740854145,701,38.5069,-121.495
SAC,2023,1,0.1276297335203366,0.08633138580580188,713,38.5069,-121.495
SAC,2023,2,0.09538002980625931,0.05498778729161022,671,38.5069,-121.495
SAC,2023,3,0.07152875175315568,0.06542986715153686,713,38.5069,-121.495
SAC,2023,4,0.0014388489208633,0.01813167078963233,695,38.5069,-121.495
SAC,2023,5,0.00403225806451612,0.01921967165590006,744,38.5069,-121.495
SAC,2023,6,0,0.00803534267818353,719,38.5069,-121.495
SAC,2023,7,0,0.0065333049702746,744,38.5069,-121.495
SAC,2023,8,0,0.00720325195586048,744,38.5069,-121.495
SAC,2023,9,0.00972222222222222,0.01420469520768771,720,38.5069,-121.495
SAC,2023,10,0.00806451612903225,0.02361349194407305,744,38.5069,-121.495
SAC,2023,11,0.03899721448467967,0.04612847676641414,718,38.5069,-121.495
SAC,2023,12,0.25268817204301075,0.12239381384169584,744,38.5069,-121.495
SAC,2024,7,0,0.00452338550895618,742,38.5069,-121.495
SAC,2024,8,0,0.005817727720686,744,38.5069,-121.495
SAC,2024,9,0.00139082058414464,0.01119764601111979,719,38.5069,-121.495
SAC,2024,10,0.00268817204301075,0.01404629055805246,744,38.5069,-121.495
SAC,2024,11,0.12534818941504178,0.06802398224711784,718,38.5069,-121.495
SAC,2024,12,0.3959183673469387,0.1446798876669182,735,38.5069,-121.495
SAN,2019,1,0.04301075268817204,0.11762551075490368,744,32.7339,-117.1845
SAN,2019,2,0.01785714285714285,0.06148115167057507,672,32.7339,-117.1845
SAN,2019,3,0.02826379542395693,0.06007697241704204,743,32.7339,-117.1845
SAN,2019,4,0.02916666666666666,0.04804635192154415,720,32.7339,-117.1845
SAN,2019,5,0.00268817204301075,0.03859988330069789,744,32.7339,-117.1845
SAN,2019,6,0.03333333333333333,0.03879012044958977,720,32.7339,-117.1845
SAN,2019,7,0.06586021505376344,0.04976774467454512,744,32.7339,-117.1845
SAN,2019,8,0.02419354838709677,0.05843614154293137,744,32.7339,-117.1845
SAN,2019,9,0.01666666666666666,0.05447661961047238,720,32.7339,-117.1845
SAN,2019,10,0.02150537634408602,0.0507869278708215,744,32.7339,-117.1845
SAN,2019,11,0.14623955431754876,0.1074282539373492,718,32.7339,-117.1845
SAN,2019,12,0.08064516129032258,0.12734615260275753,744,32.7339,-117.1845
SAN,2020,1,0.14516129032258066,0.0991063914005144,744,32.7339,-117.1845
SAN,2020,2,0.06321839080459771,0.05028446647087674,696,32.7339,-117.1845
SAN,2020,3,0.02826379542395693,0.0631726581677243,743,32.7339,-117.1845
SAN,2020,4,0.1043115438108484,0.0670351576142956,719,32.7339,-117.1845
SAN,2020,5,0.02553763440860215,0.04309246711785309,744,32.7339,-117.1845
SAN,2020,6,0.02222222222222222,0.03553015318142975,720,32.7339,-117.1845
SAN,2020,7,0.00806451612903225,0.04420716623147894,744,32.7339,-117.1845
SAN,2020,8,0.03494623655913978,0.05536115635812323,744,32.7339,-117.1845
SAN,2020,9,0.05972222222222222,0.05282195327260221,720,32.7339,-117.1845
SAN,2020,10,0.10483870967741936,0.06096612931788093,744,32.7339,-117.1845
SAN,2020,11,0.11002785515320336,0.09845218569342525,718,32.7339,-117.1845
SAN,2020,12,0.03091397849462365,0.06504072993493049,744,32.7339,-117.1845
SAN,2021,1,0.10349462365591398,0.07032435171097086,744,32.7339,-117.1845
SAN,2021,2,0.06547619047619048,0.05440175409915225,672,32.7339,-117.1845
SAN,2021,3,0.01211305518169582,0.04040587723512431,743,32.7339,-117.1845
SAN,2021,4,0.01666666666666666,0.03532444083038071,720,32.7339,-117.1845
SAN,2021,5,0.01881720430107527,0.03567066865031838,744,32.7339,-117.1845
SAN,2021,6,0.03611111111111111,0.03876412080587922,720,32.7339,-117.1845
SAN,2021,7,0.01075268817204301,0.04079770294058146,744,32.7339,-117.1845
SAN,2021,8,0.04704301075268817,0.04491819897090755,744,32.7339,-117.1845
SAN,2021,9,0.02083333333333333,0.04613433552812138,720,32.7339,-117.1845
SAN,2021,10,0.04032258064516129,0.05741108933619226,744,32.7339,-117.1845
SAN,2021,11,0.17548746518105848,0.11070761134657324,718,32.7339,-117.1845
SAN,2021,12,0.13306451612903225,0.12055842960829176,744,32.7339,-117.1845
SAN,2022,1,0.05241935483870968,0.07016602634581842,744,32.7339,-117.1845
SAN,2022,2,0.02678571428571428,0.02337765096048575,672,32.7339,-117.1845
SAN,2022,3,0.05383580080753701,0.04353008684617609,743,32.7339,-117.1845
SAN,2022,4,0.03055555555555555,0.03751710115167144,720,32.7339,-117.1845
SAN,2022,5,0.03225806451612903,0.03227461184379995,744,32.7339,-117.1845
SAN,2022,6,0.05138888888888889,0.04272557507291721,720,32.7339,-117.1845
SAN,2022,7,0.01747311827956989,0.03866446766030965,744,32.7339,-117.1845
SAN,2022,8,0.0053763440860215,0.03817711189756626,744,32.7339,-117.1845
SAN,2022,9,0.0375,0.05878016689869885,720,32.7339,-117.1845
SAN,2022,10,0.03629032258064516,0.06327705798837761,744,32.7339,-117.1845
SAN,2022,11,0.02785515320334261,0.06028105505605288,718,32.7339,-117.1845
SAN,2022,12,0.0913978494623656,0.1016950648237628,744,32.7339,-117.1845
SAN,2023,1,0.08198924731182795,0.09357526532661606,744,32.7339,-117.1845
SAN,2023,2,0.01488095238095238,0.03683375808014673,672,32.7339,-117.1845
SAN,2023,3,0.126514131897712,0.0875882033978164,743,32.7339,-117.1845
SAN,2023,4,0.08888888888888889,0.04285316310253822,720,32.7339,-117.1845
SAN,2023,5,0.01612903225806451,0.03305125502326215,744,32.7339,-117.1845
SAN,2023,6,0.00835654596100278,0.03417660739379195,718,32.7339,-117.1845
SAN,2023,7,0.05518169582772544,0.04792613398567629,743,32.7339,-117.1845
SAN,2023,8,0.05913978494623656,0.05975891802189571,744,32.7339,-117.1845
SAN,2023,9,0.03472222222222222,0.04773867530942274,720,32.7339,-117.1845
SAN,2023,10,0.1303763440860215,0.07289692778306167,744,32.7339,-117.1845
SAN,2023,11,0.05292479108635097,0.08514832018733201,718,32.7339,-117.1845
SAN,2023,12,0.12634408602150538,0.13307800876919895,744,32.7339,-117.1845
SAN,2024,1,0.10497981157469716,0.11476740872294391,743,32.7339,-117.1845
SAN,2024,2,0.0617816091954023,0.09204695742555905,696,32.7339,-117.1845
SAN,2024,3,0.03633916554508748,0.06691584550220303,743,32.7339,-117.1845
SAN,2024,4,0.02222222222222222,0.05412800067117334,720,32.7339,-117.1845
SAN,2024,5,0.01478494623655914,0.03488424620672469,744,32.7339,-117.1845
SAN,2024,6,0.02222222222222222,0.03868208516602559,720,32.7339,-117.1845
SAN,2024,7,0.04301075268817204,0.04102477160537796,744,32.7339,-117.1845
SAN,2024,8,0.01209677419354838,0.04931453979850787,744,32.7339,-117.1845
SAN,2024,9,0.02777777777777777,0.04864962829419204,720,32.7339,-117.1845
SAN,2024,10,0.24059139784946235,0.0773478257170971,744,32.7339,-117.1845
SAN,2024,11,0.05292479108635097,0.0767017985614014,718,32.7339,-117.1845
SAN,2024,12,0.2418478260869565,0.1398791519218914,736,32.7339,-117.1845
SCK,2019,1,0.36239782016348776,0.24751347577965715,734,37.8942,-121.2383
SCK,2019,2,0.04783258594917788,0.09059972097430384,669,37.8942,-121.2383
SCK,2019,3,0.06359945872801083,0.08952323416202596,739,37.8942,-121.2383
SCK,2019,4,0.01673640167364016,0.06827271953023804,717,37.8942,-121.2383
SCK,2019,5,0.01630434782608695,0.050087006584521,736,37.8942,-121.2383
SCK,2019,6,0,0.0151356472407596,718,37.8942,-121.2383
SCK,2019,7,0,0.01971944166011456,743,37.8942,-121.2383
SCK,2019,8,0,0.02091693348233421,743,37.8942,-121.2383
SCK,2019,9,0.00278940027894002,0.02862322591589387,717,37.8942,-121.2383
SCK,2019,10,0,0.03727925505752923,744,37.8942,-121.2383
SCK,2019,11,0.04775280898876404,0.1761495775712871,712,37.8942,-121.2383
SCK,2019,12,0.3347050754458162,0.26459703984860694,729,37.8942,-121.2383
SCK,2020,1,0.4418604651162791,0.30348557723423647,731,37.8942,-121.2383
SCK,2020,2,0.06195965417867435,0.08827100273742412,694,37.8942,-121.2383
SCK,2020,3,0.02465753424657534,0.08215972861380329,730,37.8942,-121.2383
SCK,2020,4,0.03212290502793296,0.04990361389200341,716,37.8942,-121.2383
SCK,2020,5,0,0.02232017021056461,738,37.8942,-121.2383
SCK,2020,6,0.00139082058414464,0.01276432800201261,719,37.8942,-121.2383
SCK,2020,7,0,0.01880468993226469,744,37.8942,-121.2383
SCK,2020,8,0,0.02142984271032147,738,37.8942,-121.2383
SCK,2020,9,0.00140252454417952,0.03714382242981859,713,37.8942,-121.2383
SCK,2020,10,0.00814111261872455,0.0671337643176067,737,37.8942,-121.2383
SCK,2020,11,0.06610407876230662,0.16578810352163387,711,37.8942,-121.2383
SCK,2020,12,0.27419354838709675,0.2583137454839939,744,37.8942,-121.2383
SCK,2021,1,0.3131720430107527,0.25091269997296534,744,37.8942,-121.2383
SCK,2021,2,0.04613095238095238,0.08263500005584017,672,37.8942,-121.2383
SCK,2021,3,0.0215343203230148,0.05412994755247437,743,37.8942,-121.2383
SCK,2021,4,0,0.02700274850411171,715,37.8942,-121.2383
SCK,2021,5,0.00134408602150537,0.01426718264044592,744,37.8942,-121.2383
SCK,2021,6,0,0.01213264843949355,718,37.8942,-121.2383
SCK,2021,7,0,0.01431404603624841,686,37.8942,-121.2383
SCK,2021,8,0.01075268817204301,0.02311310730811949,744,37.8942,-121.2383
SCK,2021,9,0.00556328233657858,0.03285611958671374,719,37.8942,-121.2383
SCK,2021,10,0.05953991880920163,0.09569678060740046,739,37.8942,-121.2383
SCK,2021,11,0.4064245810055866,0.28612045920519,716,37.8942,-121.2383
SCK,2021,12,0.3521505376344086,0.3395979808085167,744,37.8942,-121.2383
SCK,2022,1,0.44086021505376344,0.33898987103333716,744,37.8942,-121.2383
SCK,2022,2,0.09672619047619048,0.08380217269119125,672,37.8942,-121.2383
SCK,2022,3,0.00673854447439353,0.04951218194064667,742,37.8942,-121.2383
SCK,2022,4,0.00694444444444444,0.03547682627176982,720,37.8942,-121.2383
SCK,2022,5,0,0.01281543011908226,744,37.8942,-121.2383
SCK,2022,6,0,0.01085140575685525,720,37.8942,-121.2383
SCK,2022,7,0,0.01635856417699516,693,37.8942,-121.2383
SCK,2022,8,0,0.02154308844488227,744,37.8942,-121.2383
SCK,2022,9,0,0.04052567088768641,718,37.8942,-121.2383
SCK,2022,10,0.00134408602150537,0.08724249210870531,744,37.8942,-121.2383
SCK,2022,11,0.08217270194986072,0.19875723273577012,718,37.8942,-121.2383
SCK,2022,12,0.5196211096075778,0.39434794354704944,739,37.8942,-121.2383
SCK,2023,1,0.14809590973201692,0.1787313494669754,709,37.8942,-121.2383
SCK,2023,2,0.1402439024390244,0.10432695317800476,656,37.8942,-121.2383
SCK,2023,3,0.07671601615074024,0.09455665680131728,743,37.8942,-121.2383
SCK,2023,4,0.00138888888888888,0.04164011172001159,720,37.8942,-121.2383
SCK,2023,5,0.00134408602150537,0.04852070877489994,744,37.8942,-121.2383
SCK,2023,6,0.00138888888888888,0.02576609105235548,720,37.8942,-121.2383
SCK,2023,7,0,0.02487175999524107,744,37.8942,-121.2383
SCK,2023,8,0,0.02278036326559583,744,37.8942,-121.2383
SCK,2023,9,0.00139082058414464,0.04314768270807022,719,37.8942,-121.2383
SCK,2023,10,0.00809716599190283,0.07565288898389279,741,37.8942,-121.2383
SCK,2023,11,0.08495821727019498,0.17586414567191636,718,37.8942,-121.2383
SCK,2023,12,0.3293010752688172,0.3286394055166672,744,37.8942,-121.2383
SCK,2024,1,0.28225806451612906,0.2718643033157243,744,37.8942,-121.2383
SCK,2024,2,0.16115107913669063,0.14883254716950034,695,37.8942,-121.2383
SCK,2024,3,0.01349527665317139,0.0845963986825849,741,37.8942,-121.2383
SCK,2024,4,0.02638888888888889,0.06714400834413634,720,37.8942,-121.2383
SCK,2024,5,0.00268817204301075,0.02817081406492532,744,37.8942,-121.2383
SCK,2024,6,0,0.01471750560004176,719,37.8942,-121.2383
SCK,2024,7,0,0.01745145897188859,744,37.8942,-121.2383
SCK,2024,8,0,0.02140816155783844,744,37.8942,-121.2383
SCK,2024,9,0,0.03732807641265228,720,37.8942,-121.2383
SCK,2024,10,0.00134408602150537,0.0598168784887993,744,37.8942,-121.2383
SCK,2024,11,0.1309192200557103,0.16275497007801154,718,37.8942,-121.2383
SCK,2024,12,0.485054347826087,0.3381617450276795,736,37.8942,-121.2383
SDM,2019,1,0.14650537634408603,0.09723780016957469,744,32.57,-116.98
SDM,2019,2,0.11607142857142858,0.0633904272581276,672,32.57,-116.98
SDM,2019,3,0.1117092866756393,0.05706982425471058,743,32.57,-116.98
SDM,2019,4,0.10584958217270196,0.05097203216373448,718,32.57,-116.98
SDM,2019,5,0.06182795698924731,0.05476479800993837,744,32.57,-116.98
SDM,2019,6,0.14583333333333334,0.04886087448661177,720,32.57,-116.98
SDM,2019,7,0.19784656796769853,0.04018769425986783,743,32.57,-116.98
SDM,2019,8,0.21024258760107817,0.04068176080444526,742,32.57,-116.98
SDM,2019,9,0.10277777777777776,0.04692466511599681,720,32.57,-116.98
SDM,2019,10,0.06191117092866756,0.04196102443738109,743,32.57,-116.98
SDM,2019,11,0.21074964639321075,0.07676887131642544,707,32.57,-116.98
SDM,2019,12,0.11424731182795698,0.10858128749188388,744,32.57,-116.98
SDM,2020,1,0.16285329744279947,0.08683615315672322,743,32.57,-116.98
SDM,2020,2,0.1307471264367816,0.04064569157311069,696,32.57,-116.98
SDM,2020,3,0.13055181695827725,0.06485323755845834,743,32.57,-116.98
SDM,2020,4,0.16527777777777777,0.06828304655241987,720,32.57,-116.98
SDM,2020,5,0.09543010752688172,0.04359026223000812,744,32.57,-116.98
SDM,2020,6,0.07777777777777778,0.03407394823605298,720,32.57,-116.98
SDM,2020,7,0.08209959623149395,0.03315985711601037,743,32.57,-116.98
SDM,2020,8,0.13844086021505375,0.02954249378046213,744,32.57,-116.98
SDM,2020,9,0.1825962910128388,0.03357744257431809,701,32.57,-116.98
SDM,2020,10,0.06998654104979811,0.0397158161765071,743,32.57,-116.98
SDM,2020,11,0.16852367688022285,0.06516920741888095,718,32.57,-116.98
SDM,2020,12,0.04704301075268817,0.05300963724139071,744,32.57,-116.98
SDM,2021,1,0.08870967741935484,0.05808053726048123,744,32.57,-116.98
SDM,2021,2,0.14583333333333334,0.04882293810745371,672,32.57,-116.98
SDM,2021,3,0.04441453566621804,0.0402089937810672,743,32.57,-116.98
SDM,2021,4,0.07083333333333333,0.02909116503392902,720,32.57,-116.98
SDM,2021,5,0.03763440860215054,0.03716341481229255,744,32.57,-116.98
SDM,2021,6,0.03899721448467967,0.03166820663679261,718,32.57,-116.98
SDM,2021,7,0.03638814016172507,0.03298245339448541,742,32.57,-116.98
SDM,2021,8,0.05937921727395411,0.03538336624110472,741,32.57,-116.98
SDM,2021,9,0.10252808988764044,0.0385770950836896,712,32.57,-116.98
SDM,2021,10,0.08097165991902834,0.05406019586394824,741,32.57,-116.98
SDM,2021,11,0.23537604456824512,0.06431232559620169,718,32.57,-116.98
SDM,2021,12,0.23687752355316288,0.1004242322922836,743,32.57,-116.98
SDM,2022,1,0.07806191117092867,0.05930644655374566,743,32.57,-116.98
SDM,2022,2,0.04910714285714285,0.02172126808372489,672,32.57,-116.98
SDM,2022,3,0.1224764468371467,0.040332264262051,743,32.57,-116.98
SDM,2022,4,0.07361111111111111,0.0341339981406539,720,32.57,-116.98
SDM,2022,5,0.06317204301075269,0.03249124638746888,744,32.57,-116.98
SDM,2022,6,0.12691771269177127,0.03690775969186525,717,32.57,-116.98
SDM,2022,7,0.07816711590296496,0.03179978289107373,742,32.57,-116.98
SDM,2022,8,0.04435483870967742,0.03048210312447746,744,32.57,-116.98
SDM,2022,9,0.09027777777777778,0.04995020423165342,720,32.57,-116.98
SDM,2022,10,0.18733153638814015,0.06218284148282956,742,32.57,-116.98
SDM,2022,11,0.06005586592178771,0.05877832078653604,716,32.57,-116.98
SDM,2022,12,0.0847913862718708,0.09174730442511356,743,32.57,-116.98
SDM,2023,1,0.1238095238095238,0.10150724551291997,735,32.57,-116.98
SDM,2023,2,0.05216095380029806,0.03811200471355853,671,32.57,-116.98
SDM,2023,3,0.18758434547908232,0.08856473650607971,741,32.57,-116.98
SDM,2023,4,0.22777777777777777,0.04038376786338631,720,32.57,-116.98
SDM,2023,5,0.1426648721399731,0.04812271479256501,743,32.57,-116.98
SDM,2023,6,0.04027777777777778,0.03824147926675828,720,32.57,-116.98
SDM,2023,7,0.24596774193548387,0.03040540969936222,744,32.57,-116.98
SDM,2023,8,0.1895161290322581,0.04820766647284354,744,32.57,-116.98
SDM,2023,9,0.12361111111111112,0.04569952080702125,720,32.57,-116.98
SDM,2023,10,0.14650537634408603,0.0571652385477391,744,32.57,-116.98
SDM,2023,11,0.08507670850767085,0.06872143617518132,717,32.57,-116.98
SDM,2023,12,0.18010752688172044,0.0988265790953739,744,32.57,-116.98
SDM,2024,1,0.17092866756393002,0.10681603598367036,743,32.57,-116.98
SDM,2024,2,0.17510853835021709,0.08850788592186375,691,32.57,-116.98
SDM,2024,3,0.17362045760430686,0.06541389490610608,743,32.57,-116.98
SDM,2024,4,0.19166666666666668,0.05364754375671812,720,32.57,-116.98
SDM,2024,5,0.08736559139784947,0.04308731294104389,744,32.57,-116.98
SDM,2024,6,0.1527777777777778,0.04070868227265439,720,32.57,-116.98
SDM,2024,7,0.2217741935483871,0.03230355338707331,744,32.57,-116.98
SDM,2024,8,0.2029569892473118,0.03583954904595846,744,32.57,-116.98
SDM,2024,9,0.17083333333333334,0.03566322814311004,720,32.57,-116.98
SDM,2024,10,0.2849462365591398,0.04859594064492417,744,32.57,-116.98
SDM,2024,11,0.08356545961002786,0.05722172218838623,718,32.57,-116.98
SDM,2024,12,0.2962962962962963,0.08574407375564566,729,32.57,-116.98
SIY,2019,1,0.02828854314002828,0.0896650956831003,707,41.7737,-122.4682
SIY,2019,2,0.11094452773613192,0.08563362862188732,667,41.7737,-122.4682
SIY,2019,3,0.0163265306122449,0.04829265888492089,735,41.7737,-122.4682
SIY,2019,4,0.00972222222222222,0.04000801443811118,720,41.7737,-122.4682
SIY,2019,5,0.00404858299595141,0.02873824710472878,741,41.7737,-122.4682
SIY,2019,6,0,0.00967472318556651,720,41.7737,-122.4682
SIY,2019,7,0,0.00608488621495819,742,41.7737,-122.4682
SIY,2019,8,0.00269541778975741,0.00776271091630077,742,41.7737,-122.4682
SIY,2019,9,0.00833333333333333,0.02476252783962991,720,41.7737,-122.4682
SIY,2019,10,0.01079622132253711,0.01968259564008596,741,41.7737,-122.4682
SIY,2019,11,0.03212290502793296,0.04151494789671207,716,41.7737,-122.4682
SIY,2019,12,0.11994609164420485,0.10490571840344916,742,41.7737,-122.4682
SIY,2020,1,0.11320754716981132,0.10548809409515576,742,41.7737,-122.4682
SIY,2020,2,0.03591954022988505,0.030925477492615,696,41.7737,-122.4682
SIY,2020,3,0.00942126514131897,0.03538894025453154,743,41.7737,-122.4682
SIY,2020,4,0.00278164116828929,0.02042332734442763,719,41.7737,-122.4682
SIY,2020,5,0.00808625336927223,0.02340538856730924,742,41.7737,-122.4682
SIY,2020,6,0,0.0164297005886005,720,41.7737,-122.4682
SIY,2020,7,0,0.00411879565385966,743,41.7737,-122.4682
SIY,2020,8,0.00135135135135135,0.00452422395362707,740,41.7737,-122.4682
SIY,2020,9,0,0.0074064081591334,720,41.7737,-122.4682
SIY,2020,10,0,0.01336478317275069,734,41.7737,-122.4682
SIY,2020,11,0.07799442896935933,0.05309965695993206,718,41.7737,-122.4682
SIY,2020,12,0.1532258064516129,0.0721619881708951,744,41.7737,-122.4682
SIY,2021,1,0.1857335127860027,0.08159167419766197,743,41.7737,-122.4682
SIY,2021,2,0.04769001490312966,0.06068863120570574,671,41.7737,-122.4682
SIY,2021,3,0.02995720399429386,0.02900256356382184,701,41.7737,-122.4682
SIY,2021,4,0,0.00980791703041988,718,41.7737,-122.4682
SIY,2021,5,0,0.0090032290925331,739,41.7737,-122.4682
SIY,2021,6,0.00138888888888888,0.00905512934874018,720,41.7737,-122.4682
SIY,2021,7,0,0.0033338163434252,743,41.7737,-122.4682
SIY,2021,8,0,0.00508575578403688,741,41.7737,-122.4682
SIY,2021,9,0.0125,0.01174291802267867,720,41.7737,-122.4682
SIY,2021,10,0.03773584905660377,0.04730327408873749,742,41.7737,-122.4682
SIY,2021,11,0.1671309192200557,0.06849481876904513,718,41.7737,-122.4682
SIY,2021,12,0.21216216216216216,0.0928744826981848,740,41.7737,-122.4682
SIY,2022,1,0.03897849462365591,0.06303769079699201,744,41.7737,-122.4682
SIY,2022,2,0.01788375558867362,0.01898663736142123,671,41.7737,-122.4682
SIY,2022,3,0.00269179004037685,0.02492869397273417,743,41.7737,-122.4682
SIY,2022,4,0.00555555555555555,0.02983101358412467,720,41.7737,-122.4682
SIY,2022,5,0.0054054054054054,0.01834751069152451,740,41.7737,-122.4682
SIY,2022,6,0,0.01691764194567873,719,41.7737,-122.4682
SIY,2022,7,0.00134952766531713,0.00787742742327546,741,41.7737,-122.4682
SIY,2022,8,0,0.0056014312846985204,742,41.7737,-122.4682
SIY,2022,9,0.00138888888888888,0.01385677180636169,720,41.7737,-122.4682
SIY,2022,10,0.00272108843537414,0.01400497103684905,735,41.7737,-122.4682
SIY,2022,11,0.03076923076923077,0.04724164857183928,715,41.7737,-122.4682
SIY,2022,12,0.1386271870794078,0.1106076662852974,743,41.7737,-122.4682
SIY,2023,1,0.04177897574123989,0.07786577607623008,742,41.7737,-122.4682
SIY,2023,2,0.05547226386806597,0.04339919634832898,667,41.7737,-122.4682
SIY,2023,3,0.04576043068640646,0.06470830341510245,743,41.7737,-122.4682
SIY,2023,4,0.00140449438202247,0.02796645233075048,712,41.7737,-122.4682
SIY,2023,5,0.00825309491059147,0.03262624959389332,727,41.7737,-122.4682
SIY,2023,6,0,0.01565482580327726,720,41.7737,-122.4682
SIY,2023,7,0,0.00415642369933152,734,41.7737,-122.4682
SIY,2023,8,0.013531799729364,0.01064272219279254,739,41.7737,-122.4682
SIY,2023,9,0.00277777777777777,0.01981450936857274,720,41.7737,-122.4682
SIY,2023,10,0.01486486486486486,0.02987600640225463,740,41.7737,-122.4682
SIY,2023,11,0.03770949720670391,0.04456884536128647,716,41.7737,-122.4682
SIY,2023,12,0.125,0.10982941063646708,744,41.7737,-122.4682
SIY,2024,1,0.10349462365591398,0.1296112268298779,744,41.7737,-122.4682
SIY,2024,2,0.03591954022988505,0.07028734388369157,696,41.7737,-122.4682
SIY,2024,3,0.02288021534320323,0.04788694636204341,743,41.7737,-122.4682
SIY,2024,4,0.03194444444444444,0.02822231321996595,720,41.7737,-122.4682
SIY,2024,5,0.00944669365721997,0.01861777196472696,741,41.7737,-122.4682
SIY,2024,6,0,0.00705331800393403,704,41.7737,-122.4682
SIY,2024,7,0,0.0046798890167173,739,41.7737,-122.4682
SIY,2024,8,0.00272851296043656,0.01134447008704876,733,41.7737,-122.4682
SIY,2024,9,0,0.0124264556387275,714,41.7737,-122.4682
SIY,2024,10,0.00945945945945946,0.02298029854176314,740,41.7737,-122.4682
SIY,2024,11,0.04984894259818731,0.08371576274044563,662,41.7737,-122.4682
SIY,2024,12,0.17551020408163265,0.10289353426786609,735,41.7737,-122.4682
SLI,2019,1,0.16238159675236807,0.1862068377234828,739,33.79,-118.052
SLI,2019,2,0.09763779527559056,0.07610230158783467,635,33.79,-118.052
SLI,2019,3,0.07496463932107496,0.08700921010419323,707,33.79,-118.052
SLI,2019,4,0.04067321178120617,0.05245849600311259,713,33.79,-118.052
SLI,2019,5,0.03940217391304348,0.04709759884660699,736,33.79,-118.052
SLI,2019,6,0.03138373751783167,0.03792051461762077,701,33.79,-118.052
SLI,2019,7,0.03566529492455418,0.04200841114803285,729,33.79,-118.052
SLI,2019,8,0.02841677943166441,0.05673587725010066,739,33.79,-118.052
SLI,2019,9,0.05189340813464235,0.05553540552680238,713,33.79,-118.052
SLI,2019,10,0.0380952380952381,0.0615342801408272,735,33.79,-118.052
SLI,2019,11,0.16901408450704225,0.1565549913928254,710,33.79,-118.052
SLI,2019,12,0.11684782608695651,0.16641883386657116,736,33.79,-118.052
SLI,2020,1,0.16846361185983827,0.1949527858390292,742,33.79,-118.052
SLI,2020,2,0.10869565217391304,0.07776512488456228,690,33.79,-118.052
SLI,2020,3,0.07044198895027624,0.07940181152790898,724,33.79,-118.052
SLI,2020,4,0.08531468531468532,0.09132952720408775,715,33.79,-118.052
SLI,2020,5,0.1008174386920981,0.05047025256741053,734,33.79,-118.052
SLI,2020,11,0.18828451882845187,0.13525636421128162,717,33.79,-118.052
SLI,2020,12,0.03551912568306011,0.0894916289703236,732,33.79,-118.052
SLI,2021,3,0.03673469387755102,0.04834313276010014,735,33.79,-118.052
SLI,2021,4,0.01825842696629213,0.0412995895930681,712,33.79,-118.052
SLI,2021,5,0.01641586867305061,0.03729806884732441,731,33.79,-118.052
SLI,2021,6,0.0546218487394958,0.03897201266310619,714,33.79,-118.052
SLI,2021,7,0.02754820936639118,0.04126749568462972,726,33.79,-118.052
SLI,2021,8,0.04172461752433936,0.05040678540942543,719,33.79,-118.052
SLI,2021,9,0.05006954102920723,0.05534668164897673,719,33.79,-118.052
SLI,2021,10,0.05277401894451962,0.07468962979346075,739,33.79,-118.052
SLI,2021,11,0.2928870292887029,0.16446144513609187,717,33.79,-118.052
SLI,2021,12,0.25757575757575757,0.20365994748500363,726,33.79,-118.052
SLI,2022,1,0.11813186813186811,0.13792591830964998,728,33.79,-118.052
SLI,2022,2,0.0029940119760479,0.02772969476290292,668,33.79,-118.052
SLI,2022,3,0.05953991880920163,0.05846819867600821,739,33.79,-118.052
SLI,2022,4,0.0364656381486676,0.04246676817095837,713,33.79,-118.052
SLI,2022,5,0.0108254397834912,0.03717139180033204,739,33.79,-118.052
SLI,2022,6,0.01841359773371104,0.0422818725634328,706,33.79,-118.052
SLI,2022,7,0.07661290322580645,0.04009277075942185,744,33.79,-118.052
SLI,2022,8,0.01790633608815427,0.0420269211601067,726,33.79,-118.052
SLI,2022,10,0.03703703703703703,0.07600816886829576,729,33.79,-118.052
SLI,2022,11,0.06039325842696629,0.0915055440341808,712,33.79,-118.052
SLI,2022,12,0.13593539703903096,0.16277336584583357,743,33.79,-118.052
SLI,2023,1,0.15683453237410072,0.15814026368266013,695,33.79,-118.052
SLI,2023,2,0.03726708074534161,0.05308526028265818,644,33.79,-118.052
SLI,2023,3,0.13728129205921938,0.119570723349043,743,33.79,-118.052
SLI,2023,4,0.07649513212795549,0.06174638088707072,719,33.79,-118.052
SLI,2023,5,0.05810810810810811,0.04567450436675367,740,33.79,-118.052
SLI,2023,6,0.03641456582633053,0.04187054960993027,714,33.79,-118.052
SLI,2023,7,0.0945945945945946,0.04365833823716997,740,33.79,-118.052
SLI,2023,8,0.06105834464043419,0.07829667058403085,737,33.79,-118.052
SLI,2023,9,0.03253182461103253,0.06522665204973614,707,33.79,-118.052
SLI,2023,10,0.10931174089068826,0.09130498324795822,741,33.79,-118.052
SLI,2023,11,0.05099150141643059,0.10813993802947117,706,33.79,-118.052
SLI,2023,12,0.09849521203830368,0.19555006217782891,731,33.79,-118.052
SLI,2024,1,0.1346938775510204,0.1922454433609117,735,33.79,-118.052
SLI,2024,2,0.17485549132947978,0.1567332839638377,692,33.79,-118.052
SLI,2024,3,0.06906077348066299,0.09172612858694355,724,33.79,-118.052
SLI,2024,4,0.1211699164345404,0.06683629596217414,718,33.79,-118.052
SLI,2024,5,0.06858710562414266,0.03895319114513925,729,33.79,-118.052
SLI,2024,6,0.09305555555555556,0.03867665215253105,720,33.79,-118.052
SLI,2024,7,0.18503401360544217,0.04290501378052139,735,33.79,-118.052
SLI,2024,8,0.11444141689373297,0.05484152393301692,734,33.79,-118.052
SLI,2024,9,0.1404728789986092,0.05919280209836339,719,33.79,-118.052
SLI,2024,10,0.27860026917900405,0.09278056197299923,743,33.79,-118.052
SLI,2024,11,0.125,0.12422526764092846,712,33.79,-118.052
SLI,2024,12,0.3136966126656848,0.21764926177337052,679,33.79,-118.052
SMX,2019,1,0.16532258064516128,0.12495612346107812,744,34.9,-120.45
SMX,2019,2,0.08968609865470852,0.06559053261403094,669,34.9,-120.45
SMX,2019,3,0.09959623149394348,0.062686132352823,743,34.9,-120.45
SMX,2019,4,0.3263888888888889,0.05738067813249977,720,34.9,-120.45
SMX,2019,5,0.19623655913978497,0.06897132690296189,744,34.9,-120.45
SMX,2019,6,0.19914651493598864,0.0670975076442367,703,34.9,-120.45
SMX,2019,7,0.3844086021505376,0.05789126157712113,744,34.9,-120.45
SMX,2019,8,0.30364372469635625,0.07213808312699797,741,34.9,-120.45
SMX,2019,9,0.2141863699582754,0.04542866750391684,719,34.9,-120.45
SMX,2019,10,0.1129032258064516,0.02191852280755542,744,34.9,-120.45
SMX,2019,11,0.20641562064156208,0.08267738703500954,717,34.9,-120.45
SMX,2019,12,0.180349932705249,0.10657477408458264,743,34.9,-120.45
SMX,2020,1,0.09543010752688172,0.05976186341512823,744,34.9,-120.45
SMX,2020,2,0.14511494252873564,0.0340116248176207,696,34.9,-120.45
SMX,2020,3,0.0955585464333782,0.06191130333260757,743,34.9,-120.45
SMX,2020,4,0.16666666666666666,0.04945123481350796,720,34.9,-120.45
SMX,2020,5,0.1532258064516129,0.04166952020766261,744,34.9,-120.45
SMX,2020,6,0.20277777777777775,0.04886393423835721,720,34.9,-120.45
SMX,2020,7,0.31451612903225806,0.06101772947224691,744,34.9,-120.45
SMX,2020,8,0.24865591397849465,0.05326772725111955,744,34.9,-120.45
SMX,2020,9,0.38055555555555554,0.05588957278887392,720,34.9,-120.45
SMX,2020,10,0.19086021505376344,0.05614742032056349,744,34.9,-120.45
SMX,2020,11,0.10724233983286909,0.03908594460254159,718,34.9,-120.45
SMX,2020,12,0.13997308209959622,0.05185304574316184,743,34.9,-120.45
SMX,2021,1,0.15591397849462366,0.0841240562225995,744,34.9,-120.45
SMX,2021,2,0.1324404761904762,0.03683547698286323,672,34.9,-120.45
SMX,2021,3,0.07008086253369272,0.04523548915118702,742,34.9,-120.45
SMX,2021,4,0.2513888888888889,0.03617354335882636,720,34.9,-120.45
SMX,2021,5,0.28225806451612906,0.04844065514051728,744,34.9,-120.45
SMX,2021,6,0.1875,0.06163779530955556,720,34.9,-120.45
SMX,2021,7,0.31586021505376344,0.06424748913590891,744,34.9,-120.45
SMX,2021,8,0.34543010752688175,0.077907069717967,744,34.9,-120.45
SMX,2021,9,0.36022253129346316,0.08186027738757908,719,34.9,-120.45
SMX,2021,10,0.1854838709677419,0.05830643778952885,744,34.9,-120.45
SMX,2021,11,0.16852367688022285,0.07525307654654789,718,34.9,-120.45
SMX,2021,12,0.1760752688172043,0.1419455614077085,744,34.9,-120.45
SMX,2022,1,0.1129032258064516,0.06170598939433568,744,34.9,-120.45
SMX,2022,2,0.05952380952380952,0.02004556572813141,672,34.9,-120.45
SMX,2022,3,0.15881561238223418,0.03741159345423502,743,34.9,-120.45
SMX,2022,4,0.17246175243393602,0.03179890523259547,719,34.9,-120.45
SMX,2022,5,0.25268817204301075,0.0316263088270814,744,34.9,-120.45
SMX,2022,6,0.25833333333333336,0.03327389216461193,720,34.9,-120.45
SMX,2022,7,0.1881720430107527,0.06245792032468573,744,34.9,-120.45
SMX,2022,8,0.23655913978494625,0.06538722071463683,744,34.9,-120.45
SMX,2022,9,0.2361111111111111,0.06510483963558929,720,34.9,-120.45
SMX,2022,10,0.276566757493188,0.08230015144182866,734,34.9,-120.45
SMX,2022,11,0.03781512605042016,0.05575072707957914,714,34.9,-120.45
SMX,2022,12,0.1989100817438692,0.14922226921938186,734,34.9,-120.45
SMX,2023,1,0.13019390581717452,0.10021320042839542,722,34.9,-120.45
SMX,2023,2,0.0819423368740516,0.04975583897380664,659,34.9,-120.45
SMX,2023,3,0.12602739726027398,0.08744631193734527,730,34.9,-120.45
SMX,2023,4,0.24444444444444444,0.03986748177065035,720,34.9,-120.45
SMX,2023,5,0.19623655913978497,0.0736595773643824,744,34.9,-120.45
SMX,2023,6,0.1571627260083449,0.07112493249012924,719,34.9,-120.45
SMX,2023,7,0.32570659488559894,0.05851134237832381,743,34.9,-120.45
SMX,2023,8,0.3239247311827957,0.07242027612704088,744,34.9,-120.45
SMX,2023,9,0.2638888888888889,0.08290005965577116,720,34.9,-120.45
SMX,2023,10,0.1854838709677419,0.05382678560374032,744,34.9,-120.45
SMX,2023,11,0.06694560669456066,0.05777084484923374,717,34.9,-120.45
SMX,2023,12,0.12113055181695828,0.10816059159669614,743,34.9,-120.45
SMX,2024,1,0.13648648648648648,0.09159844253917,740,34.9,-120.45
SMX,2024,2,0.09913793103448276,0.09266387756151848,696,34.9,-120.45
SMX,2024,3,0.09959623149394348,0.06255403414373643,743,34.9,-120.45
SMX,2024,4,0.18219749652294853,0.05057584395213117,719,34.9,-120.45
SMX,2024,5,0.23521505376344087,0.05347041258687324,744,34.9,-120.45
SMX,2024,6,0.3402777777777778,0.05947161176647771,720,34.9,-120.45
SMX,2024,7,0.28360215053763443,0.0646639495547573,744,34.9,-120.45
SMX,2024,8,0.2691790040376851,0.06269747967199418,743,34.9,-120.45
SMX,2024,9,0.2875,0.07690461387472977,720,34.9,-120.45
SMX,2024,10,0.26522327469553453,0.06602463717813413,739,34.9,-120.45
SMX,2024,11,0.09610027855153204,0.07372384255299277,718,34.9,-120.45
SMX,2024,12,0.2317241379310345,0.09631745941808512,725,34.9,-120.45
SUU,2019,1,0.19973009446693657,0.24690119952513925,741,38.2627,-121.9275
SUU,2019,2,0.07004470938897168,0.10696538652629271,671,38.2627,-121.9275
SUU,2019,3,0.03988995873452544,0.09676113151102884,727,38.2627,-121.9275
SUU,2019,4,0.00699300699300699,0.06253183600525339,715,38.2627,-121.9275
SUU,2019,5,0.01362397820163487,0.0443276737291494,734,38.2627,-121.9275
SUU,2019,6,0,0.01626976749555456,707,38.2627,-121.9275
SUU,2019,7,0,0.01970586305485441,736,38.2627,-121.9275
SUU,2019,8,0,0.02268264327885133,741,38.2627,-121.9275
SUU,2019,9,0,0.02554144165860711,713,38.2627,-121.9275
SUU,2019,10,0.00136798905608755,0.02206678984843757,731,38.2627,-121.9275
SUU,2019,11,0.02237762237762237,0.12464224814601776,715,38.2627,-121.9275
SUU,2019,12,0.31029810298102983,0.2881619498808174,738,38.2627,-121.9275
SUU,2020,1,0.21997300944669365,0.265990705925006,741,38.2627,-121.9275
SUU,2020,2,0.04796511627906977,0.06951246588403931,688,38.2627,-121.9275
SUU,2020,3,0.01219512195121951,0.06085496084778166,738,38.2627,-121.9275
SUU,2020,4,0.01256983240223463,0.04131633310889963,716,38.2627,-121.9275
SUU,2020,5,0.0081081081081081,0.02593917507722319,740,38.2627,-121.9275
SUU,2020,6,0,0.01264638769502614,718,38.2627,-121.9275
SUU,2020,7,0,0.0186012352328985,737,38.2627,-121.9275
SUU,2020,8,0.00143266475644699,0.01776318849916009,698,38.2627,-121.9275
SUU,2020,9,0.00840336134453781,0.0269574411025079,714,38.2627,-121.9275
SUU,2020,10,0,0.03219822388141719,742,38.2627,-121.9275
SUU,2020,11,0.01820728291316526,0.11989607314387772,714,38.2627,-121.9275
SUU,2020,12,0.1527027027027027,0.1746546166431398,740,38.2627,-121.9275
SUU,2021,1,0.21448087431693988,0.22824912724995483,732,38.2627,-121.9275
SUU,2021,2,0.02907915993537964,0.06596895334647851,619,38.2627,-121.9275
SUU,2021,3,0.0067750677506775,0.04346949615170939,738,38.2627,-121.9275
SUU,2021,4,0,0.0205930374947093,703,38.2627,-121.9275
SUU,2021,5,0,0.01220459184542692,723,38.2627,-121.9275
SUU,2021,6,0,0.01400485744887155,706,38.2627,-121.9275
SUU,2021,7,0,0.02130130912716865,740,38.2627,-121.9275
SUU,2021,8,0,0.02604672083733001,727,38.2627,-121.9275
SUU,2021,9,0,0.02805643241358209,707,38.2627,-121.9275
SUU,2021,10,0.07891156462585033,0.08540038515593489,735,38.2627,-121.9275
SUU,2021,11,0.3202797202797203,0.24188064401806497,715,38.2627,-121.9275
SUU,2021,12,0.39620081411126185,0.29804946410215716,737,38.2627,-121.9275
SUU,2022,1,0.25546448087431695,0.23974015825947168,732,38.2627,-121.9275
SUU,2022,2,0.02111613876319758,0.045155910323978,663,38.2627,-121.9275
SUU,2022,3,0.00687757909215955,0.04759470856891999,727,38.2627,-121.9275
SUU,2022,4,0.00284900284900284,0.03058736017672013,702,38.2627,-121.9275
SUU,2022,5,0,0.01361480248693114,739,38.2627,-121.9275
SUU,2022,6,0.0028169014084507,0.01171964577400833,710,38.2627,-121.9275
SUU,2022,7,0,0.02251142669549966,743,38.2627,-121.9275
SUU,2022,8,0,0.02738089125275715,741,38.2627,-121.9275
SUU,2022,9,0.00431654676258992,0.04281717941572005,695,38.2627,-121.9275
SUU,2022,10,0.00409276944065484,0.05147072914028527,733,38.2627,-121.9275
SUU,2022,11,0.00979020979020979,0.10429281128189442,715,38.2627,-121.9275
SUU,2022,12,0.3733153638814016,0.33492293686297225,742,38.2627,-121.9275
SUU,2023,1,0.1224764468371467,0.16750279514082678,743,38.2627,-121.9275
SUU,2023,2,0.03686635944700461,0.10113004233206002,651,38.2627,-121.9275
SUU,2023,3,0.05675675675675676,0.10289861656980262,740,38.2627,-121.9275
SUU,2023,4,0.00557880055788005,0.04169876100687048,717,38.2627,-121.9275
SUU,2023,5,0.00135685210312075,0.04520889843984354,737,38.2627,-121.9275
SUU,2023,6,0,0.02245767954485016,707,38.2627,-121.9275
SUU,2023,7,0,0.02137562109780217,738,38.2627,-121.9275
SUU,2023,8,0,0.02440869216176932,737,38.2627,-121.9275
SUU,2023,9,0,0.04181336384192215,701,38.2627,-121.9275
SUU,2023,10,0.01917808219178082,0.04873465269107104,730,38.2627,-121.9275
SUU,2023,11,0.01137980085348506,0.10298473712727216,703,38.2627,-121.9275
SUU,2023,12,0.1771978021978022,0.2857507477443445,728,38.2627,-121.9275
SUU,2024,1,0.2395128552097429,0.2833969184970647,739,38.2627,-121.9275
SUU,2024,2,0.07342143906020558,0.1402147968779024,681,38.2627,-121.9275
SUU,2024,3,0.01917808219178082,0.07805585433610983,730,38.2627,-121.9275
SUU,2024,4,0.00974930362116991,0.06607254961978003,718,38.2627,-121.9275
SUU,2024,5,0.00683994528043775,0.02334863350394777,731,38.2627,-121.9275
SUU,2024,6,0,0.01313108627387377,718,38.2627,-121.9275
SUU,2024,7,0,0.0160682723965056,739,38.2627,-121.9275
SUU,2024,8,0,0.02199786834954347,736,38.2627,-121.9275
SUU,2024,9,0,0.03522587682256374,718,38.2627,-121.9275
SUU,2024,10,0.00269905533063427,0.03720448665940184,741,38.2627,-121.9275
SUU,2024,11,0.12167832167832168,0.14291693755650203,715,38.2627,-121.9275
SUU,2024,12,0.38055555555555554,0.29572238158725667,720,38.2627,-121.9275
SVE,2019,1,0.06500691562932227,0.17314813841896887,723,40.3757,-120.5727
SVE,2019,3,0.05135135135135135,0.08127604599576443,740,40.3757,-120.5727
SVE,2019,4,0.00138888888888888,0.05520541629416079,720,40.3757,-120.5727
SVE,2019,5,0.00539083557951482,0.03098071459359163,742,40.3757,-120.5727
SVE,2019,6,0,0.00791821170672732,666,40.3757,-120.5727
SVE,2019,7,0,0.0043230178380718,744,40.3757,-120.5727
SVE,2019,8,0,0.00656734915946983,741,40.3757,-120.5727
SVE,2019,9,0.00278164116828929,0.02105480440597921,719,40.3757,-120.5727
SVE,2019,10,0,0.01790672864628925,731,40.3757,-120.5727
SVE,2019,11,0.00417827298050139,0.0496315895278178,718,40.3757,-120.5727
SVE,2019,12,0.149025069637883,0.23958922720911152,718,40.3757,-120.5727
SVE,2020,1,0.01398601398601398,0.13063281179711847,715,40.3757,-120.5727
SVE,2020,3,0.0206043956043956,0.05515663914963255,728,40.3757,-120.5727
SVE,2020,5,0,0.01568061736367535,743,40.3757,-120.5727
SVE,2020,6,0,0.00660812513039369,720,40.3757,-120.5727
SVE,2021,1,0.03108108108108108,0.1440091210700622,740,40.3757,-120.5727
SVE,2021,2,0.00297619047619047,0.06729912856618674,672,40.3757,-120.5727
SVE,2021,3,0.00539811066126855,0.03144947462306734,741,40.3757,-120.5727
SVE,2021,4,0,0.00935807657921426,715,40.3757,-120.5727
SVE,2021,5,0.00137741046831955,0.00742759830164453,726,40.3757,-120.5727
SVE,2021,8,0.00136612021857923,0.00371400066673669,732,40.3757,-120.5727
SVE,2022,5,0.00539811066126855,0.01162974875146653,741,40.3757,-120.5727
SVE,2022,6,0,0.00709139102531317,712,40.3757,-120.5727
SVE,2022,8,0,0.00559494209389326,743,40.3757,-120.5727
SVE,2022,9,0.00418410041841004,0.01476183834107725,717,40.3757,-120.5727
SVE,2022,10,0,0.01067480163748688,743,40.3757,-120.5727
SVE,2022,11,0.03304597701149425,0.10491175294536616,696,40.3757,-120.5727
SVE,2023,1,0.06486486486486487,0.15231426397111972,740,40.3757,-120.5727
SVE,2023,2,0.02083333333333333,0.06357078967439952,672,40.3757,-120.5727
SVE,2023,3,0.04189189189189189,0.07395692256946318,740,40.3757,-120.5727
SVE,2023,4,0.00277777777777777,0.03629268770164344,720,40.3757,-120.5727
SVE,2023,5,0.00135135135135135,0.02666388828672368,740,40.3757,-120.5727
SVE,2023,6,0.00278164116828929,0.01693674247784433,719,40.3757,-120.5727
SVE,2023,7,0,0.00288584667077395,744,40.3757,-120.5727
SVE,2023,8,0,0.01151037785054772,743,40.3757,-120.5727
SVE,2023,9,0.01111111111111111,0.0206737198387499,720,40.3757,-120.5727
SVE,2023,10,0,0.01640214126498354,741,40.3757,-120.5727
SVE,2023,11,0.04189944134078212,0.06033225147074411,716,40.3757,-120.5727
SVE,2023,12,0.14150943396226415,0.15047248573396405,742,40.3757,-120.5727
SVE,2024,1,0.06191117092866756,0.1705172775090142,743,40.3757,-120.5727
SVE,2024,2,0.05094614264919941,0.10214338749592916,687,40.3757,-120.5727
SVE,2024,3,0.01756954612005856,0.05676933721738757,683,40.3757,-120.5727
TQS,2024,3,0.09269662921348316,0.03826187875218626,712,34.636,-120.6161
TQS,2024,9,0.324822695035461,0.04383300226082669,705,34.636,-120.6161
TQS,2024,10,0.29379310344827586,0.043543364572627787,725,34.636,-120.6161
TQS,2024,11,0.05932203389830508,0.04506711062638478,708,34.636,-120.6161
TVL,2019,1,0.15591397849462366,0.14895966375980185,744,38.8939,-119.9953
TVL,2019,2,0.3844984802431611,0.12298066667734014,658,38.8939,-119.9953
TVL,2019,3,0.17092866756393002,0.08291612013774607,743,38.8939,-119.9953
TVL,2019,4,0.05586592178770949,0.0614232807755132,716,38.8939,-119.9953
TVL,2019,5,0.06989247311827956,0.08086919972343841,744,38.8939,-119.9953
TVL,2019,6,0,0.03107323855883831,718,38.8939,-119.9953
TVL,2019,7,0,0.01570340327898814,744,38.8939,-119.9953
TVL,2019,8,0,0.01760687751764987,744,38.8939,-119.9953
TVL,2019,9,0.01675977653631285,0.02938041131856966,716,38.8939,-119.9953
TVL,2019,10,0,0.02240362045685559,742,38.8939,-119.9953
TVL,2019,11,0.08926080892608089,0.05530826539461042,717,38.8939,-119.9953
TVL,2019,12,0.2217453505007153,0.18321797629026895,699,38.8939,-119.9953
TVL,2020,1,0.06048387096774194,0.11282016311882324,744,38.8939,-119.9953
TVL,2020,2,0.02453102453102453,0.03411072710613636,693,38.8939,-119.9953
TVL,2020,3,0.16150740242261102,0.07721966665619194,743,38.8939,-119.9953
TVL,2020,4,0.08926080892608089,0.06133498929699459,717,38.8939,-119.9953
TVL,2020,5,0.02702702702702703,0.04686971317891762,740,38.8939,-119.9953
TVL,2020,6,0.00833333333333333,0.0216518278198944,720,38.8939,-119.9953
TVL,2020,7,0,0.01401643813412476,744,38.8939,-119.9953
TVL,2020,8,0.00807537012113055,0.02115349159276734,743,38.8939,-119.9953
TVL,2020,9,0.00558659217877095,0.01322019122821908,716,38.8939,-119.9953
TVL,2020,10,0,0.01273636181083988,744,38.8939,-119.9953
TVL,2020,11,0.04874651810584958,0.09439010989862302,718,38.8939,-119.9953
TVL,2020,12,0.07951482479784366,0.11206153069617794,742,38.8939,-119.9953
TVL,2021,1,0.09959623149394348,0.1288372700238628,743,38.8939,-119.9953
TVL,2021,2,0.06547619047619048,0.06657069668151616,672,38.8939,-119.9953
TVL,2021,3,0.05263157894736842,0.04771099568645667,741,38.8939,-119.9953
TVL,2021,4,0.03138373751783167,0.03134074390463308,701,38.8939,-119.9953
TVL,2021,5,0.02997275204359673,0.0278249434163738,734,38.8939,-119.9953
TVL,2021,6,0,0.01150185952621914,693,38.8939,-119.9953
TVL,2022,1,0.01478494623655914,0.099579053009004,744,38.8939,-119.9953
TVL,2022,2,0.0208955223880597,0.03796047426954802,670,38.8939,-119.9953
TVL,2022,3,0.0215343203230148,0.04666402928633327,743,38.8939,-119.9953
TVL,2022,4,0.06944444444444445,0.05118364749408404,720,38.8939,-119.9953
TVL,2022,5,0.03274215552523874,0.03148478146872418,733,38.8939,-119.9953
TVL,2022,7,0,0.01111659238506674,740,38.8939,-119.9953
TVL,2022,8,0.0081190798376184,0.02204087908292776,739,38.8939,-119.9953
TVL,2022,9,0.03198887343532684,0.02926604912398701,719,38.8939,-119.9953
TVL,2022,10,0.00134589502018842,0.02117901901026039,743,38.8939,-119.9953
TVL,2022,11,0.0967741935483871,0.122613682304829,713,38.8939,-119.9953
TVL,2022,12,0.35661218424962854,0.1742204392673434,673,38.8939,-119.9953
TVL,2023,3,0.2601078167115903,0.09345369601705064,742,38.8939,-119.9953
TVL,2023,4,0.01666666666666666,0.04428096396554287,720,38.8939,-119.9953
TVL,2023,5,0.06048387096774194,0.08239017701138221,744,38.8939,-119.9953
TVL,2023,6,0.01388888888888888,0.0626819458421475,720,38.8939,-119.9953
TVL,2023,7,0,0.00734117363026598,744,38.8939,-119.9953
TVL,2023,8,0.00680272108843537,0.03465563458767497,735,38.8939,-119.9953
TVL,2023,9,0.0125173852573018,0.05119481316376775,719,38.8939,-119.9953
TVL,2023,10,0.00403225806451612,0.03575842271784886,744,38.8939,-119.9953
TVL,2023,11,0.04803493449781659,0.09698505110576412,687,38.8939,-119.9953
TVL,2023,12,0.08985507246376812,0.1403417308723716,690,38.8939,-119.9953
TVL,2024,1,0.1129032258064516,0.1571430304890088,744,38.8939,-119.9953
TVL,2024,2,0.18397626112759644,0.09862513357472194,674,38.8939,-119.9953
TVL,2024,3,0.1659919028340081,0.08115923081574315,741,38.8939,-119.9953
TVL,2024,4,0.03333333333333333,0.05698542020012003,720,38.8939,-119.9953
TVL,2024,5,0.0161507402422611,0.04002111419925058,743,38.8939,-119.9953
TVL,2024,6,0.00277777777777777,0.01517443052636938,720,38.8939,-119.9953
TVL,2024,7,0.00134408602150537,0.00909358696146462,744,38.8939,-119.9953
TVL,2024,8,0.00269541778975741,0.01448832195885404,742,38.8939,-119.9953
TVL,2024,9,0.01111111111111111,0.02097487803500068,720,38.8939,-119.9953
TVL,2024,10,0.02419354838709677,0.02411839215096489,744,38.8939,-119.9953
TVL,2024,11,0.09243697478991596,0.11048009309393332,714,38.8939,-119.9953
TVL,2024,12,0.18342391304347827,0.13320553812651348,736,38.8939,-119.9953
VCV,2021,11,0,0.0098549871836337,709,34.5975,-117.383
VCV,2021,12,0.03494623655913978,0.05702258647685202,744,34.5975,-117.383
VCV,2022,1,0.01075268817204301,0.02351579527733334,744,34.5975,-117.383
VCV,2022,2,0.0029806259314456,0.00531869695597188,671,34.5975,-117.383
VCV,2022,3,0.00276243093922651,0.00537931330074962,724,34.5975,-117.383
VCV,2022,4,0.00870827285921625,0.00476998751464331,689,34.5975,-117.383
VCV,2022,5,0,0.00255773104275413,742,34.5975,-117.383
VCV,2022,8,0,0.00175766339644499,744,34.5975,-117.383
VCV,2022,9,0.00138888888888888,0.00689303347179601,720,34.5975,-117.383
VCV,2022,10,0.00134589502018842,0.00786732318673237,743,34.5975,-117.383
VCV,2022,11,0.01532033426183844,0.01689719852247511,718,34.5975,-117.383
VCV,2022,12,0.03401360544217687,0.05439307501596607,735,34.5975,-117.383
VCV,2023,1,0.01955307262569832,0.05890364373816885,716,34.5975,-117.383
VCV,2023,2,0.02402402402402402,0.01951873684751202,666,34.5975,-117.383
VCV,2023,3,0.03504043126684636,0.0281792340158156,742,34.5975,-117.383
VCV,2023,4,0,0.00635798125909382,720,34.5975,-117.383
VCV,2023,5,0.00412654745529573,0.00716285168331313,727,34.5975,-117.383
VCV,2023,6,0,0.0057103142475373,720,34.5975,-117.383
VCV,2023,11,0.0157819225251076,0.0198744011457797,697,34.5975,-117.383
VCV,2024,2,0.10029498525073746,0.04318294928623446,678,34.5975,-117.383
VCV,2024,3,0.0221606648199446,0.02009718488394592,722,34.5975,-117.383
VCV,2024,4,0.00695410292072322,0.00956890880685916,719,34.5975,-117.383
VCV,2024,5,0,0.00438582581977936,735,34.5975,-117.383
VCV,2024,6,0,0.00221678367371652,718,34.5975,-117.383
VCV,2024,7,0,0.00108421462941261,727,34.5975,-117.383
VCV,2024,8,0,0.00164201014755965,738,34.5975,-117.383
VCV,2024,10,0,0.00270339688723729,737,34.5975,-117.383
VCV,2024,11,0,0.01592988374700542,672,34.5975,-117.383
VCV,2024,12,0,0.01572630461083714,709,34.5975,-117.383
