tree
version=v4
num_class=1
num_tree_per_iteration=1
label_index=0
max_feature_idx=38
objective=binary sigmoid:1
feature_names=proximity_to_coast_km elevation_m slope_30m slope_mean_500m northness northness_500m northness_1000m eastness eastness_500m eastness_1000m tpi_500m tpi_1000m tpi_5000m volumetric_soil_water_layer_1 dewpoint_C v10_m_s u10_m_s wind_speed t2m_C skin_temperature dewpoint_dep vpd_kpa air_skin_diff wind_dpdep_interaction surface_net_thermal_radiation_hourly surface_net_solar_radiation_hourly surface_sensible_heat_flux_hourly total_evaporation_hourly total_precipitation_hourly total_precipitation_hourly_lag1 total_evaporation_hourly_lag1 surface_net_solar_radiation_hourly_lag1 surface_sensible_heat_flux_hourly_lag1 cooling_rate_3h moisture_trend_3h sin_hour cos_hour sin_month cos_month
feature_infos=[0.67302332306358603:310.58012974709999] [-37:2067] [3.5140496612460498e-16:12.3675680292361] [0.024854398599273499:13.0792966764431] [-0.99998876266321901:0.99990997756143996] [-0.89839049092090795:0.89405629159435696] [-0.88961156391285301:0.89677581005649298] [-0.99945730220901297:0.99998055085827597] [-0.83820601394400296:0.92715937006805405] [-0.77695763408789698:0.64037628932300605] [-4.5476419780279702:35.457542235487303] [-13.9035667735861:77.858819548526299] [-207.57915728548801:226.99701132858601] [-8.9785544107744096e-20:0.52000427246093806] [-28.463781738281199:25.457772827148499] [-9.9317321777343803:15.158872604370099] [-9.2642364501953107:12.6407775878906] [0.0034844873949064601:15.2591898087483] [-21.7231964111328:47.991357421875001] [246.32792663574199:338.25480651855497] [-0.00241088867187944:55.251693725586001] [-0.00018139723469690099:10.197022001801299] [-297.99271240234401:-252.68054809570299] [-0.0079966624838512905:389.54588035037801] [-1229059:73314] [-2.46142578125:3414444] [-2554216:1821396] [-0.0010606199502944901:0.00011156185064464799] [-3.7797406093886801e-08:0.010273590683937101] [-5.4772897328803103e-08:0.0105189606547356] [-0.00078804045915603605:0.000106379389762878] [-2.47607421875:3394820] [-2608712:1828343] [-18.1412658691406:11.5564727783203] [-19.115432739257798:19.195724487304702] [-1:1] [-1:1] [-1:1] [-1:1]
tree_sizes=1850 1889 1900 1891 1901 1906 1898 1882 1915 1908 1918 1908 1915 1905 1908 1916 1923 1913 1791 1900 1928 1907 1920 1930 1919 1794 1910 1917 1798 1906 1902 1914 1919 1899 1914 1937 1925 1912 1926 1701 1705 1810 1782 1906 1793 1915 1693 1914 1901 1917 1909 1911 1934 1918 1822 1910 1794 1922 1928 1910 1921 1808 1918 1912 1796 1805 1907 1886 1920 1919 1913 1799 1886 1587 1924 1911 1934 1910 1937 1793 1803 1934 1913 1917 1566 1592 1906 1923 1922 1925 1917 1916 1909 1917 1476 1924 1141 1902 1922 1913 1567 1934 1801 1789 1920 1800 1684 1147 1911 1899 1920 1566 1926 1928 1930 1919 1915 1927 1806 1686 1926 1929 1768 1945 1925 1801 1933 1932 1917 1693 1802 1818 1805 1927 1591 1919 1923 1927 1928 1900 1931 1813 1935 1938 1801 1924 1147 1945 1923 1918 1584 1935 1913 1915 1804 1811 1904 1925 1920 1574 1935 1929 1924 1934 1589 1919 1928 1931 1922 1928 1792 1819 1927 1917 1924 1156

Tree=0
num_leaves=16
num_cat=0
split_feature=20 24 5 0 20 5 7 0 0 17 0 3 20 17 20
split_gain=153760 33639.2 14391.9 19854.4 14095.1 7901.22 5919.85 4434.29 3806.47 4231.51 4058.92 1795.08 1612.59 699.782 178.74
threshold=2.8917160034179656 -64243.499999999993 -0.0018948938923298547 1.5192841653702753 5.5169525146484313 0.060733625121710058 -0.38101848517558096 126.30513314192702 1.5192841653702753 1.1163913854960053 0.83839628629263818 3.8224910192418853 8.4667510986327716 1.1272604196141953 11.576499938964853
decision_type=2 2 2 2 2 2 2 2 2 2 2 2 2 2 2
left_child=1 2 3 -1 8 6 -3 -4 10 -10 -2 -7 13 -6 -14
right_child=4 5 7 -5 12 11 -8 -9 9 -11 -12 -13 14 -15 -16
leaf_value=-1.9439846543716668 -2.7728353561734291 -1.9193887141413026 -2.6081917048820094 -2.4599110135811455 -2.6943814115983535 -2.3586421663553887 -2.2363702395888834 -2.3832445559093229 -2.5822676961292412 -2.7029250098275761 -2.3091792736456194 -2.7767074108114831 -2.7643813775551682 -2.748335865605231 -2.778974219598318
leaf_weight=803.70578822493553 275.18384099006653 1294.3296099901199 9252.5738746225834 9803.7864192724228 3056.9545283317566 823.19797696173191 1136.0385540872812 963.86761146783829 3862.9535152316093 11689.881982058287 584.28288343548775 114.84097574651241 11536.479060173035 11326.651381418109 34254.65520657599
leaf_count=13318 4560 21448 153322 162456 50656 13641 18825 15972 64012 193710 9682 1903 191168 187691 567625
internal_value=-2.6743 -2.45456 -2.50206 -2.42049 -2.74373 -2.16155 -2.06635 -2.58684 -2.66158 -2.67294 -2.45734 -2.4101 -2.76613 -2.73688 -2.77531
internal_weight=100779 24192.3 20823.9 10607.5 76587 3368.41 2430.37 10216.4 16412.3 15552.8 859.467 938.039 60174.7 14383.6 45791.1
internal_count=1669989 400885 345068 175774 1269104 55817 40273 169294 271964 257722 14242 15544 997140 238347 758793
is_linear=0
shrinkage=1


Tree=1
num_leaves=16
num_cat=0
split_feature=21 23 21 8 8 5 23 0 0 37 2 22 21 0 0
split_gain=98091.2 20887.8 9419.18 6118.98 8683.72 4836.46 3922.23 3619.19 3324.53 3263.17 2294.77 1984.83 884.811 528.377 83.9086
threshold=0.27029299800551904 1.7630554690390954 0.58554096277096013 -0.17765726660099498 -0.20260160140371647 0.029813910312509805 3.9761582794549803 28.775924717952005 1.5192841653702753 0.68301270189221963 4.7099244186189657e-16 -271.27914276123045 0.95600872596293363 1.5192841653702753 1.5192841653702753
decision_type=2 2 2 2 2 2 2 2 2 2 2 2 2 2 2
left_child=1 5 6 4 -3 9 11 -7 -8 -1 -5 -2 13 -4 -14
right_child=2 3 12 10 -6 7 8 -9 -10 -11 -12 -13 14 -15 -16
leaf_value=0.32910435435725915 0.021644367316758964 0.089265327862692298 0.050236033485737235 0.48619856526974603 0.32927512503773404 0.072218225913675299 0.14749512314607147 0.25355549079223832 -0.044009378846395317 0.18802511050506512 0.026008999850920575 0.17365122577968106 -0.025901256375951379 -0.075141397147218639 -0.10228080462214291
leaf_weight=5683.6406618095934 2107.6838406287134 7215.193585369736 341.4284453690052 104.39997607842088 1902.9527440592647 2346.9824851378798 960.07144463062286 2077.0170557126403 14973.101349413395 2339.6982704848051 11631.531565375626 1446.8881723545492 148.41262155398726 13523.147247038782 34810.766368329525
leaf_count=73142 32170 103594 5939 1491 19909 36052 13686 29604 256584 29697 173343 22330 2669 238865 630258
internal_value=-0.00141395 0.139294 -0.0700133 0.0780763 0.139508 0.241784 -0.0112341 0.157544 -0.0324274 0.288107 0.030308 0.0836758 -0.0934711 -0.0720369 -0.10196
internal_weight=101613 33301.4 68311.5 20854.1 9118.15 12447.3 19487.7 4424 15933.2 8023.34 11735.9 3554.57 48823.8 13864.6 34959.2
internal_count=1669333 466832 1202501 298337 123503 168495 324770 65656 270270 102839 174834 54500 877731 244804 632927
is_linear=0
shrinkage=0.1


Tree=2
num_leaves=16
num_cat=0
split_feature=21 23 28 21 3 23 23 6 28 22 28 14 21 4 21
split_gain=74575.8 13947.6 8890.27 6752.74 5191.15 3829.95 3106.37 2655.54 1706.68 1224.57 1031.91 828.741 557.808 480.855 48.4706
threshold=0.31086977841575852 2.0681869308237353 0.00065037980675697359 0.66251337007924416 0.16393709637383153 0.51812127217775117 5.6002899437143308 -0.51298749610848582 1.0810510389092102e-06 -270.80470886230444 0.0020976968109493953 7.2879119873047111 0.99424958365519267 -0.99987154017421087 1.3536224886520702
decision_type=2 2 2 2 2 2 2 2 2 2 2 2 2 2 2
left_child=1 4 7 6 8 -6 9 -3 -1 -2 -4 -8 13 -5 -14
right_child=3 2 10 12 5 -7 11 -9 -10 -11 -12 -13 14 -15 -16
leaf_value=0.49821671761086911 0.0095143018790184476 0.12051868041729706 0.20582100983695659 0.069914407453507396 0.24161853945861278 0.12973570886485988 -0.068338417467271706 0.018241625140775122 0.20987210638753007 0.11434274644830984 0.36780603995313821 -0.019869196885030017 -0.094165730279877943 -0.077924361935737319 -0.10375433401944729
leaf_weight=607.53266926109791 3251.0145165883005 2945.9869916327298 1532.8160223700106 221.00054491311312 4057.0709559246898 12556.289267707616 7828.0678707323968 18187.277963079512 325.8170857951045 1691.3715641312301 544.91465949267149 6428.3059432804585 7793.6494475007057 10610.583505716175 23096.803074333817
leaf_count=6832 51694 36011 18372 4216 43398 146129 142865 260171 3488 25047 5871 111867 153492 201231 459022
internal_value=-0.00185735 0.102839 0.0519591 -0.071905 0.17011 0.157123 -0.0228173 0.0325242 0.399215 0.0454677 0.249085 -0.0464979 -0.0944876 -0.0748771 -0.101351
internal_weight=101679 40757.7 23211 60920.8 17546.7 16613.4 19198.8 21133.3 933.35 4942.39 2077.73 14256.4 41722 10831.6 30890.5
internal_count=1669706 520272 320425 1149434 199847 189527 331473 296182 10320 76741 24243 254732 817961 205447 612514
is_linear=0
shrinkage=0.1


Tree=3
num_leaves=16
num_cat=0
split_feature=23 0 24 24 24 0 30 14 23 30 28 8 0 6 24
split_gain=57913.2 9983.24 9749.72 7343.9 4427.63 4239.4 3334.53 2697.96 2659.26 1761.12 1117.04 1032.73 1025.97 834.026 146.428
threshold=5.288991259535921 1.5192841653702753 -225552.49999999997 -111446.87499999999 -35634.249999999993 0.83839628629263818 -1.5762634575366998e-07 7.8438507080078406 12.413077051632602 -5.7450961321592289e-07 0.00015242025256156902 0.17259137366450203 2.1281957605830604 0.089997875421695808 -93850.999999999985
decision_type=2 2 2 2 2 2 2 2 2 2 2 2 2 2 2
left_child=2 5 9 8 6 14 -4 -7 -3 12 -5 -11 -1 -6 -2
right_child=1 3 4 10 13 7 -8 -9 -10 11 -12 -13 -14 -15 -16
leaf_value=0.12555398289839539 -0.10099750536895653 -0.046349525988081307 0.083084862551816518 0.018476124748605327 0.27209582156862466 0.058556465722957821 0.16147761140547109 0.28619535021508136 -0.09410672160939261 0.10231061644935967 0.16242382285723825 -0.0018439569567191623 -0.009659905718572892 0.14351216490605462 0.06707046272733036
leaf_weight=594.05923181772232 681.40971069410443 16617.32201756537 14692.910723596811 903.15657816454768 2247.4466936849058 909.19551999866962 8622.1685935817659 1223.2514364346862 39205.365318015218 3434.7984949685633 1337.5829803086817 1316.0216057039797 8866.9459953010082 674.83836044371128 52.690626095980406
leaf_count=5875 11443 300552 173315 14523 17053 9227 93162 12052 823286 40787 15159 16682 128443 6730 643
internal_value=-0.002192 -0.0637721 0.0905646 -0.0727684 0.126693 0.118262 0.112104 0.189503 -0.0798958 0.0238453 0.104574 0.0734872 -0.00110795 0.242698 -0.0885622
internal_weight=101379 60930 40449.2 58063.4 26237.4 2866.55 23315.1 2132.45 55822.7 14211.8 2240.74 4750.82 9461.01 2922.29 734.1
internal_count=1668932 1186885 482047 1153520 290260 33365 266477 21279 1123838 191787 29682 57469 134318 23783 12086
is_linear=0
shrinkage=0.1


Tree=4
num_leaves=16
num_cat=0
split_feature=23 24 0 28 37 3 0 24 23 14 27 0 3 24 24
split_gain=46877.6 8005.69 7358.65 5360.26 3526.25 3582.8 2529.63 2048.57 1813.37 1565.66 1347.54 996.918 877.648 512.877 129.492
threshold=6.3694284840205606 -232449.99999999997 1.5192841653702753 0.00026485323905944851 0.68301270189221963 0.16393709637383153 0.83839628629263818 -74875.249999999985 14.993201020841552 6.1610351562500254 -5.3714029490947692e-07 2.1281957605830604 0.67413614826045809 -174201.74999999997 -89173.999999999985
decision_type=2 2 2 2 2 2 2 2 2 2 2 2 2 2 2
left_child=1 10 6 8 5 -3 14 -6 -4 -8 11 -1 -12 -5 -2
right_child=2 4 3 13 7 -7 9 -9 -10 -11 12 -13 -14 -15 -16
leaf_value=0.10237647004151673 -0.099573297451408083 0.25641014066078799 -0.054866445520869056 -0.00029077037607225855 0.014493803885185811 0.1072901909749584 -0.0059321855834921812 0.12178339902917329 -0.095557814141965847 0.19006146476832933 0.011339996371663073 -0.020641269431998718 0.092153080774384125 0.12345520426900401 0.076158891694381725
leaf_weight=704.81030206754804 575.40891551971436 1739.3498893752694 16650.675229012966 442.84340317174792 6402.8495599664748 21657.736553225666 541.36835404112935 2460.6171742007136 32146.504393875599 1640.6228695996106 2783.9450285881758 9162.4367845468223 2595.8616314567626 1369.1121499016881 41.6189856082201
leaf_count=6520 10625 16229 327057 8231 72488 227096 5603 19787 740275 14026 33980 141776 29897 15306 469
internal_value=-0.00239803 0.0698627 -0.0666759 -0.0754069 0.0980802 0.118428 0.0910427 0.0443307 -0.0816801 0.141532 0.0101458 -0.0118068 0.0503832 0.093294 -0.0872031
internal_weight=100916 47507.6 53408.2 50609.1 32260.6 23397.1 2799.02 8863.47 48797.2 2181.99 15247.1 9867.25 5379.81 1811.96 617.028
internal_count=1669365 547773 1121592 1090869 335600 243325 30723 92275 1067332 19629 212173 148296 63877 23537 11094
is_linear=0
shrinkage=0.1


Tree=5
num_leaves=16
num_cat=0
split_feature=23 38 24 10 10 23 10 23 24 4 7 28 6 10 23
split_gain=38158.8 9753.11 5025.98 4817.43 3893.46 3095.87 3022.43 2091.96 1996.77 2192.41 1041.1 631.017 331.317 295.567 203.213
threshold=7.0959071860895113 0.68301270189221908 -134479.93749999997 -1.1547054202490097 -1.5601507828525649 2.2644651051274005 0.39070407264382506 2.9459738403905256 -360277.24999999994 -0.99987154017421087 0.28970332553197004 7.6548010099486405e-05 0.089997875421695808 -1.1547054202490097 18.916384735391205
decision_type=2 2 2 2 2 2 2 2 2 2 2 2 2 2 2
left_child=1 3 8 4 -1 -5 7 -3 14 -10 -8 13 -13 -4 -2
right_child=2 6 11 5 -6 -7 10 -9 9 -11 -12 12 -14 -15 -16
leaf_value=-0.037806229112992605 -0.076948809246960834 0.16480172364160667 0.13393554406140026 0.043757173446004674 0.20873404761541581 -0.021471975000042661 0.082404500849994136 0.084085456262545696 0.15229181591911756 -0.05736643483405976 -0.0048335031720777369 0.13142559431482057 0.030273447273868805 -0.024499354558075809 -0.09931403458001635
leaf_weight=889.00995944812894 5314.7905188165605 9132.6256570667028 134.71011405438185 13916.540553756058 2274.4980792142451 15238.286013305187 3843.8201454617083 4979.5243374593556 506.50761811807752 20532.582578577101 2121.5001174584031 1237.3630509711802 442.83725698292255 744.04821706935763 18903.047943815589
leaf_count=11106 121305 78892 1388 136061 20422 215822 39997 63808 10383 437017 22646 12150 5138 13309 479331
internal_value=-0.00253931 0.0564071 -0.0671309 0.0223948 0.139501 0.00966617 0.111137 0.136361 -0.0748412 -0.052284 0.0514012 0.0691106 0.104935 0.000408429 -0.0944227
internal_weight=100212 52395.8 47815.9 32318.3 3163.51 29154.8 20077.5 14112.1 45256.9 21039.1 5965.32 2558.96 1680.2 878.758 24217.8
internal_count=1668775 588754 1080021 383411 31528 351883 205343 142700 1048036 447400 62643 31985 17288 14697 600636
is_linear=0
shrinkage=0.1


Tree=6
num_leaves=16
num_cat=0
split_feature=20 20 20 10 38 6 3 10 3 3 38 3 20 3 3
split_gain=41213.5 5515.67 3404.54 2871.3 3427.04 2000.73 2064.48 1593.07 1404.25 929.299 1861 993.736 315.225 331.511 23.5748
threshold=4.5247039794921653 1.3020553588867403 8.0995101928711115 -1.1547054202490097 0.68301270189221908 0.088008819326170815 1.9039767829823353 -1.5601507828525649 12.639527209547602 0.15114538012079401 0.68301270189221908 0.67413614826045809 11.834533691406252 0.078499820417405913 0.078499820417405913
decision_type=2 2 2 2 2 2 2 2 2 2 2 2 2 2 2
left_child=1 5 9 7 -5 8 -7 -3 -1 10 -2 -11 13 -4 -14
right_child=2 3 12 4 -6 6 -8 -9 -10 11 -12 -13 14 -15 -16
leaf_value=0.11137042816273196 -0.057470790808932019 -0.019199516723714935 0.020955372038769127 -0.0037537604718761858 0.065309605055630035 0.070529998992311313 -0.10026573721408941 0.14989918275831088 0.36549847765991272 -0.071882446608995246 0.23096991898687436 -0.018380372816346382 -0.083487039963488524 -0.081921772203841531 -0.10158876899756478
leaf_weight=14956.550404515117 535.64471941068769 692.31109358742833 322.75339918583632 19742.433386337012 11290.494357112795 4627.9016729556024 830.78417593240738 2826.1351968944073 216.70301160216331 6118.6711442507803 377.21363689377904 8027.0621499754488 911.16075570136309 8903.6502775847912 19194.028940740973
leaf_count=113375 11061 8108 7999 258066 125207 41864 8933 22543 1468 128741 6336 158697 25208 222490 529061
internal_value=-0.0021652 0.0555342 -0.0738919 0.0310963 0.0213796 0.0964418 0.0444678 0.116646 0.115119 -0.0352245 0.0623283 -0.0415397 -0.093734 -0.0783136 -0.100789
internal_weight=99573.5 55183.3 44390.2 34551.4 31032.9 20631.9 5458.69 3518.45 15173.3 15058.6 912.858 14145.7 29331.6 9226.4 20105.2
internal_count=1669157 579564 1089593 413924 383273 165640 50797 30651 114843 304835 17397 287438 784758 230489 554269
is_linear=0
shrinkage=0.1


Tree=7
num_leaves=16
num_cat=0
split_feature=24 23 24 23 0 37 0 28 0 23 0 0 12 11 0
split_gain=27199.8 4748.48 4444.77 3987.4 2638.9 1543.3 1376.46 1349.23 1161.14 1106.83 925.826 909.602 901.068 679.346 311.374
threshold=-250682.49999999997 11.005234681439051 -84657.249999999985 3.0960311995080052 1.5192841653702753 0.68301270189221963 2.1281957605830604 0.0010110996663570352 2.1281957605830604 3.6382536621478052 0.83839628629263818 0.83839628629263818 94.108138545445811 76.408663835231422 16.702063128167403
decision_type=2 2 2 2 2 2 2 2 2 2 2 2 2 2 2
left_child=1 6 3 5 10 -2 11 13 -5 -8 -3 -1 -9 -4 -6
right_child=2 4 7 8 14 -7 9 12 -10 -11 -12 -13 -14 -15 -16
leaf_value=-0.099200435253341976 0.073596382589550757 -0.10249757355680085 0.075219367772478604 0.074475247786729773 -0.06971393123184666 0.011022088063603542 0.0055331600717982501 0.16589124145511105 -0.013005306362506623 -0.047105081115239644 0.10050517116005422 0.1080781338266575 -0.04072283220682929 0.30492311677201772 -0.095847213066559231
leaf_weight=250.53905603662133 16936.911314770579 284.10013729706407 8661.4591304548085 1671.2857106439769 5886.82158280164 5139.0162557400763 6558.3368695266545 3238.0689592063427 15990.374153755605 10210.001822955906 1010.496686771512 1250.8391842804849 223.88393048197031 126.29815188422799 21372.591502353549
leaf_count=3709 145752 6796 66525 15090 161579 50292 80425 20299 269335 200884 10582 9499 1384 699 627302
internal_value=-0.00284166 -0.058122 0.0469488 0.0307071 -0.0835916 0.0590356 -0.0183031 0.0996023 -0.00470847 -0.026522 0.0557331 0.0732745 0.15249 0.0786922 -0.0902174
internal_weight=98811 46823.7 51987.3 39737.6 28554 22075.9 18269.7 12249.7 17661.7 16768.3 1294.6 1501.38 3461.95 8787.76 27259.4
internal_count=1670152 1100776 569376 480469 806259 196044 294517 88907 284425 281309 17378 13208 21683 67224 788881
is_linear=0
shrinkage=0.1


Tree=8
num_leaves=16
num_cat=0
split_feature=24 24 38 2 8 1 10 28 10 10 8 38 24 10 38
split_gain=22977.6 4091.06 3816.45 2714.71 3624.82 2146.58 2070.88 1866.53 1670.97 1464.14 1050.09 977.537 335.52 206.597 37.3808
threshold=-245689.81249999997 -364584.49999999994 0.68301270189221908 0.85976012918493661 0.18031848178111251 209.26500000000001 -1.2427370639398096 0.00081060454249382008 -1.5601507828525649 0.39070407264382506 0.22330164918360204 0.68301270189221908 -431096.49999999994 -1.1547054202490097 0.68301270189221908
decision_type=2 2 2 2 2 2 2 2 2 2 2 2 2 2 2
left_child=1 12 3 7 -5 9 8 -2 -3 -4 -7 -8 14 -14 -1
right_child=2 6 5 4 -6 10 11 -9 -10 -11 -12 -13 13 -15 -16
leaf_value=-0.098544727445357402 -0.015383060028488247 -0.076939800224347585 0.10836863873243507 0.091296464870989094 -0.032181813425137061 0.047977443761241412 -0.048844929163108487 0.10448597448256369 0.10982559197179263 0.035371356804752313 -0.04581725602269509 -0.0023230284454436602 -0.0098793759032264547 -0.074152529695850858 -0.08191713547883249
leaf_weight=11953.675985036418 16087.564308434725 649.13304497860372 12953.917417533696 8419.871454551816 3309.0734437890351 4694.7850094586611 17185.016944209114 1408.1175567135215 1791.9528787061572 3495.1150627806783 1595.575259745121 6127.0731520205736 547.42519396916032 5992.1793304979801 1736.688243707642
leaf_count=389880 203321 14218 110153 82797 37486 44906 362218 10380 17472 35850 19510 110799 11664 165936 53966
internal_value=-0.00240189 -0.0538871 0.0431584 0.0192478 0.0564608 0.0738773 -0.0274425 -0.00570846 0.0601052 0.0928735 0.0241685 -0.0366208 -0.0875367 -0.0687839 -0.0964661
internal_weight=97947.2 45983.1 51964 29224.6 11728.9 22739.4 25753.2 17495.7 2441.09 16449 6290.36 23312.1 20230 6539.6 13690.4
internal_count=1670556 1126153 544403 333984 120283 210419 504707 213701 31690 146003 64416 473017 621446 177600 443846
is_linear=0
shrinkage=0.1


Tree=9
num_leaves=16
num_cat=0
split_feature=20 20 37 6 6 20 10 22 10 4 38 22 20 4 20
split_gain=26587.4 3690.04 1650.21 1553.11 1869.07 1452.86 1187.83 1025.49 1010.66 715.183 674.813 581.902 124.323 80.6855 6.49032
threshold=5.8818206787109908 1.6609878540039003 1.0000000180025095e-35 0.17658097041484352 0.21887254730021102 9.5495681762695259 33.153807556851909 -270.02971496582046 -1.1547054202490097 -0.99987154017421087 0.68301270189221908 -272.68202819824245 12.748001098632852 -0.99987154017421087 17.550361633300806
decision_type=2 2 2 2 2 2 2 2 2 2 2 2 2 2 2
left_child=1 3 7 6 -5 9 -1 -3 -4 11 -11 -2 13 -7 -14
right_child=5 2 8 4 -6 12 -8 -9 -10 10 -12 -13 14 -15 -16
leaf_value=0.072509210901639198 -0.047613725694686214 0.023062583180075358 0.052988374760666368 -0.10931729748896833 0.03924946428869789 -0.003505167065441764 -0.12098351035393917 0.086731470814920358 -0.016036201369795628 -0.069281494432440152 -0.012864654859068776 0.24620852238578014 -0.096474419064797243 -0.08407110539346134 -0.10226862628226441
leaf_weight=24170.028471887112 122.25251298397779 13188.920170759782 2410.2288764044642 1037.9969538338482 4497.5912161096931 127.60026558861136 317.15757471323013 3127.216037388891 17428.436849189922 7634.699457667768 2938.1804605796933 141.55898116528988 5610.6853398084641 5561.7046739328653 8763.0513870697469
leaf_count=172141 3184 175731 21691 11462 38487 3646 2220 34857 248402 204825 66701 3032 191491 173870 317476
internal_value=-0.00250359 0.0332565 0.0117357 0.0591667 0.0113177 -0.0790836 0.0699789 0.0352884 -0.00763906 -0.0495428 -0.0536169 0.111696 -0.0950232 -0.0822688 -0.100041
internal_weight=97077.3 66177.6 36154.8 30022.8 5535.59 30899.7 24487.2 16316.1 19838.7 10836.7 10572.9 263.811 20063 5689.3 14373.7
internal_count=1669216 704991 480681 224310 49949 964225 174361 210588 270093 277742 271526 6216 686483 177516 508967
is_linear=0
shrinkage=0.1


Tree=10
num_leaves=16
num_cat=0
split_feature=20 5 1 5 12 0 9 5 20 37 12 12 20 12 20
split_gain=22159.8 3716.76 3083.26 3549.42 1575.94 2202.93 1358.15 1257.21 1253.87 392.294 326.345 171.089 138.848 64.6941 10.3404
threshold=6.1896438598632804 -0.0018948938923298547 209.26500000000001 -0.17183030174105898 -27.271398841328445 126.30513314192702 -0.27419264966278095 0.36728393418992156 9.5495681762695259 1.0000000180025095e-35 -1.1325734353653147 163.94205814753303 12.748001098632852 -0.55735026034682245 17.163101196289052
decision_type=2 2 2 2 2 2 2 2 2 2 2 2 2 2 2
left_child=1 2 6 -4 7 -6 -1 -3 9 10 -2 -11 13 -10 -14
right_child=8 4 3 -5 5 -7 -8 -9 12 11 -12 -13 14 -15 -16
leaf_value=0.033372976469620161 -0.049676518339168377 0.019050245255734236 -0.027221624754670215 0.075946475876964084 -0.029439752046902121 0.051984574784516117 0.083419576074582391 0.12118803362498438 -0.087922664193309463 -0.070363024871251664 0.004905050015426929 0.11584149067420813 -0.094571643895248733 -0.064257494334191631 -0.10166006288719681
leaf_weight=7804.3249627873302 2649.4326097145677 5923.8345017116517 9150.9263444840908 5240.2991067431867 17112.581337837502 4118.2434473279864 17836.178295914084 1508.7881888449192 3408.4114401657134 4668.7841898407787 1863.7183278147131 45.560750832781196 4783.024609817192 1873.5029530581087 8283.9069844353944
leaf_count=77395 72334 70057 93925 50608 212668 41411 165408 20483 115758 129754 47910 1251 178445 62148 330029
internal_value=-0.00267079 0.027727 0.0474076 0.0103585 0.00023742 -0.013637 0.0681961 0.0398513 -0.0783859 -0.0482753 -0.0271564 -0.0684427 -0.093511 -0.0795973 -0.0991026
internal_weight=96271.5 68695.2 40031.7 14391.2 28663.4 21230.8 25640.5 7432.62 27576.3 9227.5 4513.15 4714.34 18348.8 5281.91 13066.9
internal_count=1669584 731955 387336 144533 344619 254079 242803 90540 937629 251249 120244 131005 686380 177906 508474
is_linear=0
shrinkage=0.1


Tree=11
num_leaves=16
num_cat=0
split_feature=21 3 7 3 14 3 7 29 21 4 32 17 21 4 3
split_gain=17373.1 2558.01 5736.19 3297.15 3109.62 2432.61 2037.59 1834.84 1466.58 818.832 979.517 353.003 105.662 95.0624 7.06121
threshold=0.53828032859791164 0.67413614826045809 0.28970332553197004 0.28082835548936952 8.3858810424804915 3.8224910192418853 -0.68464085727512491 0.00034848749635330007 0.95600872596293363 -0.99987154017421087 109845.50000000001 1.3431625758507602 1.4506168076698451 -0.99987154017421087 0.078499820417405913
decision_type=2 2 2 2 2 2 2 2 2 2 2 2 2 2 2
left_child=1 3 4 6 -3 -4 -1 -5 9 10 -2 -11 13 -10 -14
right_child=8 2 5 7 -6 -7 -8 -9 12 11 -12 -13 14 -15 -16
leaf_value=-0.0016240566610443955 -0.0080633042505705993 0.028486904047291074 0.0090051838798156109 -0.033128638036959576 0.092575323599812784 -0.10390207836260307 0.081212900669668464 0.066965113387352643 0.0078552127580302829 -0.023379960666064882 0.40173667016361725 -0.062780705849101004 -0.084230093605169906 -0.083477352871291474 -0.099969618762261722
leaf_weight=5442.8238669522107 170.3819692954421 15212.563332306221 4942.4658853523433 17833.180767836049 15079.398121468723 3102.5594981592149 6528.7229531444609 2036.2723936066031 115.58520044013858 3597.2245197407901 83.536136418581009 6217.0890429988503 504.97444843687117 5379.9992352668196 9333.402159191668
leaf_count=58052 4088 165905 53422 218564 130351 43809 66534 15672 3883 85023 1710 193994 21486 202661 404816
internal_value=-0.00258045 0.0230701 0.0404678 0.00212003 0.0604003 -0.0345749 0.0435664 -0.0228565 -0.0734352 -0.0437489 0.131911 -0.0483585 -0.0929066 -0.081551 -0.099205
internal_weight=95580.2 70178 38337 31841 30292 8045.03 11971.5 19869.5 25402.2 10068.2 253.918 9814.31 15334 5495.58 9838.38
internal_count=1669970 752309 393487 358822 296256 97231 124586 234236 917661 284815 5798 279017 632846 206544 426302
is_linear=0
shrinkage=0.1


Tree=12
num_leaves=16
num_cat=0
split_feature=21 23 3 14 3 21 5 5 3 5 3 23 21 3 3
split_gain=15010.3 3321.48 1887.91 2914.27 2429.52 1323.46 595.159 1023.57 684.053 523.087 694.504 150.119 82.4931 89.4109 1.61243
threshold=0.5538303590155601 1.1746736094915604 0.67413614826045809 7.540185546875021 0.16393709637383153 1.0200862695883302 0.44416885358216002 0.5948670522144861 0.25525631055788556 -0.0047529866458934089 0.078499820417405913 12.413077051632602 1.5526350591217652 0.078499820417405913 0.078499820417405913
decision_type=2 2 2 2 2 2 2 2 2 2 2 2 2 2 2
left_child=1 6 4 -4 -3 9 8 -8 -1 10 -2 -11 13 -7 -14
right_child=5 2 3 -5 -6 12 7 -9 -10 11 -12 -13 14 -15 -16
leaf_value=0.11456350242530317 0.23915324001601596 0.058753877953161532 -0.0079026774965451092 0.054661763557965592 -0.026758664649738081 -0.013894671809821161 -0.077871923273519439 0.089829405380901631 0.055061078154124421 -0.047178171606263732 -0.029079260725605845 -0.085072081367879276 -0.087754117491555428 -0.085551273345813611 -0.10029943793579131
leaf_weight=2248.2558885701001 93.333224058151245 3963.5353522840887 14297.502045858651 15526.967413827777 20407.963073108345 182.98490172438323 812.12778221443295 651.25781861692667 13833.116814225912 1732.0535491164774 5376.4052402433008 2732.321111926809 436.62276117317379 4737.6008314155042 7800.0999172031879
leaf_count=13379 2489 39628 188959 148754 272488 7110 8786 4718 89751 45132 154982 100781 20246 197858 374118
internal_value=-0.00252451 0.0200475 0.00780281 0.0246728 -0.0128426 -0.0726407 0.0578585 -0.00318722 0.0634128 -0.0450534 -0.024288 -0.0704395 -0.0934448 -0.0829033 -0.0996881
internal_weight=94832.1 71740.7 54196 29824.5 24371.5 23091.4 17544.8 1463.39 16081.4 9934.11 5469.74 4464.37 13157.3 4920.59 8236.72
internal_count=1669179 766463 649829 337713 312116 902716 116634 13504 103130 303384 157471 145913 599332 204968 394364
is_linear=0
shrinkage=0.1


Tree=13
num_leaves=16
num_cat=0
split_feature=19 14 38 5 0 38 0 28 0 1 18 14 14 28 25
split_gain=9264.11 3573.75 3903.15 2126.03 1958.85 1793.65 1561.16 1265.4 1109.87 514.653 389.248 333.359 131.702 116.842 104.929
threshold=292.4949493408206 7.2213150024414317 0.86602540378443871 -0.0018948938923298547 25.844237180583203 0.68301270189221908 36.496981642110264 0.00030350589878480605 2.1281957605830604 9.1850000000000005 22.377832031250055 9.750650024414087 17.014329528808606 0.0010110996663570352 1980829.0000000002
decision_type=2 2 2 2 2 2 2 2 2 2 2 2 2 2 2
left_child=1 2 7 6 -4 -5 -3 -1 9 12 11 -10 -2 -12 -11
right_child=8 3 4 5 -6 -7 -8 -9 10 14 13 -13 -14 -15 -16
leaf_value=-0.048968653941773105 -0.053517981662015046 0.067831124903849405 -0.035864147453205181 -0.018081419516314697 0.047883447793694633 0.048898255951539418 0.015925136278962172 0.031119786491828779 -0.088954707259214019 0.21228499299746817 -0.095086059306497384 -0.04389504421603823 0.072642814952482981 0.094908049893788093 0.091270427484514902
leaf_weight=17997.984954085201 356.51449190080166 16699.545536980033 3708.1561322640628 11703.124803092331 11272.805956378579 6066.3439622074366 8877.7267316542566 2212.2059142850339 2704.0672249644995 120.46325666829944 7679.9153967332095 4223.3815788831562 102.62926734797657 28.747231122106314 202.2210207413882
leaf_count=375435 10759 136032 48576 162942 136422 55263 98554 17888 126458 1131 381833 113318 1753 364 2328
internal_value=-0.00176779 0.0121461 -0.0115277 0.031365 0.0271488 0.00479219 0.0498215 -0.0401967 -0.0726254 0.0432345 -0.078827 -0.0615352 -0.0248394 -0.0943165 0.138997
internal_weight=93955.8 78537.9 35191.2 43346.7 14981 17769.5 25577.3 20210.2 15417.9 781.828 14636.1 6927.45 459.144 7708.66 322.684
internal_count=1669056 1031112 578321 452791 184998 218205 234586 393323 637944 15971 621973 239776 12512 382197 3459
is_linear=0
shrinkage=0.1


Tree=14
num_leaves=16
num_cat=0
split_feature=20 24 23 22 10 20 7 10 10 37 18 11 20 6 20
split_gain=13482.1 2755.21 1992.39 1535.73 1180.99 768.008 655.136 1431.29 479.233 290.181 215.215 114.406 64.5963 34.395 3.49499
threshold=6.978813171386701 -93850.999999999985 3.1720821578836405 -271.39612426757844 -1.2427370639398096 10.875495910644551 0.28970332553197004 2.6934343121774704 28.282971698527355 1.0000000180025095e-35 21.122933959960957 76.408663835231422 14.232666015625052 -0.11656463834556999 18.176582336425803
decision_type=2 2 2 2 2 2 2 2 2 2 2 2 2 2 2
left_child=1 2 3 -1 -4 9 8 -8 -3 10 -2 -11 13 -7 -14
right_child=5 6 4 -5 -6 12 7 -9 -10 11 -12 -13 14 -15 -16
leaf_value=0.0041633969085220828 -0.017996443728943382 0.063771470157548457 0.043858958692972932 0.049100251512153185 -0.019828444319706064 -0.069073639268507347 0.052448894090215886 -0.085924452339343593 0.21517812408529477 -0.073990669078822152 -0.070600110001264302 0.075621476308564542 -0.094099570344842717 -0.090128241018014477 -0.10091469258243135
leaf_weight=16630.002306340262 2745.3976868074387 11313.247741580009 3299.750892912969 14010.6899378784 24485.407868104056 1413.3832315895706 3220.5412958227098 968.20105030015111 208.99113218486309 3759.1424749232829 1083.2094122581184 48.0037757512182 2751.5572481900454 2124.2872190717608 5170.5087237115949
leaf_count=140034 84275 68091 28999 112085 416061 64980 21757 8797 942 134453 45982 1402 144118 99899 297119
internal_value=-0.00216904 0.0171314 0.00713267 0.0247158 -0.0122584 -0.0770863 0.0543003 0.0204005 0.0666098 -0.0524593 -0.032952 -0.0720075 -0.0934655 -0.0818258 -0.0986085
internal_weight=93232.3 74136.8 58425.9 30640.7 27785.2 19095.5 15711 4188.74 11522.2 7635.75 3828.61 3807.15 11459.7 3537.67 7922.07
internal_count=1668994 796766 697179 252119 445060 872228 99587 30554 69033 266112 130257 135855 606116 164879 441237
is_linear=0
shrinkage=0.1


Tree=15
num_leaves=16
num_cat=0
split_feature=20 38 3 8 3 24 29 29 20 2 3 38 2 24 20
split_gain=11590 2637.55 3366.2 1934.85 1367.77 1433.44 1408.1 870.591 753.029 602.61 535.214 271.625 133.409 309.443 26.6814
threshold=7.0649566650390812 0.68301270189221908 0.67413614826045809 0.18031848178111251 0.16393709637383153 -190108.49999999997 1.1263997610200251e-06 0.00041966214774902255 11.217926025390652 4.0071144863697555e-16 0.33239192290658309 0.68301270189221908 4.0071144863697555e-16 -297879.99999999994 14.232666015625052
decision_type=2 2 2 2 2 2 2 2 2 2 2 2 2 2 2
left_child=1 2 7 -4 6 -6 -3 -1 9 10 -2 -11 13 -10 -14
right_child=8 4 3 -5 5 -7 -8 -9 12 11 -12 -13 14 -15 -16
leaf_value=-0.04022195113090523 0.26619209211360317 0.13669943284261665 0.036591871007956529 -0.029625941584296819 0.0028710843499778304 0.049446141298653698 -0.00020350305406899861 0.036815950511424084 -0.072192938130928211 -0.068292272322871259 -0.061484362251748081 -0.025230933090651116 -0.086398996169008591 0.19898348011536393 -0.098936001928157324
leaf_weight=16794.120839064941 106.39299046993256 2494.107208346948 20493.632661996409 5619.002510773018 11472.689829710871 15581.394446739927 1074.2112383525819 1603.3980088029057 234.90184818580747 5180.4835741203278 87.404833259060979 2053.0984798111022 2769.8230974068865 46.092694634571671 6994.3461508033797
leaf_count=245502 2587 17169 205654 75362 134657 107860 6561 12485 13753 209733 3645 61367 141594 2006 428706
internal_value=-0.00226144 0.0148 -0.000741585 0.02234 0.0373864 0.0296995 0.0955434 -0.0334997 -0.0756095 -0.0514083 0.120577 -0.0560961 -0.0934693 -0.0250096 -0.0954256
internal_weight=92605.1 75132.6 44510.2 26112.6 30622.4 27054.1 3568.32 18397.5 17472.5 7427.38 193.798 7233.58 10045.2 280.995 9764.17
internal_count=1668641 805250 539003 281016 266247 242517 23730 257987 863391 277332 6232 271100 586059 15759 570300
is_linear=0
shrinkage=0.1


Tree=16
num_leaves=16
num_cat=0
split_feature=21 23 28 3 5 3 3 12 21 5 5 21 3 3 3
split_gain=8771.28 2649.78 1827.01 1301.95 1088.64 1250.92 864.949 376.41 342.321 177.812 295.389 44.2665 54.2586 37.3565 5.73699
threshold=0.79615393969257064 2.9459738403905256 0.00033256337042075756 0.67413614826045809 0.029813910312509805 0.21340129519044002 1.9039767829823353 -3.4469022826827795 1.1962013141408054 -0.0047529866458934089 -0.0066020915809403636 1.6209409548617453 0.078499820417405913 0.16393709637383153 0.078499820417405913
decision_type=2 2 2 2 2 2 2 2 2 2 2 2 2 2 2
left_child=1 4 3 -3 5 -1 -6 -4 9 10 -2 12 -10 -11 -13
right_child=8 2 7 -5 6 -7 -8 -9 11 13 -12 14 -14 -15 -16
leaf_value=0.10695157531062692 -0.045369448632895021 -0.039619902266525453 0.07938313540484894 -2.1194007611227445e-05 0.011052322664240149 0.032608288920962632 -0.094357344725339423 0.022817761416858384 -0.010871748053611123 -0.041453324621372314 0.19960207520697335 -0.079956278278528123 -0.084320596518076107 -0.085413503687457662 -0.099092906571211226
leaf_weight=2485.7013758029789 2513.4500459907576 14270.283133747987 2243.5021402575076 19845.932036378421 12415.699510190636 24956.296477759257 825.50804941914976 2479.3587686382234 106.70851707365364 232.85452401079237 45.346577733755112 300.20002552960068 2360.703525878489 1789.5456951251253 5084.6478615403175
leaf_count=14725 106930 292321 17945 318455 103373 168683 11020 18407 5231 10640 801 19632 139376 88057 354887
internal_value=-0.00204843 0.0101653 -0.00851675 -0.0165881 0.0279993 0.0393606 0.00444754 0.0497436 -0.0801379 -0.0582944 -0.0406473 -0.0928368 -0.0811726 -0.0804667 -0.0981012
internal_weight=91955.7 79522.3 38839.1 34116.2 40683.2 27442 13241.2 4722.86 12433.5 4581.2 2558.8 7852.26 2467.41 2022.4 5384.85
internal_count=1670483 944929 647128 610776 297801 183408 114393 36352 725554 206428 107731 519126 144607 98697 374519
is_linear=0
shrinkage=0.1


Tree=17
num_leaves=16
num_cat=0
split_feature=20 24 8 9 12 20 1 4 26 9 37 20 12 15 24
split_gain=8957.61 2054.11 1582.41 2790.06 1641.1 765.973 410.133 367.013 320.143 285.234 246.9 85.7374 59.4159 36.3781 6.13746
threshold=6.978813171386701 -47537.749999999993 -0.17765726660099498 -0.27419264966278095 163.94205814753303 10.645507812500002 1588.5000000000002 -0.99987154017421087 97494.000000000015 1.0000000180025095e-35 1.0000000180025095e-35 14.232666015625052 -0.55735026034682245 0.77451992034912109 -306943.74999999994
decision_type=2 2 2 2 2 2 2 2 2 2 2 2 2 2 2
left_child=1 2 3 -1 -4 7 9 8 -2 -3 -9 12 -7 -8 -13
right_child=5 6 4 -5 -6 11 13 10 -10 -11 -12 14 -14 -15 -16
leaf_value=-0.0037399075957916944 -0.012571910167954751 0.0474304100542777 -0.010850592910257188 0.055253136728532659 0.17358205999990153 -0.086681495950356999 0.0097418816384878086 -0.029389541229849683 0.23839907082038927 0.086369771233495776 -0.069403441263936189 -0.098535018902306981 -0.057373848916058082 -0.074283837509752454 -0.085880276234039293
leaf_weight=18144.110380323604 130.58425769396126 4342.5856835134327 34662.952685156837 14357.704048121348 484.27685926295817 1978.0317782536149 64.905431620776653 3144.178220112808 77.733102437108755 3353.6596867926419 3045.7012409055606 5238.9238293878734 1138.7562838373706 226.39201957732439 771.92351442202926
leaf_count=208596 4004 22958 426591 115926 5120 115137 367 119799 1531 17444 126189 396130 62960 1390 45156
internal_value=-0.00211646 0.0120867 0.00642194 0.0223248 -0.00828506 -0.0712911 0.0600293 -0.0447063 0.0844701 0.0644434 -0.0491183 -0.0898915 -0.0760826 -0.0557132 -0.0969826
internal_weight=91162.4 75636.6 67649 32501.8 35147.2 15525.8 7987.54 6398.2 208.317 7696.25 6189.88 9127.64 3116.79 291.297 6010.85
internal_count=1669298 798392 756233 324522 431711 870906 42159 251523 5535 40402 245988 619383 178097 1757 441286
is_linear=0
shrinkage=0.1


Tree=18
num_leaves=15
num_cat=0
split_feature=24 23 1 0 1 28 23 10 4 1 14 23 1 0
split_gain=6411.1 1541.3 1319.12 1290.86 1283.62 1097.98 878.129 462.239 460.981 380.869 437.395 339.876 283.521 97.1711
threshold=-300819.99999999994 1.0615853980038403 489.36000000000007 2.1281957605830604 936.25500000000011 0.0010110996663570352 14.993201020841552 33.153807556851909 -0.99987154017421087 9.1850000000000005 10.047242736816452 0.30764321413913404 89.500000000000014 1.5192841653702753
decision_type=2 2 2 2 2 2 2 2 2 2 2 2 2 2
left_child=3 7 5 9 -4 -3 12 11 -8 13 -11 -2 -5 -1
right_child=1 2 4 6 -6 -7 8 -9 -10 10 -12 -13 -14 -15
leaf_value=-0.098103233045745683 0.063198834514017171 0.0057767424330548494 -0.092758255187339517 -0.019759759840633724 -0.0044849585044464211 0.065720279880860932 0.028222518872385402 -0.11899345533897548 -0.088129219720203697 0.0072715185680554423 0.11997234335413789 0.031324879364475679 -0.05716013031480887 -0.013079003054352226
leaf_weight=225.23245284147561 4645.0544136315584 43970.575422289781 2561.4616262270138 4129.1823274753988 4601.2641738383099 3279.0377223342657 352.26311176456511 179.65371516533196 8645.282580784522 938.64895532280207 539.55648216977715 12020.463076317683 3991.5822084536776 327.37327730003744
leaf_count=7946 25714 562356 56435 104973 71378 18236 13157 1249 603250 7568 3997 75717 108156 8312
internal_value=-0.00174081 0.0120645 0.00388009 -0.0531027 -0.036095 0.00994323 -0.0620438 0.0384923 -0.0835608 0.0222318 0.048674 0.0402252 -0.0381669 -0.0483023
internal_weight=90406.6 71257.5 54412.3 19149.1 7162.73 47249.6 17118.3 16845.2 8997.55 2030.81 1478.21 16665.5 8120.76 552.606
internal_count=1668444 811085 708405 857359 127813 580592 829536 102680 616407 27823 11565 101431 213129 16258
is_linear=0
shrinkage=0.1


Tree=19
num_leaves=16
num_cat=0
split_feature=21 23 8 9 3 9 8 9 0 23 3 1 31 14 32
split_gain=6134.81 1752.08 1178.74 1436.58 1116.56 818.086 1244.87 404.252 393.76 313.196 260.444 162.078 120.457 58.7531 42.0191
threshold=0.79615393969257064 2.8010835046344154 -0.17765726660099498 -0.27419264966278095 0.16393709637383153 -0.5192667599397629 -0.17765726660099498 -0.73801609798729284 2.1281957605830604 19.915934614398353 0.078499820417405913 9.1850000000000005 1427782.8261718752 16.451600646972704 158954.75000000003
decision_type=2 2 2 2 2 2 2 2 2 2 2 2 2 2 2
left_child=1 5 3 -3 -4 7 -7 -1 11 10 -10 13 -13 -2 -11
right_child=8 2 4 -5 -6 6 -8 -9 9 14 -12 12 -14 -15 -16
leaf_value=-0.11035041140520313 -0.071470779120702363 -0.017104862036900908 0.067180304807759092 0.03748537959717637 -0.029899054088196833 0.050452092465677813 0.012338540806893296 -0.0074575990792026094 0.062243246424566794 -0.093291556297538811 -0.060207453464572749 0.29037299412205192 0.065895967738404268 0.094234306560219083 -0.057198379179288578
leaf_weight=414.41791300289333 84.078582551330328 9471.9540240708739 1258.7389480322599 9806.9704805985093 19028.510809658095 14394.822237046435 21177.421358224005 4273.2428399175406 179.1314956843853 5930.4826878532767 3393.2179875634611 30.719101438298821 85.762468658387661 23.486088225618005 371.96489788312465
leaf_count=3032 5025 169894 18537 102776 368052 91167 161373 28954 8043 494564 187517 514 1538 958 27998
internal_value=-0.00138517 0.00790658 -0.0070375 0.0106671 -0.0238606 0.0225922 0.0277667 -0.0166618 -0.0747991 -0.0777778 -0.0539889 0.0553189 0.134611 -0.0327114 -0.0912084
internal_weight=89924.9 79826.1 39566.2 19278.9 20287.2 40259.9 35572.2 4687.66 10098.8 9874.8 3572.35 224.046 116.482 107.565 6302.45
internal_count=1669942 943785 659259 272670 386589 284526 252540 31986 726157 718122 195560 8035 2052 5983 522562
is_linear=0
shrinkage=0.1


Tree=20
num_leaves=16
num_cat=0
split_feature=20 37 20 5 0 28 20 7 4 4 30 37 20 6 24
split_gain=6293.13 1599 1145.53 856.673 963.262 712.855 511.86 510.207 309.384 216.436 248.696 201.58 45.7345 35.0115 1.3089
threshold=7.8316421508788512 1.0000000180025095e-35 3.5648727416992352 -0.0018948938923298547 150.62187476960852 0.0010110996663570352 11.834533691406252 -0.99931357924004838 -0.99987154017421087 -0.99987154017421087 -5.811685696244239e-06 1.0000000180025095e-35 16.050354003906254 -0.11656463834556999 -299356.49999999994
decision_type=2 2 2 2 2 2 2 2 2 2 2 2 2 2 2
left_child=1 3 5 7 -5 -3 9 -1 -4 10 -2 -11 13 -8 -14
right_child=6 2 8 4 -6 -7 12 -9 -10 11 -12 -13 14 -15 -16
leaf_value=0.11426084994042179 -0.038947337111625596 -0.00065682978351943688 0.074705452391302149 -0.0017409332443805747 0.095237509334741649 0.048631665772343971 -0.063917823696358608 0.033623229446206715 -0.037802362275329564 -0.031811689370385324 0.19044087878539484 -0.072928068208215194 -0.098807649022690514 -0.08948706137500935 -0.08567096331001145
leaf_weight=811.65874226950109 110.30497658904642 28892.100399924442 246.42923666536808 13764.466249536723 1101.5474759442732 3261.0254483483732 978.73235270194709 20703.953504960053 9422.9823186034337 2493.3925689877942 75.966465626843274 2305.0388011615723 3439.4280840056017 1428.8744260100648 386.38244325015694
leaf_count=6456 3864 251860 4397 172690 10146 17459 72905 196411 205481 122115 1632 122929 341560 112158 27305
internal_value=-0.0014404 0.00860848 -0.00472811 0.0239381 0.00547462 0.00434888 -0.0714662 0.0366911 -0.0348979 -0.0475011 0.0571361 -0.0516183 -0.090577 -0.0792467 -0.0975945
internal_weight=89422.3 78204.2 41822.5 36381.6 14866 32153.1 11218.1 21515.6 9669.41 4984.7 186.271 4798.43 6233.42 2407.61 3825.81
internal_count=1669368 864900 479197 385703 182836 269319 804468 202867 209878 250540 5496 245044 553928 185063 368865
is_linear=0
shrinkage=0.1


Tree=21
num_leaves=16
num_cat=0
split_feature=21 23 0 5 10 14 10 12 21 4 32 0 0 5 23
split_gain=4687.27 1398.65 965.694 824.319 1346.28 801.549 761.643 653.878 366.089 250.341 307.719 228.234 20.0326 16.288 14.4317
threshold=0.80651883354200005 4.4206602512036106 16.702063128167403 0.029813910312509805 0.24167150795252154 5.6863418579101817 2.6934343121774704 163.94205814753303 1.3898708075691402 -0.99987154017421087 104059.50000000001 4.5160223163712256 4.5160223163712256 -0.0018948938923298547 23.473533091724502
decision_type=2 2 2 2 2 2 2 2 2 2 2 2 2 2 2
left_child=1 3 5 4 -1 -3 -5 -4 9 10 -2 -11 13 -10 -14
right_child=8 2 7 6 -6 -7 -8 -9 12 11 -12 -13 14 -15 -16
leaf_value=0.039097693226895588 -0.031825541933906784 -0.04770211157397064 -0.031377698967779165 0.0014986374442542722 -0.0011145049878340256 0.020854783331455903 -0.10652319398910325 0.1239523071911572 -0.022245010138227786 0.015596443454928858 0.26329990288101629 -0.063296087735143808 -0.082183425714578318 -0.092484854891785304 -0.097617330438061492
leaf_weight=22100.23019923456 94.896652637980878 2056.9713375447318 15553.026557987556 16364.075056841597 13355.686486471444 9860.0332584436983 674.83402202650905 270.99144283961505 84.491392235271633 403.74147036671638 50.432268699631095 3810.3981108600274 1055.0652229925618 54.284045143052936 3100.9128017388284
leaf_count=147643 4215 41533 347541 147764 102329 145779 11009 5942 7283 20205 1125 247276 92123 5602 341655
internal_value=-0.00187411 0.0056691 -0.0124916 0.0152665 0.0239524 0.00900627 -0.00280961 -0.0286793 -0.0717724 -0.0512568 0.0759404 -0.0557282 -0.0925133 -0.0519812 -0.0938026
internal_weight=88890.1 80235.8 27741 52494.8 35455.9 11917 17038.9 15824 8654.22 4359.47 145.329 4214.14 4294.75 138.775 4155.98
internal_count=1669024 949540 540795 408745 249972 187312 158773 353483 719484 272821 5340 267481 446663 12885 433778
is_linear=0
shrinkage=0.1


Tree=22
num_leaves=16
num_cat=0
split_feature=24 38 3 7 11 5 12 11 23 3 38 3 24 3 11
split_gain=3935.92 1835.89 1908.09 2108.3 1279.22 1246.5 1197.99 614.529 600.585 412.833 780.031 427.806 118.618 130.878 12.8072
threshold=-329809.49999999994 0.68301270189221908 0.67413614826045809 0.28970332553197004 0.27416825376689508 0.079473531269269718 0.064412021682400664 0.48513922813891958 23.786041423596654 0.16393709637383153 0.68301270189221908 0.74756704563125309 -414840.24999999994 0.74756704563125309 -6.027439057739624
decision_type=2 2 2 2 2 2 2 2 2 2 2 2 2 2 2
left_child=8 2 7 -4 6 -6 -3 -2 9 10 -1 -11 14 -14 -10
right_child=1 4 3 -5 5 -7 -8 -9 12 11 -12 -13 13 -15 -16
leaf_value=-0.081782067220413507 -0.022102698137880239 0.032864165563285579 0.024356832588790622 -0.049771342987064315 0.014409527522739869 -0.070812148256367516 0.1126672481516863 -0.068896336432571814 -0.050305740813489846 -0.071552790032507543 0.21606122742493672 -0.020904762262361154 -0.091630462549377484 -0.031244784243061898 -0.093794873707068571
leaf_weight=169.12947580311447 14536.132804192603 17112.626179863699 21503.914288020693 4664.939823647961 10832.900908383541 2034.2357587963343 2110.0743963364512 3476.1492404481396 88.027657277882099 2823.2512513450347 173.74168280418962 4079.3777513564564 645.14114558883011 819.61166715901345 3200.3071173946373
leaf_count=12267 240645 158135 242208 75730 103763 26667 15257 66648 7863 128045 5661 134232 57085 42915 352740
internal_value=-0.00125956 0.00711686 -0.00610546 0.0111355 0.0253194 0.000914096 0.0416512 -0.0311499 -0.0544864 -0.0363249 0.070079 -0.0416572 -0.0821042 -0.0580625 -0.0927088
internal_weight=88269.6 76271 44181.1 26168.9 32089.8 12867.1 19222.7 18012.3 11998.6 7245.5 342.871 6902.63 4753.09 1464.75 3288.33
internal_count=1669861 929053 625231 317938 303822 130430 173392 307293 740808 280205 17928 262277 460603 100000 360603
is_linear=0
shrinkage=0.1


Tree=23
num_leaves=16
num_cat=0
split_feature=21 30 29 1 34 18 6 23 21 10 12 10 23 35 29
split_gain=3770.74 1293.02 1322.37 1157.7 732.502 809.604 511.941 208.571 191.572 130.303 544.337 70.1905 8.33175 11.3302 0.309813
threshold=0.94355594500101414 -7.8615266829729091e-07 0.00017665699124336251 89.500000000000014 -0.021598815917999847 12.721101379394552 0.089997875421695808 4.1492773268624559 1.5526350591217652 -0.36388401985797542 -3.8805259417763893 5.057638188299606 26.802607880334953 0.9829629131445341 0.00056105107069015557
decision_type=2 2 2 2 2 2 2 2 2 2 2 2 2 2 2
left_child=1 2 3 -1 5 -3 -4 -6 9 10 -2 -11 13 -10 -14
right_child=8 4 6 -5 7 -7 -8 -9 12 11 -12 -13 14 -15 -16
leaf_value=-0.0005727071316175968 -0.058705105468054325 0.02259555435813514 0.037022524065647294 -0.035368564833167623 0.0034710618670158221 0.073385075243974932 -0.011991618419082977 -0.044346463340686523 -0.0849808559581961 -0.078060339113698918 0.1696467225455941 -0.030265289698743675 -0.097537467102512626 -0.0026518689055440286 -0.010498699543419407
leaf_weight=27884.895508158021 650.34857905190438 15252.237007793039 8967.6821347828954 14546.775235612877 7196.4312398750335 3949.6890255184844 2791.9994640648365 1039.4950401941314 868.04346262104809 1899.9825665079989 119.23667042795569 376.77588745346293 2253.1521129212342 17.376163654960692 1.6884316923096765
leaf_count=419147 52075 123209 57978 299120 49164 35691 24156 21729 91989 158991 5126 28435 301260 1504 215
internal_value=-0.00103153 0.00467501 -0.00428068 -0.0125045 0.0223606 0.033059 0.0253854 -0.00258746 -0.0762694 -0.0582216 -0.0224584 -0.0702345 -0.0936571 -0.0833891 -0.0974957
internal_weight=87815.8 81629.2 54191.4 42431.7 27437.9 19201.9 11759.7 8235.93 6186.6 3046.34 769.585 2276.76 3140.26 885.42 2254.84
internal_count=1669789 1030194 800401 718267 229793 158900 82134 70893 639595 244627 57201 187426 394968 93493 301475
is_linear=0
shrinkage=0.1


Tree=24
num_leaves=16
num_cat=0
split_feature=20 38 2 7 11 12 12 7 2 31 17 20 38 38 20
split_gain=3996.66 1487.97 1910.7 2676.33 1059.78 1118.82 894.101 490.218 473.285 572.715 558.562 207.247 95.7152 75.2414 9.76793
threshold=9.131202697753908 0.68301270189221908 0.85976012918493661 0.28970332553197004 0.27416825376689508 0.064412021682400664 -27.271398841328445 -0.99931357924004838 4.0071144863697555e-16 1.0196533203125002 1.3627450693138752 12.883834838867202 0.93301270189221963 0.68301270189221908 16.050354003906254
decision_type=2 2 2 2 2 2 2 2 2 2 2 2 2 2 2
left_child=1 2 6 -4 5 -3 -1 -6 9 10 -2 12 -10 -11 -13
right_child=8 4 3 -5 7 -7 -8 -9 11 13 -12 14 -14 -15 -16
leaf_value=0.0076709715317855353 0.57495339931022238 0.027242493416680641 0.032922652868732166 -0.058752694057699395 0.081901275118541839 0.10245632215676677 -0.035386651719641352 -0.0051886438890515266 -0.063512626680780004 -0.091376694798858377 0.058069186370299689 -0.084434976219213864 0.00023454776039860225 0.058613363607878236 -0.097304403551273566
leaf_weight=6410.8047690493986 30.347642982844263 17976.547730058432 17119.380276734009 3907.1442719679326 675.96527681685984 2218.5314141986892 19443.215031037107 12702.110063599423 2679.9601786076091 114.91722521558404 54.337642497383058 1248.2107458747923 258.14606125513092 42.439205781556666 2658.8671938101761
leaf_count=88707 1067 157042 175450 69340 4406 14373 319456 127044 194489 11797 3642 129155 11896 2229 359641
internal_value=-0.00134147 0.00500201 -0.0065065 0.0158776 0.0210707 0.0355284 -0.0247106 -0.000759223 -0.0733051 0.0631143 0.265026 -0.0781713 -0.0579208 -0.0503649 -0.0933061
internal_weight=87540.9 80453.7 46880.5 21026.5 33573.2 20195.1 25854 13378.1 7087.23 242.042 84.6853 6845.18 2938.11 157.356 3907.08
internal_count=1669734 955818 652953 244790 302865 171415 408163 131450 713916 18735 4709 695181 206385 14026 488796
is_linear=0
shrinkage=0.1


Tree=25
num_leaves=15
num_cat=0
split_feature=20 11 11 7 22 37 20 28 20 37 7 4 20 6
split_gain=3438.24 1239.79 1427.66 1426.69 1173.1 1088.1 367.319 275.313 223.747 110.257 135.862 73.457 27.9018 28.593
threshold=9.5495681762695259 76.408663835231422 10.273867960275421 0.28970332553197004 -272.54922332763698 1.0000000180025095e-35 1.2618865966796851 8.9564821337262468e-08 12.883834838867202 1.0000000180025095e-35 0.61267468260028612 -0.99987154017421087 17.163101196289052 -0.11656463834556999
decision_type=2 2 2 2 2 2 2 2 2 2 2 2 2 2
left_child=1 2 5 -4 6 -1 -3 -6 9 10 -2 -11 13 -10
right_child=8 4 3 -5 7 -7 -8 -9 12 11 -12 -13 -14 -15
leaf_value=0.01945360239693035 -0.047073556027921293 0.16760030165406975 0.0020621669498482637 -0.10064905193454386 -0.064167461907779097 -0.0047155215701801464 0.37420735227729757 0.11049228581842313 -0.060034965030998401 0.064477897500666348 0.029599524560440807 -0.076845429281030442 -0.096459484875073387 -0.089395689857155347
leaf_weight=35648.757753454149 996.36965288873762 225.09756898134947 2872.2939834399149 2550.2967920359224 223.89106441382319 39001.952008941211 152.67833971325308 144.0061885304749 617.61431085830554 34.440755283460021 296.68784969020635 1100.5128407939337 2182.5218122936785 885.79787164786831
leaf_count=405357 75357 987 32393 50056 3153 488042 2013 1179 66800 1506 19220 88249 329177 104793
internal_value=-0.00104548 0.00442624 0.00322686 -0.0462921 0.132342 0.00682675 0.254898 0.00476452 -0.0733195 -0.0495759 -0.0294349 -0.0722929 -0.0888716 -0.077573
internal_weight=86932.9 80819 80073.3 5422.59 745.673 74650.7 377.776 367.897 6113.95 2428.01 1293.06 1134.95 3685.93 1503.41
internal_count=1668282 983180 975848 82449 7332 893399 3000 4332 685102 184332 94577 89755 500770 171593
is_linear=0
shrinkage=0.1


Tree=26
num_leaves=16
num_cat=0
split_feature=20 3 2 38 3 3 10 29 2 19 20 0 38 19 20
split_gain=3053.74 1083.22 1803.84 1667.56 1468.66 1192.96 1001.63 536.127 504.076 350.293 304.307 185.404 162.137 40.7533 18.3488
threshold=8.2792205810547106 0.67413614826045809 1.3605174388360404 0.25000000000000011 12.639527209547602 0.28082835548936952 -1.5601507828525649 0.00011901929974556 4.0071144863697555e-16 291.84219360351602 12.609992980957001 146.23933569612802 0.93301270189221963 299.7613906860351 16.411170959472702
decision_type=2 2 2 2 2 2 2 2 2 2 2 2 2 2 2
left_child=1 3 6 7 -4 -5 -3 -1 9 11 12 -2 -10 -11 -12
right_child=8 2 4 5 -6 -7 -8 -9 10 13 14 -13 -14 -15 -16
leaf_value=-0.044432901636286132 -0.050542384124818901 -0.048928063985539352 -0.033689912680541841 0.03441697045013583 0.10872482373485809 -0.013248803277949712 0.029309633146315035 0.015958659545572122 -0.055210854065380247 0.015290476799914311 -0.079327263420669897 0.23650430602895822 0.014376692047853671 -0.083257445897168589 -0.096061600537485442
leaf_weight=11537.935779769905 26.148283541202545 1716.8610846567899 9283.8437469862401 9659.3489972315729 780.49390765838325 11492.782037149183 33159.540479694493 1681.9451099783182 3296.3392128814012 79.777930814772844 1280.2485343799926 107.93962350068614 370.58329815417528 80.561234888155013 2108.3402356393635
leaf_count=207354 1425 19181 118711 82663 6625 127178 318307 16808 235747 4914 154493 2458 15186 11196 346633
internal_value=-0.00124557 0.00447033 0.0146901 -0.00889196 -0.0225971 0.00852128 0.0254518 -0.0367462 -0.0628866 0.0644868 -0.0682438 0.180723 -0.0481683 -0.0352446 -0.0898654
internal_weight=86662.7 79312.8 44940.7 34372 10064.3 21152.1 34876.4 13219.9 7349.94 294.427 7055.51 134.088 3666.92 160.339 3388.59
internal_count=1668879 896827 462824 434003 125336 209841 337488 224162 772052 19993 752059 3883 250933 16110 501126
is_linear=0
shrinkage=0.1


Tree=27
num_leaves=16
num_cat=0
split_feature=24 21 24 27 14 3 34 3 3 1 6 3 0 3 2
split_gain=2394.69 1015.38 855.033 833.185 764.662 740.767 660.551 654.778 588.875 259.208 302.615 211.349 92.0948 74.9087 49.5772
threshold=-264865.49999999994 1.1050950803307753 -41724.249999999993 -1.4886609278619298e-06 8.2042480468750281 0.67413614826045809 -0.082206726074200084 0.16393709637383153 12.639527209547602 489.36000000000007 -0.11656463834556999 0.18230011669239202 4.5160223163712256 0.7733055817616401 4.7099244186189657e-16
decision_type=2 2 2 2 2 2 2 2 2 2 2 2 2 2 2
left_child=1 4 3 8 7 -6 -5 -1 -2 11 -11 -4 13 -3 -14
right_child=2 12 9 6 5 -7 -8 -9 -10 10 -12 -13 14 -15 -16
leaf_value=0.049394009193092274 -0.0077916854127008835 -0.093162452935627471 -0.0099725734291805888 0.028531560392574408 -0.037081031099163976 0.018830353020530474 -0.007022204878815894 -0.050030234420685687 0.11527984918439926 0.04382379529697588 -0.046184773112707356 0.057531952701069679 -0.02256536107795553 0.040216957368702858 -0.086474120874185906
leaf_weight=717.26099001988769 31227.497982868925 61.198004445061088 509.07345887925476 17820.367941580247 3742.8648277693428 6438.8505736622028 7390.4227330829017 8116.1260745441541 388.69708138797432 852.3430441711098 656.95008739084005 5058.79335234873 130.75459543336183 110.85282442439348 3053.7862027767114
leaf_count=20792 383296 8688 2596 148037 108548 109465 69822 259245 3905 3896 4256 25247 15140 10613 495372
internal_value=-0.00122217 -0.029376 0.00863551 0.00455175 -0.0204132 -0.00173115 0.0181098 -0.0419337 -0.00626063 0.0414003 0.00462263 0.0513566 -0.0800446 -0.00851688 -0.0838896
internal_weight=86275.8 22371.7 63904.1 56827 19015.1 10181.7 25210.8 8833.39 31616.2 7077.16 1509.29 5567.87 3356.59 172.051 3184.54
internal_count=1668918 1027863 641055 605060 498050 218013 217859 280037 387201 35995 8152 27843 529813 19301 510512
is_linear=0
shrinkage=0.1


Tree=28
num_leaves=15
num_cat=0
split_feature=23 0 2 4 22 3 3 22 29 3 2 29 0 29
split_gain=1997.22 1054.91 906.258 1018.02 1135.52 1119.85 776.499 549.796 477.507 566.69 345.41 265.676 31.3192 92.1683
threshold=11.345645261985652 16.702063128167403 8.6013582708233418 -0.5605992154332019 -269.09477081298843 1.2216786428619952 0.74756704563125309 -272.59504547119144 8.8885421156703604e-07 12.639527209547602 4.7099244186189657e-16 4.7063454985618605e-05 235.70350349295953 0.00048415362834930458
decision_type=2 2 2 2 2 2 2 2 2 2 2 2 2 2
left_child=2 6 3 4 -1 -5 11 -8 10 -10 -3 -2 -4 -14
right_child=1 8 12 5 -6 -7 7 -9 9 -11 -12 -13 13 -15
leaf_value=0.016241025500342354 -0.085395039151042504 0.068488571471351997 -0.10969770012078334 0.0064368937264976797 0.090091008789765004 -0.030219021612059305 -0.0032817525129939747 0.079895782014425598 -0.021564043869532232 0.35749761886554404 -0.077955600639909112 0.022320757827078 -0.087263502958987799 0.043756626429315347
leaf_weight=22151.74261684576 1230.0143548478372 161.94771900121123 471.41308606369421 36415.031240601558 2293.6067960560322 10802.547902903985 3076.8999982946552 1066.2115925103426 1520.2101387833245 35.491001966409385 5871.5981209175661 278.87472097016871 436.01478293631226 58.057421272620559
leaf_count=212272 92620 10188 8191 397945 25596 126393 81331 19040 54009 980 624814 5265 8809 521
internal_value=-0.00118739 -0.0368973 0.00532515 0.00662459 0.0231871 -0.00195164 -0.00418182 0.0181941 -0.0612429 -0.0117987 -0.0739714 -0.0654789 -0.0906626 -0.0715835
internal_weight=85869.7 13241.2 72628.4 71662.9 24445.3 47217.6 5652 4143.11 7589.25 1555.7 6033.55 1508.89 965.485 494.072
internal_count=1667974 888247 779727 762206 237868 524338 198256 100371 689991 54989 635002 97885 17521 9330
is_linear=0
shrinkage=0.1


Tree=29
num_leaves=16
num_cat=0
split_feature=24 23 13 15 24 32 34 0 32 0 0 4 0 38 2
split_gain=1828.32 832.471 702.719 729.918 638.164 586.9 892.937 532.366 346.678 338.331 163.733 178.559 159.611 150.655 79.3364
threshold=-237873.49999999997 23.473533091724502 0.32086944580078153 -2.4658517837524392 -29061.999999999996 19337.500000000004 -0.70128631591793988 16.702063128167403 187659.00000000003 15.984227908671352 110.47577477874852 -0.74776338392120034 1.5192841653702753 0.68301270189221908 0.51163163424398406
decision_type=2 2 2 2 2 2 2 2 2 2 2 2 2 2 2
left_child=1 2 3 -1 5 6 -2 -7 12 -10 14 -12 -3 -4 -6
right_child=4 8 13 -5 10 7 -8 -9 9 -11 11 -13 -14 -15 -16
leaf_value=0.079355071329724261 0.043693862112281594 -0.014643457552699232 -0.062314125131253555 -0.0099045976185843758 0.0298322684809878 0.015173984532774463 0.0050417513579254988 -0.021322078236365245 0.095437982644956704 -0.089354931130064291 -0.078223246622252204 0.030090586568414093 -0.080569768938766578 -0.030074142908163688 0.067283096603834622
leaf_weight=958.4260753877461 7758.4425173178315 416.9625141681172 2701.4323605936952 18670.096358861309 761.70891507156193 6133.3424960491247 25979.500327778049 11453.826136558317 250.19099920010194 157.17599432822317 166.10669337026775 1384.1180365337059 3237.2926247799769 3161.1133524789475 2338.1755825085565
leaf_count=12242 70334 7884 61320 510260 3777 47476 236608 126675 6175 20259 1077 6763 496691 49454 11329
internal_value=-0.0011919 -0.0213119 -0.0146055 -0.00552711 0.0094316 0.00621544 0.0139354 -0.00859376 -0.0633317 0.0239197 0.0448848 0.0182706 -0.0730776 -0.0449706 0.0581435
internal_weight=85527.9 29552.7 25491.1 19628.5 55975.2 51325.1 33737.9 17587.2 4061.62 407.367 4650.11 1550.22 3654.26 5862.55 3099.88
internal_count=1668324 1164285 633276 522502 504039 481093 306942 174151 531009 26434 22946 7840 504575 110774 15106
is_linear=0
shrinkage=0.1


Tree=30
num_leaves=16
num_cat=0
split_feature=21 23 3 14 3 9 2 2 22 0 31 13 23 22 25
split_gain=1650.55 892.031 944.247 1478.7 1274.76 350.347 359.065 115.784 189.083 80.0752 132.86 60.9472 29.1717 26.4692 1.18776
threshold=1.1335272532047951 0.89087302313065664 0.67413614826045809 10.169458007812501 0.28082835548936952 -0.73801609798729284 0.77590829482205115 4.7099244186189657e-16 -270.51702728271442 16.702063128167403 462683.00000000006 0.13565826416015653 18.916384735391205 -272.33199157714847 1.0000000180025095e-35
decision_type=2 2 2 2 2 2 2 2 2 2 2 2 2 2 2
left_child=1 5 4 -4 -3 14 -7 8 13 10 -9 -10 -11 -2 -1
right_child=7 2 3 -5 -6 6 -8 9 11 12 -12 -13 -14 -15 -16
leaf_value=-0.11962686429221772 -0.055680267130304301 0.0082601968076376903 -0.0073330000155717697 0.033586079688997704 -0.034204293486416203 0.040993616365763638 0.0096220864364986412 0.096233782885493557 0.36280262069777613 -0.067421199248947294 -0.060481252512049832 0.014515200565041768 -0.093182848966347279 0.04492927984006273 -0.074994569692063404
leaf_weight=140.02975902706385 120.44100298825651 12132.939769673627 24479.249368692748 13809.476293379907 16928.384285746142 7609.2009644759819 7012.4121598899364 58.614456960465759 12.562749317381533 695.52403256343678 370.12287410185672 7.6423394037410608 1681.0673756669275 28.995499552693218 43.373594396747649
leaf_count=856 15782 184215 374876 154722 322003 42919 41816 5468 410 86112 58551 173 376903 2088 256
internal_value=-0.000653475 0.00199826 -0.00288771 0.00742762 -0.0164772 0.0242186 0.0259565 -0.0737627 0.00628786 -0.078606 -0.0381937 0.260079 -0.0858009 -0.0353362 -0.111342
internal_weight=85130 82155.1 67350 38288.7 29061.3 14805 14621.6 2974.97 169.642 2805.33 428.737 20.2051 2376.59 149.437 183.403
internal_count=1667150 1121663 1035816 529598 506218 85847 84735 545487 18453 527034 64019 583 463015 17870 1112
is_linear=0
shrinkage=0.1


Tree=31
num_leaves=16
num_cat=0
split_feature=21 28 37 1 14 7 10 7 21 10 10 10 21 10 29
split_gain=1459.52 936.869 1000.76 862.723 659.2 245.18 331.505 169.634 130.495 76.7164 126.688 57.2136 9.4213 9.7048 2.82151
threshold=1.0900666714712404 0.00095499306917190563 0.68301270189221963 224.76500000000001 8.9823242187500281 0.38568703484886252 4.0762433906740503 -0.97747149356400331 1.6209409548617453 -0.36388401985797542 -0.39367685604287994 5.057638188299606 2.1498874250120004 -0.35303272787547846 0.00048415362834930458
decision_type=2 2 2 2 2 2 2 2 2 2 2 2 2 2 2
left_child=1 2 3 -1 -4 7 -7 -3 9 10 -2 -11 13 -10 -14
right_child=8 5 4 -5 -6 6 -8 -9 12 11 -12 -13 14 -15 -16
leaf_value=0.011942876413599503 -0.038183666915518333 0.0075137483033192176 -0.032905637104618461 -0.017218495333681662 0.0095780907005908762 0.028523249614882479 -0.0920038121243964 0.06013135324856566 -0.052481672346491731 -0.072581412043949925 0.10009067903061211 -0.0093835164325606346 -0.09649803520531719 -0.085548095357427079 0.01385288216954301
leaf_weight=44416.827287503984 313.34006880433299 733.81212136242539 13522.550711749587 13143.046950556803 5000.5569012979977 1075.1539988112636 284.33456564741209 3755.5646120347083 154.6047108520288 834.17898944253102 78.7137889303267 174.68793090735562 989.88973736064509 415.90259992727078 1.1436197806615371
leaf_count=538446 42534 3813 259078 212907 61392 5724 2395 19576 29879 124124 2501 22121 255624 89300 257
internal_value=-0.000752189 0.00174298 -0.00122298 0.00528334 -0.0214371 0.0402928 0.00307047 0.0515487 -0.069647 -0.0472084 -0.00951111 -0.0617388 -0.0895627 -0.0771211 -0.0963018
internal_weight=84894.3 81931.8 76083 57559.9 18523.1 5848.87 1359.49 4489.38 2962.46 1400.92 392.054 1008.87 1561.54 570.507 991.033
internal_count=1669671 1103331 1071823 751353 320470 31508 8119 23389 566340 191280 45035 146245 375060 119179 255881
is_linear=0
shrinkage=0.1


Tree=32
num_leaves=16
num_cat=0
split_feature=24 5 9 22 1 9 21 24 5 1 38 15 21 7 38
split_gain=1329.81 780.366 796.072 863.138 568.675 664.346 560.285 555.035 405.383 636.935 328.488 328.211 33.7386 29.42 2.43942
threshold=-290617.74999999994 0.029813910312509805 -0.5192667599397629 -269.64951934814394 23.500000000000004 0.43992850663574307 1.3536224886520702 -169017.49999999997 -0.0047529866458934089 224.76500000000001 0.68301270189221908 2.0973229408264156 1.8558571595243103 -0.99881375989866439 0.93301270189221963
decision_type=2 2 2 2 2 2 2 2 2 2 2 2 2 2 2
left_child=6 2 11 -4 7 -6 8 -3 9 -1 -10 -2 13 -8 -14
right_child=1 4 3 -5 5 -7 12 -9 10 -11 -12 -13 14 -15 -16
leaf_value=0.010544353768092143 -0.029399277061363617 -0.060562040711778481 0.011949960483724174 0.056892940995337704 0.0096710921794891814 -0.04672596460058643 0.050932880935309725 -0.0044598661722800867 -0.061962597653680632 -0.050144804859074445 -0.0058256356770593504 0.090477200039643546 -0.09337363298090226 -0.066144473595416142 -0.025061952066348286
leaf_weight=5837.9676234456711 5058.177135583479 3665.5206891088746 37049.242819306208 4826.2069657882676 13016.253182299901 2482.7907209864352 18.767945616971701 3395.7140023550019 3248.9475800876971 2451.4333290818613 1535.3098953680601 234.40332734957337 1066.0461878317874 595.14266345347278 9.6254665995947999
leaf_count=146942 55208 55631 343795 60900 183229 36036 3187 28640 172527 97971 56181 1788 300854 122003 2523
internal_value=-0.000572017 0.00520109 0.012517 0.0171359 -0.0100941 0.000624696 -0.0278315 -0.033605 -0.0208097 -0.00742272 -0.0439726 -0.0240097 -0.0819432 -0.0621827 -0.0928811
internal_weight=84491.5 69728.3 47168 41875.4 22560.3 15499 14763.2 7061.23 13073.7 8289.4 4784.26 5292.58 1689.58 613.911 1075.67
internal_count=1667415 765227 461691 404695 303536 219265 902188 84271 473621 244913 228708 56996 428567 125190 303377
is_linear=0
shrinkage=0.1


Tree=33
num_leaves=16
num_cat=0
split_feature=20 2 20 22 28 8 8 7 22 9 10 2 2 0 20
split_gain=1473.01 866.579 717.736 670.889 635.821 626.704 875.767 503.108 223.586 201.635 176.476 224.943 187.081 60.4169 51.8435
threshold=4.3257293701172363 4.0071144863697555e-16 11.709846496582051 -269.58015289306644 0.0015443786978721551 -0.6792500457034949 -0.17765726660099498 0.65780237985017564 -272.50222625732448 -0.73801609798729284 0.80640282140132813 1.3674450075548703 0.54069086809068911 146.23933569612802 15.525337219238301
decision_type=2 2 2 2 2 2 2 2 2 2 2 2 2 2 2
left_child=4 3 7 8 5 9 -7 -3 -2 -1 12 -12 -6 -5 -4
right_child=1 2 14 13 10 6 -8 -9 -10 -11 11 -13 -14 -15 -16
leaf_value=-0.097337583956385351 -0.019932822103975151 -0.014566721609548633 -0.062625840451840512 0.11954759780883056 0.032140024962479717 0.020394280122287039 -0.0043326544883034368 -0.068012948914404209 0.11030865855402001 -0.024117123448707749 0.044568562233439905 -0.057191748517067147 0.087177027822556583 0.32587665978004127 -0.092607208031879412
leaf_weight=406.43340463005006 302.32632358931005 13191.006465120707 1079.7918649106286 25.61736253509298 1150.7823715619743 26339.241162735969 31387.584782449529 2028.6600520391949 226.98591720731929 4492.949095973745 672.51548493281007 314.89513345807791 1350.9575858134776 99.970427073538303 1399.2897017954383
leaf_count=4176 18813 450302 167547 696 5551 192551 307774 85839 6495 38160 3181 2390 6296 951 378844
internal_value=-0.000606109 -0.0256658 -0.0298536 0.0868796 0.00635188 0.00403526 0.00695039 -0.0217107 0.0364285 -0.0302842 0.0478674 0.0119915 0.061975 0.289978 -0.0797008
internal_weight=84469 18353.6 17698.7 654.9 66115.4 62626.2 57726.8 15219.7 529.312 4899.38 3489.15 987.411 2501.74 125.588 2479.08
internal_count=1669566 1109487 1082532 26955 560079 542661 500325 536141 25308 42336 17418 5571 11847 1647 546391
is_linear=0
shrinkage=0.1


Tree=34
num_leaves=16
num_cat=0
split_feature=20 38 2 7 2 4 8 23 2 38 4 20 4 37 38
split_gain=1303.43 821.893 1291.19 1592.06 710.472 868.955 668.205 457.497 195.995 126.945 94.7425 93.5184 62.1773 20.2611 6.61527
threshold=10.760231018066451 0.68301270189221908 0.85976012918493661 0.28970332553197004 0.77590829482205115 -0.9223499532486098 -0.20988838139123947 3.3952560497054756 4.7099244186189657e-16 0.25000000000000011 0.082974969373845769 14.232666015625052 -0.99987154017421087 -0.68301270189221885 0.68301270189221908
decision_type=2 2 2 2 2 2 2 2 2 2 2 2 2 2 2
left_child=1 2 7 -4 5 -3 -6 -1 9 13 -11 12 -10 -2 -13
right_child=8 4 3 -5 6 -7 -8 -9 11 10 -12 14 -14 -15 -16
leaf_value=-0.010063508098857636 0.0047958856421635764 0.0880381877053346 0.023809198513946157 -0.050439557349979264 0.028210229820582494 0.01888557005134682 -0.019066106984495984 -0.037230744869796002 0.05789904497118932 0.15978923812116957 -0.046665400931383841 -0.092857847509829783 -0.055869379281252268 -0.086477026741715479 -0.072288204662397701
leaf_weight=14578.48029985372 38.732144440058619 2005.9139838665724 17824.914763323497 3441.2245873662177 4412.7396967061795 18922.398670368362 9243.804037050344 10785.712712229695 46.190699844388291 75.365609227214009 28.10008582053706 1217.8992358471733 1169.0129834532272 58.164553886279464 308.51987032801844
leaf_count=132388 4746 18826 193776 75940 39504 170681 95299 329870 3234 2604 3649 368550 162701 7344 59828
internal_value=-9.31688e-05 0.00227728 -0.00638609 0.0117854 0.0139572 0.0255331 -0.00378531 -0.021621 -0.0654237 0.0294328 0.104152 -0.0723969 -0.0513254 -0.0515478 -0.0889499
internal_weight=84157.2 81215.2 46630.3 21266.1 34584.9 20928.3 13656.5 25364.2 2941.99 200.362 103.466 2741.62 1215.2 96.8967 1526.42
internal_count=1668940 1056284 731974 269716 324310 189507 134803 462258 612656 18343 6253 594313 165935 12090 428378
is_linear=0
shrinkage=0.1


Tree=35
num_leaves=16
num_cat=0
split_feature=38 0 3 6 28 11 12 28 3 5 28 28 2 11 12
split_gain=944.996 1768.98 1232.43 1458.22 828.885 770.19 789.681 1124.81 714.888 837.695 581.274 520.636 652.133 397.199 164.656
threshold=0.68301270189221908 75.704902458871217 0.67413614826045809 0.21541486973735754 7.3365867137908963e-05 -0.022449189823836611 -3.5949951705264045 1.8179439678078752e-06 0.16393709637383153 0.079473531269269718 1.0810510389092102e-06 0.00013391673564910902 4.7099244186189657e-16 -0.65995408724049642 94.108138545445811
decision_type=2 2 2 2 2 2 2 2 2 2 2 2 2 2 2
left_child=1 2 4 -4 -1 6 13 -8 10 -10 -7 12 -3 -2 -13
right_child=5 11 3 -5 -6 8 7 -9 9 -11 -12 14 -14 -15 -16
leaf_value=-0.032923499188569946 0.0074070930659383668 0.080988402252817907 0.022240089059325369 -0.064559352425801839 0.044173287482832516 0.086815484201224646 0.097832597686810727 -0.020121215098133798 -0.00051497685666818734 -0.065167593873854429 -0.026960461142365146 -0.0012517445095046166 -0.062040261640009337 0.052838542880794204 -0.10702963399358151
leaf_weight=11557.640977883711 11389.557216058485 327.51526438933797 21715.246550109936 2119.9903180485126 1581.3670927854255 1451.7944310447201 2930.2164690205827 1113.6962068486027 13201.895780750783 2357.7614541351795 646.27650839649141 2688.0771899030078 8196.1619377636816 2311.2463331001345 150.6897861850448
leaf_count=307649 125610 12323 319338 62618 17630 12307 28474 6629 164425 45637 3627 24472 503846 32459 2256
internal_value=-0.000562037 -0.009653 0.000953634 0.0145079 -0.0236311 0.0118499 0.0265603 0.0653633 -0.0029363 -0.0103296 0.0517879 -0.044153 -0.0565002 0.0150876 -0.00704504
internal_weight=83739.1 48336.7 36974.2 23835.2 13139 35402.4 17744.7 4043.91 17657.7 15559.7 2098.07 11362.4 8523.68 13700.8 2838.77
internal_count=1669300 1250132 707235 381956 325279 419168 193172 35103 225996 210062 15934 542897 516169 158069 26728
is_linear=0
shrinkage=0.1


Tree=36
num_leaves=16
num_cat=0
split_feature=20 3 7 3 3 7 13 28 2 31 20 17 28 13 4
split_gain=1067.06 724.679 1451.78 1281.59 1124.86 1245.74 827.373 580.569 124.666 116.244 61.7046 56.472 39.5015 6.39283 4.14024
threshold=11.709846496582051 0.67413614826045809 0.18779089352359854 3.8224910192418853 0.36264124221607402 -0.68464085727512491 0.24393463134765653 0.00020113216132244851 4.0071144863697555e-16 94.250000000000014 15.525337219238301 2.1659052705578152 8.6426735101952101e-07 0.16670989990234403 -0.99987154017421087
decision_type=2 2 2 2 2 2 2 2 2 2 2 2 2 2 2
left_child=1 4 6 -4 5 -1 -3 -6 9 11 12 -2 -10 -11 -12
right_child=8 2 3 -5 7 -7 -8 -9 10 13 14 -13 -14 -15 -16
leaf_value=-0.020478945295514278 0.13440162477352777 0.033779140378812064 -0.0068274437334390203 -0.096111074014240974 -0.039046096122174939 0.029659740313475874 0.0036512091002402487 0.017717776199117886 -0.06099886587979364 -0.086759609152682132 -0.028966682662355827 -0.053059145453158985 0.031579804874069355 -0.019182523545504863 -0.092570446466948841
leaf_weight=9573.7305951295421 66.079104852396995 17743.935876736417 8147.405563431792 1998.2050895472057 12674.630652224645 10262.099624459865 18741.208337893011 2097.2910345969722 887.28885310445912 57.142469136975706 15.991661956300957 17.790618962608278 45.649955414235592 22.483475364977494 1111.9535644371063
leaf_count=150309 1858 234475 106936 55500 240750 135042 169902 15834 159538 10070 4341 1621 7840 1394 374162
internal_value=-0.0010075 0.000865483 0.00900167 -0.0244508 -0.010097 0.00546132 0.018306 -0.0309836 -0.0692609 0.0143935 -0.0759162 0.0938891 -0.0563247 -0.0699391 -0.0918005
internal_weight=83462.9 81238.5 46630.8 10145.6 34607.8 19835.8 36485.1 14771.9 2224.38 163.496 2060.88 83.8697 932.939 79.6259 1127.95
internal_count=1669572 1108748 566813 162436 541935 285351 404377 256584 560824 14943 545881 3479 167378 11464 378503
is_linear=0
shrinkage=0.1


Tree=37
num_leaves=16
num_cat=0
split_feature=30 28 8 8 9 1 0 3 0 3 8 29 10 28 1
split_gain=992.036 1303.4 845.632 979.495 743.096 741.138 711.561 651.864 465.025 423.814 418.099 359.567 330.284 268.753 102.956
threshold=-4.0333252400159844e-06 0.00016043782233943202 0.27146375480444107 0.23855604181949652 -0.5192667599397629 56.760000000000012 1.5192841653702753 12.639527209547602 0.83839628629263818 0.16960768470743651 0.50772087891732565 1.1771917627356703e-06 0.80640282140132813 0.00013391673564910902 56.760000000000012
decision_type=2 2 2 2 2 2 2 2 2 2 2 2 2 2 2
left_child=1 6 3 4 -2 10 8 -8 -1 14 -4 -5 -11 -7 -3
right_child=2 9 5 11 -6 13 7 -9 -10 12 -12 -13 -14 -15 -16
leaf_value=-0.075801716746647541 -0.021370027120904259 -0.0095383725200834536 -0.0069481431713020285 0.12163842679499888 0.019960728899544665 -0.052472635920253322 -0.031726544637644766 0.088415071531715045 0.025703458417261932 0.035348611903305571 0.067282614850827302 -0.019273191406462442 -0.0042236270884720142 0.029001223590279748 -0.073078987562060521
leaf_weight=505.03993269870989 5135.1062285518274 476.25210444675758 2479.9149257796817 1157.0192231296096 28320.996647520456 4238.9247151941527 24099.054963196977 455.55235076043755 3923.595748280175 7116.7656825312879 1087.7777614081278 213.02763018244877 2995.1945829128381 444.40953560872003 548.19653863064013
leaf_count=14838 65070 3414 25578 13419 348019 105718 964183 14829 22660 49918 8473 1098 24336 3067 3730
internal_value=-0.000340572 -0.0116548 0.010197 0.0170166 0.0136147 -0.01858 -0.0228266 -0.0294801 0.0140554 0.0174175 0.0157471 0.0997378 0.0236309 -0.0447188 -0.0437296
internal_weight=83196.8 40119.7 43077.2 34826.1 33456.1 8251.03 28983.2 24554.6 4428.64 11136.4 3567.69 1370.05 10112 4683.33 1024.45
internal_count=1668350 1097908 570442 427606 413089 142836 1016510 979012 37498 81398 34051 14517 74254 108785 7144
is_linear=0
shrinkage=0.1


Tree=38
num_leaves=16
num_cat=0
split_feature=23 22 24 13 14 5 3 14 28 3 35 28 28 3 12
split_gain=835.11 600.325 677.462 618.731 595.601 504.918 474.036 498.386 391.566 361.849 285.025 258.163 214.048 188.102 97.4327
threshold=9.0956550692467619 -269.7159408569334 -107057.49999999999 0.34525299072265653 9.986627197265646 -0.7360555955126874 0.74756704563125309 5.4767623901367459 5.4494815856287453e-05 0.16393709637383153 0.37940952255126054 0.0023091692476953055 9.5460563898086569e-07 0.46585619390179506 -3.4469022826827795
decision_type=2 2 2 2 2 2 2 2 2 2 2 2 2 2 2
left_child=1 2 3 -1 5 -3 8 12 9 -2 -9 -4 -8 -6 -10
right_child=6 4 11 -5 13 -7 7 10 14 -11 -12 -13 -14 -15 -16
leaf_value=0.00019172291260338462 -0.0049945241037207024 0.10805157604790046 0.01299557651167068 -0.028440692132386921 0.030586483417415308 0.0049181707211450234 -0.056101726546859292 -0.0040623711103450017 0.033151258348552412 -0.071570096928987567 0.045554871634758604 0.055708126179195822 0.010246147259748848 0.089377124353766824 -0.022487861493102414
leaf_weight=31425.311159992358 1047.7007456655847 507.45297739934176 15926.556920320727 9927.6342074554414 825.85345026967116 6452.6599225860555 2221.0070913659874 4269.9464402690064 638.55168582568876 3705.3778904433129 1583.0956039750017 1548.9612959455699 620.36697138240561 1633.0028388970532 611.20747281052172
leaf_count=376098 98500 5413 97277 99579 9162 76148 189058 182986 11415 427817 46815 7202 16347 14864 10483
internal_value=-0.000611715 0.00404509 0.000291381 -0.00668469 0.0274772 0.0125097 -0.0222298 -0.0072989 -0.0438315 -0.0569158 0.00938523 0.0167963 -0.0416232 0.0697333 0.0059592
internal_weight=82944.7 68247.4 58828.5 41352.9 9418.97 6960.11 14697.3 8694.42 6002.84 4753.08 5853.04 17475.5 2841.37 2458.86 1249.76
internal_count=1669164 685743 580156 475677 105587 81561 983421 435206 548215 526317 229801 104479 205405 24026 21898
is_linear=0
shrinkage=0.1


Tree=39
num_leaves=14
num_cat=0
split_feature=20 35 38 0 0 17 0 22 2 22 20 28 20
split_gain=846.907 712.406 650.977 768.615 543.271 307.26 406.159 351.962 65.3248 55.0625 29.8319 30.5466 14.3997
threshold=12.883834838867202 0.91597561503675362 0.68301270189221908 16.702063128167403 90.393776610732417 1.0615663138131051 16.702063128167403 -270.56670989990249 4.7099244186189657e-16 -269.58015289306644 18.176582336425803 2.9802350809404756e-08 16.967727661132852
decision_type=2 2 2 2 2 2 2 2 2 2 2 2 2
left_child=1 2 3 -1 -4 7 -7 -3 9 12 11 -10 -2
right_child=8 5 4 -5 -6 6 -8 -9 10 -11 -12 -13 -14
leaf_value=0.0023878560545648429 -0.0021138716899249859 0.014476551267331085 -0.0039351246196680546 -0.027393797633039618 0.024254206801963996 0.031491753733349448 -0.0062336202714648502 0.063023178595177157 -0.071248101440162623 0.10714907899210838 -0.094842282177074799 -0.0041914367732926406 -0.075522750182421078
leaf_weight=16440.250618008431 52.482146430760622 3236.2586357053369 17578.449480168754 18318.629322136054 11181.824868042488 4812.8388394541107 6997.4093814408407 2774.3593956651166 695.16465723316651 28.43255019094795 676.79493750224356 75.948446366819553 50.072611162206158
leaf_count=266600 4805 22861 186362 416377 111431 42847 96816 26454 180559 379 289065 18013 9363
internal_value=-0.000554465 0.00085571 -0.0041016 -0.0133094 0.00702703 0.0185213 0.00914681 0.0369183 -0.0729759 -0.00513635 -0.0790743 -0.0647131 -0.0398006
internal_weight=82918.9 81340 63519.2 34758.9 28760.3 17820.9 11810.2 6010.62 1578.9 130.987 1447.91 771.113 102.555
internal_count=1671932 1169748 980770 682977 297793 188978 139663 49315 502184 14547 487637 198572 14168
is_linear=0
shrinkage=0.1


Tree=40
num_leaves=14
num_cat=0
split_feature=20 20 37 3 34 10 10 20 3 37 29 20 34
split_gain=745.606 655.974 667.864 459.921 418.968 225.836 194.696 47.735 50.6277 36.1558 33.2892 2.16276 4.58926
threshold=12.883834838867202 0.75997924804687056 1.0000000180025095e-35 12.639527209547602 -0.21562957763669496 33.153807556851909 -1.5601507828525649 17.550361633300806 0.15114538012079401 1.0000000180025095e-35 8.8885421156703604e-07 21.318809509277305 -5.8072814941405992
decision_type=2 2 2 2 2 2 2 2 2 2 2 2 2
left_child=1 5 4 -4 -3 6 -1 8 9 -2 -10 12 -9
right_child=7 2 3 -5 -6 -7 -8 11 10 -11 -12 -13 -14
leaf_value=-0.056376902424701239 0.041661242746171501 0.019933841353356539 -0.014739218354902947 0.093081070364301313 -0.0029536466811058218 -0.10800388084273896 0.023098412910992398 0.008480968750214396 -0.069332679415852624 -0.069703802915143331 0.03756173673169879 -0.096644009244208851 -0.079504531777691109
leaf_weight=310.71321319788694 84.474052755627781 13629.933226513211 33563.570466011763 395.42148057115264 19343.679792544339 131.47790521010756 13694.718523222953 5.1208600403042501 601.15560313116293 38.268519445788115 27.596544228377752 437.74953568109777 274.88441622327082
leaf_count=1585 9832 195526 579690 4808 307741 1445 76489 1654 161085 7355 6405 211125 104119
internal_value=-0.000775327 0.000506291 -0.00362809 -0.0134702 0.00650869 0.0200753 0.0213157 -0.0712537 -0.0529949 0.00557073 -0.0643817 -0.0898719 -0.0777749
internal_weight=82538.8 81069.5 66932.6 33959 32973.6 14136.9 14005.4 1469.25 751.495 122.743 628.752 717.755 280.005
internal_count=1668859 1167284 1087765 584498 503267 79519 78074 501575 184677 17187 167490 316898 105773
is_linear=0
shrinkage=0.1


Tree=41
num_leaves=15
num_cat=0
split_feature=20 2 3 3 7 20 3 37 3 1 28 2 22 38
split_gain=687.579 534.889 615.171 960.546 722.873 130.921 128.215 119.078 62.6519 44.7047 94.135 14.6633 24.7742 2.78019
threshold=10.080596923828102 8.6013582708233418 0.64525471776438859 0.36264124221607402 0.18779089352359854 16.236160278320302 0.15114538012079401 1.0000000180025095e-35 0.74184926255369665 2062.5000000000005 0.00017482787370681752 4.7099244186189657e-16 -271.55235137939445 0.86602540378443871
decision_type=2 2 2 2 2 2 2 2 2 2 2 2 2 2
left_child=1 2 3 -1 -4 6 7 -2 -8 -3 -11 12 -7 -13
right_child=5 9 4 -5 -6 11 8 -9 -10 10 -12 13 -14 -15
leaf_value=0.0055644056776861022 0.066621693017281297 -0.10548574930386655 0.015422542623700023 -0.029289209017003007 -0.016221906824070122 -0.073428150198048298 -0.070893887667518751 -0.065564646775511506 -0.02989444513399794 -0.081917654055555997 0.0318380631383803 -0.091269892932562699 0.053374585793028298 -0.059415483969609099
leaf_weight=19422.482600723626 202.64164203358814 380.74925023736432 37249.699691095622 13330.331641134107 8949.468693719944 42.660201979102567 660.49575846793596 96.788224994088523 877.82651186652947 316.97347794286907 91.019479292444885 664.56307354185265 18.503162674140185 68.134627462713979
leaf_count=258407 13726 10955 382293 224562 129630 9544 132671 11263 133150 9860 1165 332152 600 19655
internal_value=-0.000622713 0.00103849 0.00185955 -0.00862325 0.00929145 -0.0508656 -0.0360393 0.0235185 -0.0476707 -0.0806424 -0.0564616 -0.0847474 -0.0339331 -0.0887305
internal_weight=82372.3 79740.7 78952 32752.8 46199.2 2631.61 1837.75 299.43 1538.32 788.742 407.993 793.861 61.1634 732.698
internal_count=1669633 1016872 994892 482969 511923 652761 290810 24989 265821 21980 11025 361951 10144 351807
is_linear=0
shrinkage=0.1


Tree=42
num_leaves=15
num_cat=0
split_feature=24 34 4 17 3 10 22 35 3 38 3 15 17 17
split_gain=686.701 603.876 625.241 646.888 435.743 616.265 444.7 380.747 364.221 465.463 337.29 206.715 69.4518 15.5108
threshold=-215677.74999999997 0.17114257812499503 -0.99987154017421087 1.3529598835423502 12.639527209547602 24.928599026542553 -270.46645202636694 -0.37940952255126098 0.16393709637383153 0.68301270189221908 0.74756704563125309 0.17663669586181655 2.1785555043343456 1.0844760167821803
decision_type=2 2 2 2 2 2 2 2 2 2 2 2 2 2
left_child=1 2 7 -4 5 6 -2 -1 9 -3 -10 12 -6 -13
right_child=4 8 3 -5 11 -7 -8 -9 10 -11 -12 13 -14 -15
leaf_value=-0.033141541371715974 0.0033162754338364169 -0.044269322464939281 0.01736318870702792 -0.018180835831507449 -0.011258795097636552 -0.10814478308464724 0.030082988057354789 0.13253387643042366 -0.055308526721449827 0.087168920005892381 -0.020045744259449855 0.09866889931814242 0.13312332337957372 0.16902484282397784
leaf_weight=184.35730600880925 39260.467776770936 495.00677989493124 8381.0831778828287 13143.738608483342 152.22075113607571 460.02292703581043 7367.8878179243766 534.81667817477137 4503.2008564707357 580.21709388133604 6834.3546871589497 67.769711243454367 37.424135060980916 220.75877949595451
leaf_count=4631 314822 43112 187762 510667 1106 8264 72018 8095 257424 8706 250866 335 253 1100
internal_value=-0.000423228 -0.0111287 -0.00126646 -0.0043403 0.0073771 0.00640693 0.00754854 0.0901281 -0.0287945 0.0267331 -0.0340701 0.101861 0.019921 0.154462
internal_weight=82223.3 34656.8 22244 21524.8 47566.6 47088.4 46628.4 719.174 12412.8 1075.22 11337.6 478.173 189.645 288.528
internal_count=1669161 1271263 711155 698429 397898 395104 386840 12726 560108 51818 508290 2794 1359 1435
is_linear=0
shrinkage=0.1


Tree=43
num_leaves=16
num_cat=0
split_feature=8 8 8 23 30 15 1 29 19 23 23 3 1 17 3
split_gain=589.174 792.557 929.309 619.824 537.723 462.584 354.135 230.617 320.622 157.826 126.011 85.6412 59.5289 57.3638 44.152
threshold=-0.6792500457034949 -0.17765726660099498 -0.14266070584093596 12.780393695611602 -3.0183000490069394e-06 -0.30920410156250044 1150.1350000000002 0.00018547382205724703 272.98204040527355 2.5264430769283104 1.2319072903471853 0.45519674324097809 20.285000000000004 2.1284400038380653 0.45519674324097809
decision_type=2 2 2 2 2 2 2 2 2 2 2 2 2 2 2
left_child=7 4 12 -4 6 -6 -2 9 10 11 -9 -1 -3 -10 -11
right_child=1 2 3 -5 5 -7 -8 8 13 14 -12 -13 -14 -15 -16
leaf_value=-0.0046499445475368757 -0.00076717899431302556 -0.057154507219707773 -0.00061061227758242077 -0.042638288230104723 0.046105930475705131 0.011542114238149957 0.11033394920686304 0.05404680230100313 -0.033881264008175413 -0.043626113996468138 0.22614905515858408 -0.040350602318817715 -0.093817815056716242 0.011553891618071632 -0.07390103984655183
leaf_weight=1170.4472197508439 18353.670585306711 861.9394338777056 35508.285690331482 3888.951357556507 6651.1133649105905 9268.7722816518508 286.45584526052698 102.48088966310024 610.2853809313383 840.03465988964308 73.376793133094907 1577.2530705460813 997.32293332926929 503.16761734511238 1234.5289696896216
leaf_count=7482 378044 21793 450845 483745 68925 90801 11735 473 3803 31377 429 13548 39528 3434 62565
internal_value=-0.00108043 0.00132808 -0.00802931 -0.0047641 0.0124981 0.0259924 0.00096932 -0.0309356 0.0066124 -0.0409712 0.130124 -0.0251791 -0.0770199 -0.0133893 -0.0617764
internal_weight=81928.1 75816.5 41256.5 39397.2 34560 15919.9 18640.1 6111.57 1289.31 4822.26 175.858 2747.7 1859.26 1113.45 2074.56
internal_count=1668527 1545416 995911 934590 549505 159726 389779 123111 8139 114972 902 21030 61321 7237 93942
is_linear=0
shrinkage=0.1


Tree=44
num_leaves=15
num_cat=0
split_feature=24 4 3 3 5 1 13 16 1 5 12 2 1 22
split_gain=582.282 564.672 919.011 923.874 632.451 740.906 419.425 404.799 154.354 144.91 352.234 142.645 42.9125 45.2283
threshold=-47537.749999999993 -0.5605992154332019 1.2216786428619952 0.67413614826045809 -0.14445457185030747 224.76500000000001 0.081413269042968764 1.0477371215820301 1588.5000000000002 0.079473531269269718 -0.95517373316918941 1.3605174388360404 2062.5000000000005 -272.72482147216846
decision_type=2 2 2 2 2 2 2 2 2 2 2 2 2 2
left_child=1 4 3 -3 5 -1 -4 -6 9 11 -11 -2 13 -10
right_child=8 2 6 -5 7 -7 -8 -9 12 10 -12 -13 -14 -15
leaf_value=0.011537359849475888 0.040282895363335069 -0.016557889128112787 0.012833242434108875 0.015501114886199955 0.052343376270921886 -0.030167498962357809 -0.046848863699090852 0.0022598521764908871 -0.08807519745462894 0.031174225907144488 -0.070442425928900848 0.0012037919010075017 0.035699718456361156 0.019385331352211696
leaf_weight=14072.189357429743 5341.0919694998302 21531.254183376441 1376.6819422071567 15424.051053175121 4381.0127813093131 6103.1648947178619 8058.0842692749575 2553.9901099205017 183.03443506453186 1097.5420890171081 488.93379400670528 1132.1603834601119 47.005524959415197 47.455037659965456
leaf_count=219466 24725 605401 46136 234557 78052 173715 190402 79558 1091 6192 4012 6074 430 311
internal_value=-0.000749253 -0.00359069 -0.0102908 -0.00317712 0.00787403 -0.00108296 -0.0381381 0.0339138 0.0242878 0.0268207 -0.00026579 0.0334542 -0.048453 -0.0660085
internal_weight=81837.7 73500.4 46390.1 36955.3 27110.4 20175.4 9434.77 6935 8337.22 8059.73 1586.48 6473.25 277.495 230.489
internal_count=1670122 1627287 1076496 839958 550791 393181 236538 157610 42835 41003 10204 30799 1832 1402
is_linear=0
shrinkage=0.1


Tree=45
num_leaves=16
num_cat=0
split_feature=14 38 4 2 7 12 28 5 5 38 33 28 2 9 28
split_gain=675.176 1082.09 648.673 630.446 714.521 558.427 504.286 463.79 408.775 477.348 370.591 366.574 315.795 181.973 154.054
threshold=9.986627197265646 0.86602540378443871 -0.74776338392120034 0.78837767152623817 -0.69966598245795342 163.94205814753303 0.00020984187722206102 -0.71094916582099688 -0.7045795373294278 1.0000000180025095e-35 4.2779922485351509 1.4859324437566151e-08 0.85976012918493661 0.51450470248928559 0.00090200267732143413
decision_type=2 2 2 2 2 2 2 2 2 2 2 2 2 2 2
left_child=1 5 7 4 -3 6 -1 14 10 -10 -4 -7 -5 -9 -2
right_child=2 3 8 12 -6 11 -8 13 9 -11 -12 -13 -14 -15 -16
leaf_value=-0.028648448618822944 -0.01766943450136679 -0.008235634227998263 0.054266212388031025 -0.066082485356517492 0.038156949176198877 -0.031303074524787866 0.0078549914754822356 0.048378112483060121 -0.012723365472557409 0.017428666066893608 0.3344627132020348 0.14665120318779953 -0.0058718005298117474 -0.030509045198820875 0.089006024397133343
leaf_weight=22209.085744911456 1804.1086419062922 5156.5270777785918 757.77872264455073 990.09685800340958 9307.7717671219725 176.869630479021 4559.3974943159847 7091.268488200265 12689.61062829243 8948.8434899380663 45.691488000098616 321.89238270209171 7000.3287503496977 301.75832022400573 141.37419469398446
leaf_count=812927 36543 60188 9095 16216 92628 10738 37425 86537 319628 91082 1456 3054 84069 7219 646
internal_value=0.000190618 -0.00708576 0.0115742 0.00916958 0.0216208 -0.0204714 -0.0224306 0.033714 0.00235591 -0.000252484 0.0721703 0.0838612 -0.0133692 0.0451398 -0.00970926
internal_weight=81502.4 49722 31780.4 22454.7 14464.3 27267.2 26768.5 9338.51 22441.9 21638.5 803.47 498.762 7990.43 7393.03 1945.48
internal_count=1669451 1117245 552206 253101 152816 864144 850352 130945 421261 410710 10551 13792 100285 93756 37189
is_linear=0
shrinkage=0.1


Tree=46
num_leaves=14
num_cat=0
split_feature=20 14 22 38 3 28 11 4 9 3 5 28 28
split_gain=573.746 553.125 845.114 717.203 594.206 580.127 492.87 242.81 227.299 214.341 230.282 123.722 3.47245
threshold=0.61109924316405462 11.056840515136701 -270.56670989990249 0.68301270189221908 0.67413614826045809 9.5032155513763468e-05 -0.022449189823836611 -0.78620263125646739 -0.73801609798729284 1.5051006284746853 0.029813910312509805 0.0017847791314125002 0.00025333836674690252
decision_type=2 2 2 2 2 2 2 2 2 2 2 2 2
left_child=8 3 4 5 -3 -2 -5 -4 12 11 -11 -10 -1
right_child=1 2 7 6 -6 -7 -8 -9 9 10 -12 -13 -14
leaf_value=-0.076937634398571347 -0.030172945602284021 -0.020928309961045822 0.10044426304248613 0.015534396748763474 0.015794486804364998 0.010298219264429115 -0.011946050896360617 0.039587046855800036 0.02746960804516628 0.0074234865277363468 -0.097844533448638957 0.072556884244721329 -0.12848657665667196
leaf_weight=59.290306888520718 18277.857791841379 7213.5345985562308 901.66250951495022 13224.905332935741 11304.698808608344 4390.2148495219881 12876.136011357885 2419.199506120407 7271.5797890126705 2423.1117856130004 222.26159335672855 662.02607770264149 68.952674992382526
leaf_count=451 780867 202701 7935 165741 178664 46917 198492 29259 38348 12560 4603 2850 368
internal_value=-0.000129453 -0.00340092 0.00982394 -0.00932349 0.00148782 -0.0223342 0.00197808 0.0562368 0.0214356 0.0230604 -0.00158893 0.0312753 -0.108436
internal_weight=81315.4 70608.2 21839.1 48769.1 18518.2 22668.1 26101 3320.86 10707.2 10579 2645.37 7933.61 128.243
internal_count=1669756 1610576 418559 1192017 381365 827784 364233 37194 59180 58361 17163 41198 819
is_linear=0
shrinkage=0.1


Tree=47
num_leaves=16
num_cat=0
split_feature=35 24 30 8 11 34 18 25 13 13 32 14 14 24 6
split_gain=575.515 557.684 631.61 577.21 414.589 263.515 371.964 263.059 206.116 193.813 158.966 142.975 128.635 127.595 94.1323
threshold=0.91597561503675362 -102719.49999999999 -4.6589993871748439e-06 0.27146375480444107 76.408663835231422 -0.45083618164062245 12.644044494628902 2057.0000000000005 0.16670989990234403 0.088645935058593764 18851.000000000004 10.999909973144552 11.836923217773451 -21677.999999999996 0.089997875421695808
decision_type=2 2 2 2 2 2 2 2 2 2 2 2 2 2 2
left_child=1 2 4 -4 -1 6 10 13 -8 12 -2 -11 -7 -3 -9
right_child=5 7 3 -5 -6 9 8 14 -10 11 -12 -13 -14 -15 -16
leaf_value=-0.024314783821221195 0.031280417872825761 -0.00532011812671347 0.0072147464223891377 -0.031377640061751491 0.080194938948442929 -0.0595334362099635 0.085700770591366882 0.034751311601176976 -0.010854625323315971 0.0037170266818507473 -0.004364015944657483 0.031325159225562449 -0.0057669389089732162 0.025922071575313451 0.0053523180713796123
leaf_weight=21857.209328141646 3193.9261788494186 6757.5558529130649 21784.655738144298 4708.9565942836925 381.52786283858586 611.52322962449398 1448.3398080748739 4719.0667109526694 259.51316871191375 5974.8366412415635 2053.0981168771395 2730.2770836963318 1603.768715572427 1615.4773699846119 1418.0859066168778
leaf_count=930689 26519 42675 320156 107628 12878 17752 22800 27575 3334 67285 31192 25419 15130 7878 11439
internal_value=-0.00047802 -0.00495625 -0.0100802 0.000350736 -0.0225042 0.0153629 0.03057 0.0122501 0.07104 0.00566833 0.0173423 0.0123891 -0.0207096 0.000719564 0.0279681
internal_weight=81117.8 63242.5 48732.3 26493.6 22238.7 17875.3 6954.88 14510.2 1707.85 10920.4 5247.02 8705.11 2215.29 8373.03 6137.15
internal_count=1670349 1460918 1371351 427784 943567 209431 83845 89567 26134 125586 57711 92704 32882 50553 39014
is_linear=0
shrinkage=0.1


Tree=48
num_leaves=16
num_cat=0
split_feature=38 14 0 0 0 1 13 2 12 27 38 14 2 1 1
split_gain=459.295 667.281 590.65 760.531 465.842 495.147 527.977 375.081 688.063 453.746 299.749 290.794 281.694 246.264 92.963
threshold=0.93301270189221963 10.349893188476551 64.549764521068809 60.33278026594666 25.844237180583203 246.50000000000003 0.33820343017578153 1.2378464760278851 163.94205814753303 1.0000000180025095e-35 0.25000000000000011 7.9623428344726808 0.37296987154184608 4.9350000000000014 15.875000000000002
decision_type=2 2 2 2 2 2 2 2 2 2 2 2 2 2 2
left_child=1 7 3 -3 11 6 -6 9 -9 -1 -4 13 -7 -2 -13
right_child=4 2 10 -5 5 12 -8 8 -10 -11 -12 14 -14 -15 -16
leaf_value=-0.015261586460690604 0.051520878379637536 0.012088117162066045 -0.059321831708930434 0.27001230862015757 0.078259759384713107 -0.061804780481241745 0.017857564975754612 -0.045447144562040465 0.058683843511585301 0.010724625252391262 0.0068753906434455116 0.036701392921262004 0.012714839989282609 -0.048179409643823133 -0.00047450075089947025
leaf_weight=23473.735762223136 279.9912489062408 24131.084218577715 1808.6858012364246 109.88037246547174 2804.3675824010279 622.07029381033499 2992.4267597789876 5803.7464965314139 708.04894543101545 9409.2264441053849 1096.7097869993886 1026.252396611264 2650.1865869557951 1928.2754354157951 1933.9905970662367
leaf_count=764967 2542 384347 97365 3754 27522 11163 19367 174386 15687 75187 12791 6832 32100 27872 14489
internal_value=-0.000369926 -0.00385812 0.00820447 0.0133127 0.0159282 0.0295779 0.0471211 -0.0121703 -0.0340883 -0.00782532 -0.0343653 -0.00802796 -0.00152434 -0.0354503 0.0124537
internal_weight=80778.7 66541.1 27146.4 24241 14237.6 9069.05 5796.79 39394.8 6511.8 32883 2905.4 5168.51 3272.26 2208.27 2960.24
internal_count=1670371 1528484 498257 388101 141887 90152 46889 1030227 190073 840154 110156 51735 43263 30414 21321
is_linear=0
shrinkage=0.1


Tree=49
num_leaves=16
num_cat=0
split_feature=3 10 2 2 1 0 2 10 9 24 9 0 24 10 24
split_gain=487.39 802.33 697.466 1135.85 645.764 992.572 499.131 466.901 513.091 352.654 398.021 249.3 165.785 83.8089 58.6113
threshold=0.67413614826045809 0.39154408824060954 1.3605174388360404 1.9779169174107452 549.36000000000013 146.23933569612802 6.661655838861571 -1.5601507828525649 0.12412752377880852 -119546.99999999999 -0.074221673662319285 158.03381183267001 -98228.499999999985 1.3374149662009052 -286396.74999999994
decision_type=2 2 2 2 2 2 2 2 2 2 2 2 2 2 2
left_child=1 4 7 11 5 -1 -5 14 -9 13 -11 -4 -6 -3 -2
right_child=2 9 3 6 12 -7 -8 8 -10 10 -12 -13 -14 -15 -16
leaf_value=-0.0074477685384748945 -0.083274761912063233 -0.07945559294699997 -0.086309933584206827 0.015785523443111231 -0.086267794984564522 0.048874253613347879 -0.066704108821741007 0.023406449516769789 -0.002089614113368552 -0.10080604495707997 0.022907706727467475 -0.021189091683215575 -0.0082924232083575935 -0.040765955752886725 -0.031091421375366097
leaf_weight=24561.45086181222 252.61840226175264 2164.4065738094505 2189.3850875395583 5783.7782518863678 1135.8377520490903 3580.7078939425992 834.98944545083214 23520.592394531122 11877.30254477472 341.58444805885665 1037.0081678223796 808.42535435175523 359.79537741211243 779.03865147696342 1414.8120866959216
leaf_count=514900 28433 117964 76077 95295 106310 70379 54862 312985 218992 3112 7694 17112 3263 20346 21390
internal_value=-0.000441694 -0.00955578 0.00618887 -0.0178022 -0.00368248 -0.000274146 0.00533656 0.0124149 0.0148525 -0.0497803 -0.00799931 -0.0688132 -0.0675999 -0.0693021 -0.0392226
internal_weight=80641.7 33959.8 46681.9 9616.58 29637.8 28142.2 6618.77 37065.3 35397.9 4322.04 1378.59 2997.81 1495.63 2943.45 1667.43
internal_count=1669114 843968 825146 243346 694852 585279 150157 581800 531977 149116 10806 93189 109573 138310 49823
is_linear=0
shrinkage=0.1


Tree=50
num_leaves=16
num_cat=0
split_feature=35 24 13 3 1 16 4 7 3 21 31 8 3 9 6
split_gain=462.254 466.474 483.946 593.159 291.707 271.127 366.722 258.343 228.526 221.088 193.124 89.6868 85.6053 41.6823 41.6495
threshold=0.91597561503675362 -107057.49999999999 0.34525299072265653 0.16393709637383153 1150.1350000000002 -1.3134155273437549 -0.99987154017421087 -0.99931357924004838 0.18230011669239202 0.27999092709166506 26656.250000000004 -0.22169076218317199 0.98019534589874058 -0.22266476225644896 -0.090192036416320884
decision_type=2 2 2 2 2 2 2 2 2 2 2 2 2 2 2
left_child=1 2 3 -1 -4 12 9 -8 11 -7 -10 -3 13 -2 -14
right_child=5 8 4 -5 -6 6 7 -9 10 -11 -12 -13 14 -15 -16
leaf_value=0.0383780331145449 -0.026432817159660352 0.0044119803920677518 -0.032836083132699728 -0.0075415364979816981 0.022709430832896619 0.061794212735865321 0.097711982888769686 0.014559879335247087 0.0064778387223473829 0.24261725234335554 0.031778274190040506 -0.050187458776708729 -0.066448537690840151 0.0059537095126076271 -0.018759194728982131
leaf_weight=3066.1025869791629 581.70484519167803 483.96900090947747 9983.998625861248 33475.75492373266 1040.8208691959735 191.97636319696903 378.63309869868681 14636.766326355864 9178.649159518769 103.8084376854822 4491.9353479461279 786.8679460240528 400.83659016760066 1227.5251013787929 343.51643214153592
leaf_count=109818 8549 2727 144847 1088315 22206 1211 2332 170225 56133 1141 29714 5343 7551 12305 5777
internal_value=-0.000329806 -0.00438424 -0.00922572 -0.00368386 -0.0275843 0.0138538 0.0188845 0.0166885 0.0110268 0.128234 0.0147997 -0.0294587 -0.0162884 -0.00450338 -0.0447121
internal_weight=80372.9 62508.1 47566.7 36541.9 11024.8 17864.8 15311.2 15015.4 14941.4 295.785 13670.6 1270.84 2553.58 1809.23 744.353
internal_count=1668194 1459103 1365186 1198133 167053 209091 174909 172557 93917 2352 85847 8070 34182 20854 13328
is_linear=0
shrinkage=0.1


Tree=51
num_leaves=16
num_cat=0
split_feature=20 23 7 4 9 0 19 20 38 19 32 36 28 35 35
split_gain=457.797 368.003 413.886 438.231 149.776 129.276 125.29 38.1045 23.5048 37.4663 23.8886 4.30268 1.56725 3.59142 1.66318
threshold=13.610877990722651 0.71224198738180655 0.95643381199947008 0.97239307661194807 -0.73801609798729284 129.19682136024701 271.37958526611357 18.176582336425803 0.25000000000000011 295.94828033447305 219617.50000000003 0.25881904510252057 9.5460563898086569e-07 0.12940952255126059 0.9829629131445341
decision_type=2 2 2 2 2 2 2 2 2 2 2 2 2 2 2
left_child=1 4 3 -3 11 -4 -6 8 10 -10 -2 -1 14 -14 -9
right_child=7 2 5 -5 6 -7 -8 12 9 -11 -12 -13 13 -15 -16
leaf_value=-0.051943434766542285 -0.073378960239877791 0.0011707340470039254 -0.04956216942589408 -0.038201857848856657 0.08201010597515121 -0.00096046578375012608 0.016344680477730116 -0.090171132724942329 -0.040668025749834004 0.067193156654160244 0.085814238641724744 -0.10799713988925244 -0.051081670565631815 0.043813147234748225 -0.017116051680262714
leaf_weight=34.79062795965001 262.27022645052057 61679.693305797293 2345.7886571395211 2957.7073001735844 293.66685465909541 713.62402149650734 11245.023875755956 458.17638361704303 211.29332147422247 33.200869338819757 5.7498801104957229 80.887050686404109 9.2706438060267811 1.2549515416612838 5.7789082158124065
leaf_count=244 109368 1000224 58702 66581 1664 9832 63776 288591 45374 13812 2173 670 5999 546 1944
internal_value=-0.000354219 0.000489746 -0.0023362 -0.00063371 0.0168988 -0.0382456 0.0180507 -0.0678667 -0.0481511 -0.0249681 -0.0684547 -0.0939894 -0.0884385 -0.0293012 -0.0894534
internal_weight=80338.2 79351.2 67696.8 64637.4 11654.4 3059.41 11538.7 986.995 512.514 244.494 268.02 115.678 474.481 10.5256 463.955
internal_count=1669500 1201693 1135339 1066805 66354 68534 65440 467807 170727 59186 111541 914 297080 6545 290535
is_linear=0
shrinkage=0.1


Tree=52
num_leaves=16
num_cat=0
split_feature=34 28 17 9 7 0 29 12 15 12 9 36 9 12 30
split_gain=456.115 776.132 744.153 477.966 417.969 485.007 404.621 360.835 335.64 299.638 184.69 145.784 81.7788 69.7837 57.6988
threshold=-0.28981781005858492 0.00041790455580326108 1.2609525277636502 0.1030326911865647 -0.85046811779678189 36.496981642110264 7.0571898902471756e-06 -0.55735026034682245 -2.4658517837524392 34.675809863228409 0.62541932004034761 1.0000000180025095e-35 0.28063155621873054 -83.934880914173036 -1.1741998605430148e-05
decision_type=2 2 2 2 2 2 2 2 2 2 2 2 2 2 2
left_child=2 4 6 8 5 -2 9 -6 -4 -1 -5 12 -3 -13 -8
right_child=1 11 3 10 7 -7 14 -9 -10 -11 -12 13 -14 -15 -16
leaf_value=0.040734664367952214 -0.013682447179148528 0.029620754212620989 0.059906217846662606 -0.030813097031421967 -0.013736833546677742 -0.061081668890339717 -0.037520893211384326 0.0094411540511798418 0.0028515156746582344 -0.079560083485794367 0.042237493258660802 0.060380315944673024 0.065783118902414395 0.0049870190398538577 0.00010943079629822746
leaf_weight=9298.1865577541757 6200.8486391230254 2951.6971580039244 1108.7341827214113 5618.258782421879 20663.118103888875 3310.0558826075285 519.49005697842222 9946.1683291186928 13901.586267724924 207.30101595510496 364.53000323788729 239.83471376006491 796.70291880879086 3219.1885219614487 1826.0877845211653
leaf_count=149886 100420 19148 29102 173510 518183 107773 5989 220003 298302 5743 6199 1189 5105 17810 11957
internal_value=-0.000185577 -0.00646877 0.00886795 -0.00244248 -0.0118969 -0.0302021 0.028896 -0.00620508 0.00708439 0.0380708 -0.0263306 0.0237341 0.0373843 0.00890938 -0.00828688
internal_weight=80171.8 47327.6 32844.2 20993.1 40120.2 9510.9 11851.1 30609.3 15010.3 9505.49 5982.79 7207.42 3748.4 3459.02 2345.58
internal_count=1670319 989631 680688 507113 946379 208193 173575 738186 327404 155629 179709 43252 24253 18999 17946
is_linear=0
shrinkage=0.1


Tree=53
num_leaves=16
num_cat=0
split_feature=34 33 8 29 1 14 29 0 2 0 1 0 10 8 6
split_gain=385.225 485.276 380.014 315.788 336.954 310.969 328.609 275.44 321.863 277.287 218.927 202.456 113.69 112.203 93.2341
threshold=-0.85102844238280984 0.70134735107414958 0.022166721445114855 1.3721682790901451e-05 464.32500000000005 11.90019378662115 0.00015508383512496951 1.5192841653702753 8.7170389049887163e-16 0.83839628629263818 6.0000000000000009 75.704902458871217 -0.024842191751009338 0.10592199263368102 0.46065193048899605
decision_type=2 2 2 2 2 2 2 2 2 2 2 2 2 2 2
left_child=2 5 3 4 -1 6 -2 9 -9 -3 -7 13 -13 -4 -5
right_child=1 7 11 14 -6 10 -8 8 -10 -11 -12 12 -14 -15 -16
leaf_value=0.041962384761065563 -0.0077667155507783435 -0.076920602594517593 -0.062815001150356015 -0.014499996109598793 -0.023260668335737533 -0.041800080897959273 0.01628358963512698 0.023310978509682868 -0.019477708547831808 0.035647552577793194 0.023723304932537971 -0.0012818161258122377 -0.051141797302296205 0.012038578264527257 0.095738319541722822
leaf_weight=7177.2504111096496 20220.218020139204 244.39404728158843 208.07028281223029 1876.4385747726774 887.05449236452114 536.46369306650013 7895.35266548855 1899.0679960190319 23030.201787136728 1793.0412584599108 8888.5257815940422 730.47596406977391 1219.1267796934117 3338.1706514942343 75.026479129097424
leaf_count=166355 424123 6534 5250 20019 37001 10238 51140 36320 590725 8862 131806 35498 67058 77180 983
internal_value=0.000310778 -0.00309184 0.0144575 0.0260474 0.034778 0.00425918 -0.00101127 -0.0133241 -0.0162141 0.0219895 0.0199736 -0.00666875 -0.0325114 0.0075644 -0.0100279
internal_weight=80018.9 64507.3 15511.6 10015.8 8064.3 37540.6 28115.6 26966.7 24929.3 2037.44 9424.99 5495.84 1949.6 3546.24 1951.47
internal_count=1669092 1259748 409344 224358 203356 617307 475263 642441 627045 15396 142044 184986 102556 82430 21002
is_linear=0
shrinkage=0.1


Tree=54
num_leaves=15
num_cat=0
split_feature=20 9 30 9 28 28 18 30 20 3 35 28 7 7
split_gain=410.815 376.022 402.636 449.846 430.711 245.966 147.692 125.304 36.975 32.6026 21.2476 17.5878 0.484061 0.0301736
threshold=13.918449401855503 -0.5192667599397629 -4.6589993871748439e-06 0.047129501334035359 0.00018252804875373854 0.00059193745255470265 -1.1488708496093498 -8.7154330685734738e-07 18.830101013183604 0.078499820417405913 0.91597561503675362 1.2077391122744553e-06 -0.99881375989866439 -0.99931357924004838
decision_type=2 2 2 2 2 2 2 2 2 2 2 2 2 2
left_child=1 5 4 -4 -3 7 -7 -1 9 10 -2 -11 13 -10
right_child=8 2 3 -5 -6 6 -8 -9 12 11 -12 -13 -14 -15
leaf_value=-0.043649143368554168 -0.015010296279859807 -0.01262385107616875 0.017828089647290588 -0.0045148171221664922 0.012522255235297609 0.15711322075537293 0.014946663759557692 -0.015385235133754303 -0.030969958662722154 -0.063130424475655283 0.10966735720749654 0.036446990741065853 -0.091654309442466927 -0.0056531798629808304
leaf_weight=2823.4530873537296 52.185785814421251 23320.791381226503 24868.68644681666 14127.731774355285 9616.45726199809 75.241961032152176 836.89594456017949 3541.0921452350449 2.2382285536732525 392.59759281849256 13.095691089169121 15.471732021018395 389.40715275809634 3.4705350414151317
leaf_count=83533 6982 588954 253919 183249 68595 349 4545 31776 1553 164082 468 5438 274064 1643
internal_value=-8.50506e-05 0.00066702 0.00285889 0.0097341 -0.00528133 -0.0209878 0.0274665 -0.0279482 -0.0682904 -0.048559 0.0160232 -0.0589595 -0.0910265 -0.0254047
internal_weight=80078.8 79210.4 71933.7 38996.4 32937.2 7276.68 912.138 6364.55 868.467 473.351 65.2815 408.069 395.116 5.70876
internal_count=1669150 1214920 1094717 437168 657549 120203 4894 115309 454230 176970 7450 169520 277260 3196
is_linear=0
shrinkage=0.1


Tree=55
num_leaves=16
num_cat=0
split_feature=14 38 11 17 38 1 18 13 1 24 13 25 8 4 1
split_gain=393.606 580.551 404.409 401.852 380.342 594.063 381.194 358.97 355.056 263.018 204.666 236.97 175.187 150.583 139.214
threshold=8.1448074340820558 0.86602540378443871 -6.027439057739624 1.5633490625290603 1.0000000180025095e-35 19.285000000000004 18.437539672851553 0.34770965576171903 1150.1350000000002 -237873.49999999997 0.11145782470703151 727130.00000000012 0.36673612153347807 0.29108647533251558 297.50000000000006
decision_type=2 2 2 2 2 2 2 2 2 2 2 2 2 2 2
left_child=1 8 10 7 5 -4 -6 -3 9 -1 11 -2 -10 -5 -12
right_child=2 3 4 13 6 -7 -8 -9 12 -11 14 -13 -14 -15 -16
leaf_value=-0.04259214596003616 0.10117018824702073 0.035500253861328955 -0.036578575929486858 -0.022528456060095702 0.010522937471017638 0.0032720907504896406 0.084463312348854555 -0.0035758731176190137 0.026669478673560839 -0.016015433632031225 0.043519141968001156 0.49397380600678353 -0.049597415399656564 0.0055918632036362232 -0.042185912429290873
leaf_weight=6015.7606555525563 88.648507861886173 5425.7524638213799 4881.6844611758133 4953.0951775608119 19578.116644475842 15949.493445581698 718.15180017717648 4143.9044094098499 2019.5791925402591 9788.8651925416198 2510.8127624476328 14.785355509724466 349.0958147883066 3089.0849919872126 201.06107118178625
leaf_count=476567 1336 66824 137573 74920 166431 392932 40310 33596 68167 123489 11447 2360 26899 43292 2709
internal_value=-0.000409467 -0.00819492 0.00593089 0.00474322 0.00341843 -0.00607325 0.0131594 0.0185863 -0.0207312 -0.0261417 0.0425631 0.177508 0.0153485 -0.0117304 0.0370989
internal_weight=79727.9 35785.1 43942.8 17611.8 41127.4 20831.2 20296.3 9569.66 18173.3 15804.6 2815.31 103.434 2368.68 8042.18 2711.87
internal_count=1668852 913754 755098 218632 737246 530505 206741 100420 695122 600056 17852 3696 95066 118212 14156
is_linear=0
shrinkage=0.1


Tree=56
num_leaves=15
num_cat=0
split_feature=3 3 2 2 2 1 2 2 10 28 3 9 14 35
split_gain=364.964 631.122 597.642 596.371 749.588 498.934 431.286 401.275 379.57 367.516 395.381 322.637 166.394 38.2622
threshold=0.67413614826045809 0.36264124221607402 0.78837767152623817 1.3167431788660251 1.9779169174107452 549.36000000000013 6.661655838861571 1.3674450075548703 -1.5601507828525649 7.3365867137908963e-05 0.46585619390179506 0.12412752377880852 7.905877685546896 0.9829629131445341
decision_type=2 2 2 2 2 2 2 2 2 2 2 2 2 2
left_child=1 2 5 8 7 -1 -6 -5 13 10 -3 -10 -11 -2
right_child=3 9 -4 4 6 -7 -8 -9 11 12 -12 -13 -14 -15
leaf_value=0.009683282037132937 -0.040629749122484932 -0.059462613804402625 -0.10909179989847118 -0.014861922157342517 0.01364494868110052 -0.066317146904517357 -0.066213106854221646 -0.082400845593200836 0.020735691106173681 -0.028298870832680824 -0.019142900331795769 0.00033845058384886369 0.024712325892444761 0.018276260046675773
leaf_weight=18341.740399059723 1459.9493449822767 3685.5425243339268 456.14286798750982 1577.732415404811 5790.786576285027 901.51005864865147 760.6363534796983 1990.8692360113491 23019.233496145753 857.86625003092922 7156.0588170929113 11693.470038817381 1883.1536150354659 116.45230316219386
leaf_count=378794 48041 135158 19610 34451 95840 68652 55135 75878 295714 10050 216077 218775 15158 1781
internal_value=-3.22652e-05 -0.00802288 0.00341206 0.0056984 -0.0157625 0.0061065 0.00432981 -0.0526034 0.0116846 -0.0246026 -0.0328705 0.0138656 0.00809991 -0.0362342
internal_weight=79691.1 33282 19699.4 46409.1 10120 19243.3 6551.42 3568.6 36289.1 13582.6 10841.6 34712.7 2741.02 1576.4
internal_count=1669114 843499 467056 825615 261304 447446 150975 110329 564311 376443 351235 514489 25208 49822
is_linear=0
shrinkage=0.1


Tree=57
num_leaves=16
num_cat=0
split_feature=35 38 14 28 11 18 27 34 21 17 33 17 28 14 17
split_gain=357.775 335.278 384.915 485.721 371.233 308.429 234.652 226.017 229.489 184.211 155.257 116.961 105.758 91.0499 57.8269
threshold=0.91597561503675362 0.68301270189221908 10.109254455566452 3.6407262086868306e-05 -6.027439057739624 15.7913986206055 -1.6047444660216546e-05 -0.76560974121091985 0.29016019565846601 1.4224269849737552 0.97501373291015969 1.6240938005281402 3.0198066269804258e-14 9.631356811523462 1.0497882766823452
decision_type=2 2 2 2 2 2 2 2 2 2 2 2 2 2 2
left_child=1 2 3 -1 -4 9 -7 8 11 -3 13 -2 -10 -9 -12
right_child=7 5 4 -5 -6 6 -8 10 12 -11 14 -13 -14 -15 -16
leaf_value=-0.034616169741346375 0.036541389516537466 0.010630643370645988 0.049931976195966898 0.0036731258422748186 -0.0050802630927120314 0.017531309083321539 0.11471867859633972 0.0012903084756776325 0.059849742774555306 -0.0058094719522747635 0.0061475107958348651 -0.00031861198757541663 0.14784878208746691 0.019448565481186324 -0.026837667383916537
leaf_weight=10541.788816214656 2020.300039810827 12647.082480416168 1320.6400374836521 4829.1861584676662 16426.117094572284 607.50328704866115 417.90533349604812 5352.0781365982839 608.62197516410379 14770.006165406667 759.8523715112824 1497.1347052475903 177.61515410145512 5701.4895151610253 1751.0239798213006
leaf_count=609389 14607 117428 9223 58314 417565 46372 22335 54287 20459 180998 9897 16267 3885 43511 45694
internal_value=-0.000553604 -0.00416952 -0.011008 -0.0225893 -0.00097357 0.00379358 0.0575045 0.0119018 0.0318551 0.00177466 0.00556174 0.0208744 0.0805379 0.010661 -0.0168632
internal_weight=79428.3 61560.2 33117.7 15371 17746.8 28442.5 1025.41 17868.1 4303.67 27417.1 13564.4 3517.43 786.237 11053.6 2510.88
internal_count=1670231 1461624 1094491 667703 426788 367133 68707 208607 55218 298426 153389 30874 24344 97798 55591
is_linear=0
shrinkage=0.1


Tree=58
num_leaves=16
num_cat=0
split_feature=34 17 28 4 28 33 3 11 14 30 3 32 10 4 31
split_gain=322.197 588.172 494.898 357.461 303.281 295.221 321.066 291.977 216.216 197.657 193.05 166.761 137.55 54.9303 40.359
threshold=-0.41381072998044993 1.4326575907214252 0.00053640476434679862 -0.99987154017421087 9.6490267367244121e-06 0.4293060302734501 0.16393709637383153 19.597906720477152 4.2078033447265861 -0.00015163654461503048 0.16393709637383153 129768.50000000001 0.80640282140132813 0.25657306008843955 8481.5000000000018
decision_type=2 2 2 2 2 2 2 2 2 2 2 2 2 2 2
left_child=1 4 5 11 7 9 -7 -1 -5 -2 13 -3 -12 -4 -6
right_child=2 3 10 8 14 6 -8 -9 -10 -11 12 -13 -14 -15 -16
leaf_value=0.034030660797959127 -0.040959315485818028 0.024984229598843832 -0.010058016885565523 -0.027414257039011698 -0.0038081184770979632 0.022339745023802676 -0.020910296918942615 -0.063370832039233951 -0.00051301141776246163 0.0012884863860480363 0.034189004681730799 0.12516521279834555 0.0009392335037691897 -0.072274736552437421 -0.040640987647722053
leaf_weight=10291.970021311718 1162.3262149943039 422.72761631966569 369.2162179783918 4203.0134515029495 1827.6262499332661 1874.5711510039982 19872.858050796203 312.78867392701795 10303.658824102138 21567.322775047156 4567.9561016255757 272.31817229324952 1709.6135699700098 227.49496257770807 350.64209099113941
leaf_count=170479 78045 6395 1934 172271 11902 56722 524538 8349 231168 361528 24823 2870 11542 1324 5399
internal_value=-0.000286125 0.00834558 -0.00499047 -0.00494854 0.0241508 -0.00885031 -0.017178 0.0311293 -0.00831386 -0.000880473 0.0199713 0.0648487 0.0251418 -0.0341815 -0.00981671
internal_weight=79336.1 27984.7 51351.4 15201.7 12783 44477.1 21747.4 10604.8 14506.7 22729.6 6874.28 695.046 6277.57 596.711 2178.27
internal_count=1669289 608833 1060456 412704 196129 1020833 581260 178828 403439 439573 39623 9265 36365 3258 17301
is_linear=0
shrinkage=0.1


Tree=59
num_leaves=16
num_cat=0
split_feature=3 20 13 3 24 31 13 38 20 3 31 14 13 13 38
split_gain=320.613 303.487 319.223 676.855 499.817 141.992 70.6884 75.1959 28.8571 33.9756 16.9055 14.6632 6.85002 4.85363 2.55426
threshold=0.027818472138679502 14.710739135742202 0.33820343017578153 0.16393709637383153 -214193.49999999997 225705.00000000003 0.29100799560546903 0.68301270189221908 18.830101013183604 0.078499820417405913 1.0000000180025095e-35 6.0946670532226817 0.28595733642578153 0.29621124267578153 0.86602540378443871
decision_type=2 2 2 2 2 2 2 2 2 2 2 2 2 2 2
left_child=5 2 3 -2 -4 10 7 -7 9 -3 12 -8 -1 -12 -10
right_child=1 8 4 -5 -6 6 11 -9 14 -11 13 -13 -14 -15 -16
leaf_value=-0.079502316887624477 0.045543895468928695 0.031767223651631808 -0.034304969618079086 0.0017512394798647919 -0.0010119300558646788 -0.039034101723446644 -0.075991915530245188 0.24608788842505136 -0.091218508890125047 -0.05791466038346485 -0.019648629575084259 0.013873335748275543 -0.11220947689611115 -0.067635263268220225 -0.046374130392344004
leaf_weight=183.66803301672917 3799.5418697405839 46.293258595163934 5871.7551482623676 48797.503739748558 19379.479736969806 12.655248712108003 25.564275129698217 20.361905925092287 305.8542801704607 280.39991405291948 40.940974988800008 41.667085295543075 258.50293977372348 55.378189107403159 30.230577057634946
leaf_count=4855 60380 4572 123604 914675 139724 5038 613 652 259935 137015 1374 784 1996 497 13635
internal_value=-0.000670136 -9.38402e-05 0.000481944 0.00491879 -0.00875893 -0.0709551 0.0368356 0.146042 -0.0672212 -0.0449192 -0.0911763 -0.0231923 -0.0996645 -0.0492145 -0.0879237
internal_weight=79149.8 78511.1 77848.3 52597 25251.2 638.739 100.249 33.0172 662.778 326.693 538.49 67.2314 442.171 96.3192 336.085
internal_count=1669349 1653540 1238383 975055 263328 15809 7087 5690 415157 141587 8722 1397 6851 1871 273570
is_linear=0
shrinkage=0.1


Tree=60
num_leaves=16
num_cat=0
split_feature=3 13 0 6 3 26 14 17 12 38 21 6 3 0 13
split_gain=338.443 504.286 802.749 620.891 491.817 473.17 449.088 393.151 440.541 326.934 312.208 242.609 197.288 152.181 139.632
threshold=0.67413614826045809 0.24393463134765653 16.702063128167403 -0.090192036416320884 0.28082835548936952 3717.5000000000005 6.8999801635742406 1.8809283024129753 1.3949518079305552 1.0000000180025095e-35 0.12996496857509351 0.71914158568745812 1.4276980125726653 28.775924717952005 0.16234588623046903
decision_type=2 2 2 2 2 2 2 2 2 2 2 2 2 2 2
left_child=4 2 5 -4 7 -2 13 8 -1 -8 12 -12 -3 -6 -9
right_child=1 10 3 -5 6 -7 9 14 -10 -11 11 -13 -14 -15 -16
leaf_value=0.023454784540422335 0.013552390447037571 0.01579548836529579 0.011935697385898149 -0.041135019751282358 -0.065689239789999604 0.053235397283536615 -0.027964952680530581 -0.053886304921524589 -0.043694801958707119 0.003637268956346959 -0.020544204619198751 0.079182544309476244 -0.0085343258217763698 -0.029953531254921284 -0.010139815264805197
leaf_weight=9207.9989312995458 5942.3477392014465 7570.249864095822 7187.0973296646844 3173.9039708595956 2009.8747998617473 6082.6410088544362 5541.5283001856878 938.04376286879415 1088.280462483468 7985.9729012019234 9919.8327117154258 245.25966166210128 5947.0276710339822 2958.4835377067793 3239.5280280242441
leaf_count=144439 96500 43315 200971 165631 67037 54647 199869 108545 24900 100282 210304 4595 48629 140999 58314
internal_value=-0.000228097 0.00530749 0.0160671 -0.00433355 -0.00796257 0.0336392 -0.0187648 0.00584316 0.0163395 -0.0093141 -0.00486434 -0.0181003 0.00509221 -0.0444614 -0.0200155
internal_weight=79038.1 46068.4 22386 10361 32969.7 12025 18495.9 14473.9 10296.3 13527.5 23682.4 10165.1 13517.3 4968.36 4177.57
internal_count=1668977 824592 517749 366602 844385 151147 508187 336198 169339 300151 306843 214899 91944 208036 166859
is_linear=0
shrinkage=0.1


Tree=61
num_leaves=15
num_cat=0
split_feature=3 3 7 7 11 1 0 14 10 10 15 3 5 33
split_gain=281.919 512.645 619.242 465.069 829.552 429.789 354.623 339.135 305.212 273.154 212.168 207.604 131.365 31.7514
threshold=0.54525058545610905 0.36264124221607402 -0.97747149356400331 0.18779089352359854 19.597906720477152 549.36000000000013 126.30513314192702 7.8438507080078406 -1.5601507828525649 0.11312659886905702 -2.4658517837524392 0.45519674324097809 -0.80208070962473632 1.6633758544921502
decision_type=2 2 2 2 2 2 2 2 2 2 2 2 2 2
left_child=1 2 6 8 9 -4 -1 12 13 -5 -10 -9 -3 -2
right_child=3 7 5 4 -6 -7 -8 11 10 -11 -12 -13 -14 -15
leaf_value=-0.094309001881300869 -0.026384050123429106 0.018987134326002308 0.011339037765780536 -0.055326182186773355 -0.10356569387396271 -0.061019969253383759 -0.0084780465520626815 -0.037592621505132991 0.039419552757232627 0.0012358803640671 0.0090670057920919679 -0.0029383140384527822 -0.05783234060898429 -0.061034606876245984
leaf_weight=968.54151085065678 1203.028738678433 238.19336249522166 16901.963715000777 963.40851195738651 958.52113830024609 857.81543908966705 954.32104192575207 2508.7654637040687 2462.0026328893728 7212.8337261904962 34782.85285893851 5538.4486508485279 2985.6791842699749 341.57181655202294
leaf_count=39215 33957 6167 338667 31955 57092 69083 21649 62912 41647 136966 574143 112627 129190 15977
internal_value=-0.000314599 -0.00775274 0.00198667 0.00448992 -0.0158041 0.00782783 -0.0518434 -0.024754 0.00927051 -0.00545858 0.0110784 -0.0137586 -0.052136 -0.0342189
internal_weight=78877.9 30953.7 19682.6 47924.2 9134.76 17759.8 1922.86 11271.1 38789.5 8176.24 37244.9 8047.21 3223.87 1544.6
internal_count=1671247 779510 468614 891737 226013 407750 60864 310896 665724 168921 615790 175539 135357 49934
is_linear=0
shrinkage=0.1


Tree=62
num_leaves=16
num_cat=0
split_feature=38 14 30 3 38 1 9 2 3 13 8 3 13 9 13
split_gain=305.882 362.651 262.362 271.586 263.897 251.751 304.942 182.898 261.692 182.623 172.712 166.757 165.868 126.431 122.902
threshold=0.93301270189221963 11.056840515136701 3.3120159059763002e-07 12.639527209547602 0.25000000000000011 6.0000000000000009 0.32678617397282955 0.78837767152623817 0.64525471776438859 0.13448333740234403 -0.25609279963297293 0.33239192290658309 0.33580780029296903 -0.20690976047484747 0.11470794677734401
decision_type=2 2 2 2 2 2 2 2 2 2 2 2 2 2 2
left_child=1 2 3 -1 -4 9 -7 8 11 -3 13 -2 -10 -9 -12
right_child=7 5 4 -5 -6 6 -8 10 12 -11 14 -13 -14 -15 -16
leaf_value=-0.015346894740794221 0.020903107129216055 -0.082789791311407915 -0.021489199605464828 0.049921679100042284 0.013829040098757378 0.011488637013911396 -0.040113802210805259 -0.0003627775017104502 0.071400585131394412 -0.00098019533410398938 0.041913106183005429 -0.013620074478508139 0.023957536349266631 0.056916077529849729 -0.022557877826190648
leaf_weight=30279.029482276004 4084.5846038814052 523.26526809378993 2902.5805664840154 646.47639079671353 7763.0894660705235 20778.349013937172 1207.1258974742377 902.39827719662571 1327.7289439481683 564.64029586029937 323.73284307902213 2122.5647539673373 1666.0608467913698 667.48875943175517 2967.6753222295083
leaf_count=1002000 34278 20229 28132 15601 57118 358544 37347 9459 13590 9100 8630 25814 12210 4811 33156
internal_value=-0.00082656 -0.00373349 -0.00931094 -0.0139747 0.00421189 0.00632003 0.0086469 0.0125374 0.0208235 -0.040528 -0.00315081 0.00909628 0.0450822 0.0240946 -0.0161628
internal_weight=78726.8 64664.6 41591.2 30925.5 10665.7 23073.4 21985.5 14062.2 9200.94 1087.91 4861.3 6207.15 2993.79 1569.89 3291.41
internal_count=1670019 1528071 1102851 1017601 85250 425220 395891 141948 85892 29329 56056 60092 25800 14270 41786
is_linear=0
shrinkage=0.1


Tree=63
num_leaves=16
num_cat=0
split_feature=35 38 10 28 15 16 1 22 18 14 38 28 10 10 23
split_gain=289.163 366.749 442.44 379.577 333.731 292.966 220.641 220.395 177.48 167.564 169.642 127.23 92.9749 64.8692 35.7817
threshold=0.7865660924854937 0.25000000000000011 -1.1547054202490097 7.9726427742343717e-05 -2.8052072525024396 -1.3134155273437549 89.500000000000014 -270.02971496582046 8.8968215942383058 13.016328430175802 0.93301270189221963 2.9802350809404756e-08 1.1847859326314052 0.40490598649961407 11.345645261985652
decision_type=2 2 2 2 2 2 2 2 2 2 2 2 2 2 2
left_child=1 2 6 -4 8 13 -1 -7 14 10 -3 -11 -10 -6 -2
right_child=4 9 3 -5 5 7 -8 -9 12 11 -12 -13 -14 -15 -16
leaf_value=0.035233887963565705 0.046610961134875652 -0.0058049176122972578 -0.030447380451349135 0.0075474629375179821 -0.010582372597222708 0.0050376887550059868 -0.019901838156321214 0.028179322495567139 0.063824320675584356 0.056124113017716186 0.01037673822889382 0.0076344699245331771 0.16269122613741305 -0.038521646865806843 -0.045939231873255035
leaf_weight=2246.0377700821264 69.439141320064664 19044.931497348705 12783.858830956509 3307.6766440662323 2525.638375783572 18444.863693592313 1067.2813397271093 5293.5537624320714 184.09022116207052 935.98107456113212 9812.5159866247559 1277.7749144619447 217.60049469041405 1237.9048117749626 90.286129484942649
leaf_count=21825 714 408901 682049 38811 27740 204399 33562 83227 2709 15539 110084 10449 2527 24511 2210
internal_value=-0.000478016 -0.00500221 -0.0157864 -0.0226375 0.00765885 0.00609284 0.0174704 0.010203 0.0836417 0.0017343 -0.000301759 0.0282163 0.118723 -0.0198111 -0.00551034
internal_weight=78539.4 50476.1 19404.9 16091.5 28063.4 27502 3313.32 23738.4 561.416 31071.2 28857.4 2213.76 401.691 3763.54 159.725
internal_count=1669257 1321220 776247 720860 348037 339877 55387 287626 8160 544973 518985 25988 5236 52251 2924
is_linear=0
shrinkage=0.1


Tree=64
num_leaves=15
num_cat=0
split_feature=24 3 10 36 24 3 13 38 13 6 10 25 38 23
split_gain=258.035 250.875 245.441 242.266 211.596 92.5638 76.9186 164.532 55.8442 44.2183 15.4838 17.0112 16.1088 2.93599
threshold=-451193.99999999994 0.027818472138679502 33.153807556851909 0.25881904510252057 -21677.999999999996 0.83746827022492409 0.13191986083984403 0.68301270189221908 0.29351043701171903 0.5982097682625791 -0.99227271789477245 763380.00000000012 0.68301270189221908 2.0681869308237353
decision_type=2 2 2 2 2 2 2 2 2 2 2 2 2 2
left_child=5 3 4 8 -3 10 7 -7 -2 -8 11 -1 -12 -5
right_child=1 2 -4 13 -6 6 9 -9 -10 -11 12 -13 -14 -15
leaf_value=0.15066564229704829 0.045015072354643824 0.00038252832241158645 -0.10151617212454121 -0.15003535156364128 0.026369025566677459 -0.016347918715744893 -0.074436502397790122 0.18140441513160688 -0.037621589032357579 0.14321344176833886 -0.086479631190201647 -0.044799450487091656 -0.040590605419118735 -0.11058943104612864
leaf_weight=2.1701215588254836 133.05660743941553 73065.654217929987 226.99620768963359 119.99897181848064 3268.7667556435335 325.22462671826361 207.47563892515609 43.229870036127977 195.67413061228581 5.2545049606706007 446.34943549759919 7.6118379321414977 108.65512129524723 164.17824080871651
leaf_count=361 4030 1226762 16670 626 16089 75474 52811 8708 2249 1267 229105 2707 27147 5148
internal_value=-2.8084e-05 0.000672818 0.00118494 -0.0627903 0.00149697 -0.0470275 -0.0187598 0.00897198 -0.00400039 -0.0658951 -0.075696 0.0348592 -0.0779384 -0.129552
internal_weight=78320.3 77174.3 76561.4 612.908 76334.4 1145.97 581.185 368.454 328.731 212.73 564.787 9.78196 555.005 284.177
internal_count=1669154 1271574 1259521 12053 1242851 397580 138260 84182 6279 54078 259320 3068 256252 5774
is_linear=0
shrinkage=0.1


Tree=65
num_leaves=15
num_cat=0
split_feature=9 30 12 13 9 5 5 28 9 19 38 4 13 10
split_gain=330.262 296.532 481.65 652.968 457.448 368.727 345.393 189.748 134.412 93.7442 74.1764 116.423 114.117 67.2345
threshold=-0.5192667599397629 -5.811685696244239e-06 1.3949518079305552 0.090904235839843764 0.32678617397282955 0.5948670522144861 0.22024801690962451 0.00056532919401774961 -0.73801609798729284 274.048637390137 0.25000000000000011 -0.67861834869806492 0.044212341308593757 0.39154408824060954
decision_type=2 2 2 2 2 2 2 2 2 2 2 2 2 2
left_child=7 5 4 -4 -3 6 -2 10 -9 -10 11 -1 -12 -7
right_child=1 2 3 -5 -6 13 -8 8 9 -11 12 -13 -14 -15
leaf_value=-0.0052764450027658095 -0.0036082117738404813 0.017933978634309532 0.037736906945220666 -0.03208713050332361 -0.013155719473161416 0.06313198220944366 -0.038302056091111647 -0.11502057699353473 0.096181075227046442 0.015002389505282966 0.052578762720493721 -0.054330295151421654 -0.022368378328571411 -0.043533772443863028
leaf_weight=672.62893492542207 25929.287434395868 27987.53359637651 1751.8902729687979 5634.3070382999722 5691.8632295669522 877.17597597040003 3221.8103824064892 62.341906008310616 174.55645432323217 697.64632846158929 210.82520823145751 1729.3449137036805 3543.6621744597214 59.920563873718493
leaf_count=10939 724960 333773 20266 97851 131616 37281 146821 454 777 3840 6169 81978 57543 12241
internal_value=3.00532e-05 0.00208153 0.00760694 -0.0155116 0.0126786 -0.00545979 -0.00744852 -0.0205422 0.0213567 0.0317045 -0.0269145 -0.0406332 -0.0180956 0.0561166
internal_weight=78244.8 71153.8 41065.6 7386.2 33679.4 30088.2 29151.1 7091.01 934.545 872.203 6156.46 2401.97 3754.49 937.097
internal_count=1666509 1504809 583506 118117 465389 921303 871781 161700 5071 4617 156629 92917 63712 49522
is_linear=0
shrinkage=0.1


Tree=66
num_leaves=16
num_cat=0
split_feature=34 28 17 1 1 1 13 3 13 22 22 1 0 28 1
split_gain=263.93 596.809 459.421 268.007 472.729 368.683 252.818 228.089 220.633 220.44 193.984 149.374 123.31 110.604 78.8839
threshold=-0.20553588867187048 0.00018252804875373854 0.95372940145855911 89.500000000000014 74.185000000000016 1150.1350000000002 0.13565826416015653 0.16393709637383153 0.35468292236328153 -273.03959503173797 -270.14156951904346 1588.5000000000002 172.91777925346204 0.0016500782221555651 43.270000000000003
decision_type=2 2 2 2 2 2 2 2 2 2 2 2 2 2 2
left_child=2 3 6 4 -2 -5 10 14 9 -4 -1 -9 -8 -10 -3
right_child=1 7 8 5 -6 -7 12 11 13 -11 -12 -13 -14 -15 -16
leaf_value=0.029286120786662907 -0.0094607582293835309 0.025647053327971743 -0.014677595889063656 -0.033085311876450071 0.049616952683292012 0.018231077546554047 0.0096865449858346345 0.023984330444116863 -0.01733074221457899 0.011200060539426612 0.082634084391522783 -0.054164839648760392 0.071474507673970872 0.024159819622973429 -0.051501779530913228
leaf_weight=1653.2155773964478 21183.317881386465 165.77226448367583 4157.2013339391269 8871.4057707244356 1442.004071176867 1658.8857654039166 4648.4030212590005 8216.1695177132497 7433.4894732928951 15743.057795969624 1165.7602427407983 247.49040862999391 342.37914877827279 698.90080949664116 607.7544665975729
leaf_count=33183 438568 1079 291191 345541 27990 62829 53571 55080 88119 239850 16326 2533 5630 3754 3857
internal_value=-0.000218425 -0.0055588 0.00609783 -0.0118214 -0.00568536 -0.0249964 0.0275391 0.0169143 0.00012054 0.00579184 0.0514549 0.0216685 0.0139926 -0.0137524 -0.0349097
internal_weight=78235.2 42392.8 35842.4 33155.6 22625.3 10530.3 7809.76 9237.19 28032.6 19900.3 2818.98 8463.66 4990.78 8132.39 773.527
internal_count=1669101 937477 731624 874928 466558 408370 108710 62549 622914 531041 49509 57613 59201 91873 4936
is_linear=0
shrinkage=0.1


Tree=67
num_leaves=16
num_cat=0
split_feature=23 13 24 12 10 1 12 0 1 0 10 10 10 1 14
split_gain=234.375 216.7 385.146 340.595 640.756 336.662 249.127 144.927 84.5413 113.771 79.1697 70.316 54.1036 41.9256 19.0323
threshold=0.23435916084442351 0.33580780029296903 -131007.49999999999 -0.55735026034682245 -0.12694965704633895 1150.1350000000002 -16.606159786364547 158.03381183267001 15.875000000000002 2.7662855448834756 -0.48128474618173639 4.0762433906740503 2.6934343121774704 936.25500000000011 11.172593688964851
decision_type=2 2 2 2 2 2 2 2 2 2 2 2 2 2 2
left_child=8 3 5 6 -5 -3 -2 -4 9 14 -11 12 -10 -13 -1
right_child=1 2 7 4 -6 -7 -8 -9 11 10 -12 13 -14 -15 -16
leaf_value=-0.032312746584748898 0.0048431000256119079 -0.027899906541646948 0.0073229942139611814 0.058435953813953195 0.0053508492952097191 0.029508014901549147 -0.01225943956890832 -0.029225357921670154 0.012880654746369253 0.017620239848684976 0.1113610807952812 -0.0053426234988450125 -0.092729433570709729 0.065550143789296009 0.044781796468087401
leaf_weight=122.67972917482257 17332.345098692371 10470.407852097822 10336.815626511816 2695.4829718573601 14398.303179335286 1127.8353298319271 16737.899832272495 1207.1778201281559 2558.6558090688195 128.81109730899334 312.2121285428293 103.58866060664877 44.499016085639596 408.75522728683427 37.997926242649555
leaf_count=730 375565 167753 65359 38429 412003 25269 554643 8190 12768 654 1516 813 1573 1917 212
internal_value=-0.000185695 -0.00141224 -0.0094408 0.00221976 0.0137364 -0.0223071 -0.00355954 0.00349006 0.0243017 0.0584847 0.0844863 0.0176168 0.010901 0.0513035 -0.0132798
internal_weight=78023.5 74306.3 23142.2 51164 17093.8 11598.2 34070.2 11544 3717.2 601.701 441.023 3115.5 2603.15 512.344 160.678
internal_count=1667394 1647211 266571 1380640 450432 193022 930208 73549 20183 3112 2170 17071 14341 2730 942
is_linear=0
shrinkage=0.1


Tree=68
num_leaves=16
num_cat=0
split_feature=8 31 8 8 16 11 29 18 28 11 27 3 23 3 23
split_gain=248.992 242.642 250.192 558.865 220.531 181.953 167.29 123.389 134.295 88.5147 80.0701 75.5968 51.2234 47.7359 27.447
threshold=-0.6792500457034949 1698666.0000000002 -0.17765726660099498 -0.14266070584093596 -1.4454040527343748 -4.3990546194306992 1.4859324437566151e-08 1.0000000180025095e-35 0.00014548562467098204 0.6695364974174931 -1.7031561583280549e-06 12.639527209547602 28.323180968575553 0.25525631055788556 0.37868407516321306
decision_type=2 2 2 2 2 2 2 2 2 2 2 2 2 2 2
left_child=6 2 4 -4 -2 12 10 8 -8 -9 14 -7 -3 -12 -1
right_child=1 5 3 -5 -6 11 7 9 -10 -11 13 -13 -14 -15 -16
leaf_value=0.046858946243965811 -0.01157280577054778 0.036142438158747063 -0.064470760484459946 -0.0005022938710611606 0.012233268747165165 -0.058386414934972236 -0.018472381771163875 -0.0064369390422595431 0.10284784943457764 -0.067520888834330786 0.0061054567286573051 0.12807461942428311 -0.041437832959877706 -0.036379565348878033 -0.069027493459452055
leaf_weight=17.694169432856143 4499.0469417996937 355.91163802152732 1414.1168265745509 36328.5986684823 28636.765370219655 1228.1833371343673 161.33181893313304 2408.6381549389916 201.15636895550415 258.33835194574203 336.74125184200238 17.58692630904261 106.82473597669741 1205.3817837312527 782.79348496251623
leaf_count=146 61361 3551 50637 757933 381204 280590 1573 28298 1028 5487 3441 4022 7150 17625 65723
internal_value=0.000222777 0.00176078 0.00265952 -0.00290724 0.00899972 -0.0354232 -0.0205409 -0.00500487 0.0493354 -0.0124692 -0.0405786 -0.0552526 0.0179812 -0.0271127 -0.0661909
internal_weight=77959.1 72587 70878.5 37742.7 33135.8 1708.51 5372.08 3029.46 362.488 2666.98 2342.61 1245.77 462.736 1542.12 800.488
internal_count=1669769 1546448 1251135 808570 442565 295313 123321 36386 2601 33785 86935 284612 10701 21066 65869
is_linear=0
shrinkage=0.1


Tree=69
num_leaves=16
num_cat=0
split_feature=38 0 1 14 0 14 13 1 15 3 18 13 3 38 12
split_gain=225.602 607.111 572.901 456.326 405.48 616.655 428.753 667.203 331.434 328.322 278.337 265.379 251.279 136.065 115.345
threshold=0.68301270189221908 75.704902458871217 447.61500000000007 5.7573562622070558 25.844237180583203 8.8019424438476808 0.36182403564453153 151.50000000000003 -0.14721965789794897 0.19799895908092205 10.895143127441452 0.13191986083984403 0.16960768470743651 1.0000000180025095e-35 -34.59508812763174
decision_type=2 2 2 2 2 2 2 2 2 2 2 2 2 2 2
left_child=1 2 3 -1 5 9 7 -6 -4 -2 14 -7 -8 -12 -3
right_child=4 10 8 -5 6 11 12 -9 -10 -11 13 -13 -14 -15 -16
leaf_value=-0.037560554669958467 0.060432888010027108 0.0098589148592377867 -0.0053479828905660786 0.0027078872970355914 0.04158660323395217 0.049111737957707159 -0.04409212104750955 -0.0060259560111865888 0.12784044822398508 -0.034695108575675808 -0.06283109886081012 0.0024382546491351857 0.0040058707141235501 -0.023624609846760888 -0.022810263057635723
leaf_weight=3091.7886556863959 380.55338584311539 1552.9995657055406 281.52693359943805 30827.832329455967 8738.1225910034264 1613.6309261011193 1294.7602143117692 4434.9423806821578 548.22475879272679 6284.9585775599699 2430.0907709254243 4926.9480143502587 6606.2564969349187 1404.6892621691222 3531.345831952116
leaf_count=123943 3641 35713 8596 559548 97197 15734 8316 104270 14654 98635 333906 36113 56135 97502 74855
internal_value=-0.000162093 -0.0049284 0.0010464 -0.000967594 0.0059094 -0.00782763 0.0145175 0.0255608 0.0828895 -0.0292227 -0.0281941 0.0139818 -0.00389897 -0.0485191 -0.0128317
internal_weight=77948.7 43668.5 34749.4 33919.6 34280.2 13206.1 21074.1 13173.1 829.752 6665.51 8919.13 6540.58 7901.02 3834.78 5084.35
internal_count=1668758 1248717 706741 683491 420041 154123 265918 201467 23250 102276 541976 51847 64451 431408 110568
is_linear=0
shrinkage=0.1


Tree=70
num_leaves=16
num_cat=0
split_feature=34 28 30 1 16 9 5 33 1 1 1 9 5 1 5
split_gain=326.837 336.197 322.866 393.017 266.066 245.714 237.341 227.769 139.868 93.6586 83.0569 77.3014 75.6773 30.5684 24.2354
threshold=-0.87026214599605034 0.0011337986215949002 -6.979913450777529e-06 464.32500000000005 -0.94303131103515636 0.51450470248928559 -0.77839550874373287 1.0704116821288852 1015.1400000000001 1588.5000000000002 447.61500000000007 0.14796228776597553 0.5948670522144861 1928.0000000000002 -0.30562641246690897
decision_type=2 2 2 2 2 2 2 2 2 2 2 2 2 2 2
left_child=2 4 11 7 5 -2 -6 -4 -5 10 -3 12 -1 -11 -13
right_child=1 9 3 8 6 -7 -8 -9 -10 13 -12 14 -14 -15 -16
leaf_value=-0.0076446827624276712 -0.024699354978669472 0.019112080717360508 0.054448898934986625 -0.070550048790967643 -0.03494851108214489 0.059243549690206544 -0.001119041136137703 0.019560402019827873 -0.0043616184935114707 -0.1085517633611147 0.055830544917543273 0.0010361000736877422 0.091064883630257887 -0.0049562436662977244 -0.047714404592848855
leaf_weight=2867.5507178729167 8615.1525160333549 3558.0269457838731 2527.0136993647902 495.85967695064028 2163.9313544403994 358.75869876524666 47329.162182034197 7215.0732732744364 882.57291894400259 63.042080845916644 743.3407742556883 120.12058565052575 74.840769708156586 49.850476661231369 662.31586246340885
leaf_count=162510 156318 18125 41819 25789 50094 6761 1029357 79952 16858 413 4522 9477 6056 424 59389
internal_value=-0.000314241 -0.00346518 0.0130291 0.0215618 -0.00547496 -0.0213124 -0.00260151 0.0286335 -0.0283403 0.0231304 0.025515 -0.0124402 -0.00498375 -0.0649569 -0.0402711
internal_weight=77726.6 62881.3 14845.3 11120.5 58467 8973.91 49493.1 9742.09 1378.43 4414.26 4301.37 3724.83 2942.39 112.893 782.436
internal_count=1667864 1266014 401850 164418 1242530 163079 1079451 121771 42647 23484 22647 237432 168566 837 68866
is_linear=0
shrinkage=0.1


Tree=71
num_leaves=15
num_cat=0
split_feature=23 15 10 4 22 26 19 14 1 15 29 27 15 24
split_gain=202.205 222.46 186.942 190.604 170.098 156.433 120.906 118.67 110.883 100.27 89.2297 32.6203 27.9543 20.0331
threshold=28.323180968575553 -3.0499801635742196 33.153807556851909 -0.5605992154332019 -272.94923248290996 168879.50000000003 283.29988861084007 4.1291595458984611 1150.1350000000002 -3.0499801635742196 6.109473815740786e-08 -0.00015189219266176248 4.6159744262695357 -79956.499999999985
decision_type=2 2 2 2 2 2 2 2 2 2 2 2 2 2
left_child=1 4 3 -3 11 8 13 -6 12 -8 -10 -1 -2 -7
right_child=5 2 -4 -5 7 6 9 -9 10 -11 -12 -13 -14 -15
leaf_value=-0.065890219785674414 -0.064608511352491682 0.0065391551370931238 -0.10050446588481882 -0.0039324778844615771 -0.040806401658400222 -0.064367905932264588 0.12780854729885413 0.084891202023962845 -0.029875732554103432 -0.013674384087363165 0.15931229996750093 0.0068758970171842572 0.013238695577717598 0.036956495794821242
leaf_weight=66.550984880886972 1078.2146558234817 27569.354413006396 180.75972625875147 47021.518035925139 81.314056229544804 114.19465164927533 121.48636865889421 684.34067669464275 57.147565433027921 81.465489756956231 37.540849404293112 438.80297932261601 46.561479700205382 19.932877817191184
leaf_count=993 386003 390237 14407 797182 1456 7744 5022 5570 28177 19080 6061 4573 3121 154
internal_value=-0.000336355 0.000395099 -0.000311427 -6.19037e-05 0.0417974 -0.0359573 0.0240669 0.0713637 -0.0525795 0.0720536 0.0493596 -0.00325846 -0.0613416 -0.048523
internal_weight=77599.2 76042.6 74771.6 74590.9 1271.01 1556.54 337.079 765.655 1219.46 202.952 94.6884 505.354 1124.78 134.128
internal_count=1669780 1214418 1201826 1187419 12592 455362 32000 7026 423362 24102 34238 5566 389124 7898
is_linear=0
shrinkage=0.1


Tree=72
num_leaves=16
num_cat=0
split_feature=3 22 4 3 38 0 0 26 3 38 18 35 35 22 26
split_gain=230.869 237.966 512.485 460.855 203.976 330.223 264.184 133.468 130.767 37.0575 22.3912 17.361 18.5953 3.5699 2.75166
threshold=0.027818472138679502 -269.18193664550739 -0.76574417806518735 0.078499820417405913 0.93301270189221963 16.702063128167403 25.844237180583203 -5509.4999999999991 1.3304500219349353 0.68301270189221908 9.7637039184570558 0.9829629131445341 -0.78656609248549292 -271.07418670654295 -968669.99999999988
decision_type=2 2 2 2 2 2 2 2 2 2 2 2 2 2 2
left_child=7 4 8 -4 5 -2 -6 9 -3 14 -11 12 -9 -13 -1
right_child=1 2 3 -5 6 -7 -8 11 -10 10 -12 13 -14 -15 -16
leaf_value=0.026055613793735961 0.0047138780539137289 0.0397846880176062 0.13988814471667832 -0.0043640931834016674 -0.009098952485201605 -0.010614608177210851 0.021271723088440758 -0.03338295948060515 0.093027113439745318 -0.01913336103635643 0.11060627677383772 -0.047953161524497356 -0.097844916647956526 0.0019195939611618943 -0.061242435928600306
leaf_weight=1.3453366727335403 24882.453990411974 1138.5905842844804 226.29028453771025 5212.7656986421789 4499.508694227261 32284.171012417937 7864.4956798731 58.273586670868099 787.20208999825991 15.550824776291845 52.851976725272834 27.019391609646846 379.46369839005638 25.341091150185093 23.048476090480108
leaf_count=1719 392814 15818 1665 119265 47209 989893 75862 1523 9103 125 968 519 6921 290 3761
internal_value=-9.01553e-05 0.000387105 0.0174736 0.00176044 -0.00142386 -0.00394287 0.01022 -0.0625182 0.061733 0.0455349 0.0818168 -0.0832306 -0.0897374 -0.0257527 -0.0528147
internal_weight=77478.4 76895.5 7364.85 5439.06 69530.6 57166.6 12364 582.894 1925.79 92.7966 68.4028 490.098 437.737 52.3605 24.3938
internal_count=1667455 1651629 145851 120930 1505778 1382707 123071 15826 24921 6573 1093 9253 8444 809 5480
is_linear=0
shrinkage=0.1


Tree=73
num_leaves=13
num_cat=0
split_feature=36 25 8 30 15 2 18 24 11 11 11 7
split_gain=243.752 242.76 230.706 231.412 185.043 169.102 144.436 250.806 159.088 118.787 87.036 42.1824
threshold=0.60355339059327362 1546450.0000000002 0.89104622525418209 -3.0183000490069394e-06 -3.2001495361328094 3.9662115970631108e-14 14.184152221679701 -154554.99999999997 0.75216202219693817 -6.027439057739624 76.408663835231422 -0.71306136831662092
decision_type=2 2 2 2 2 2 2 2 2 2 2 2
left_child=1 6 3 4 -2 -5 7 -1 -8 11 -11 -3
right_child=2 9 -4 5 -6 -7 8 -9 -10 10 -12 -13
leaf_value=-0.0058188941035329962 0.046049116661650624 0.15476197032328459 -0.12389131684448657 0.021527078805671521 -0.020488912446134364 -0.0043106019985559088 0.0080190787933912613 0.011230539196139259 0.034313984696530617 -0.045039990432793317 0.10972251317580067 0.0064901353586608954
leaf_weight=18412.055050111143 429.72587096536881 14.932410837267524 164.93341276864521 3084.0064335833304 11082.08514422187 14068.992062453006 8729.9200947749196 16228.479926315253 3121.6754252518294 1632.2670540085237 32.541909078601748 532.15899203886511
leaf_count=317139 6731 3763 4253 43445 228802 191660 309231 116374 93527 343160 4457 8421
internal_value=-0.000424829 0.00388894 -0.00771177 -0.0070218 -0.0179862 0.000339778 0.00542998 0.00216893 0.0149566 -0.0284416 -0.0416954 0.011902
internal_weight=77533.8 48704 28829.7 28664.8 11511.8 17153 46492.1 34640.5 11851.6 2211.9 1664.81 547.091
internal_count=1670963 1196072 474891 470638 235533 235105 836271 433513 402758 359801 347617 12184
is_linear=0
shrinkage=0.1


Tree=74
num_leaves=16
num_cat=0
split_feature=34 36 30 1 28 16 37 15 6 12 15 14 12 14 29
split_gain=273.571 347.684 281.304 265.704 219.913 244.682 190.236 183.572 148.744 137.447 109.453 97.37 87.9195 82.5307 42.1443
threshold=-0.87026214599605034 0.12940952255126006 -8.9983223006129231e-06 464.32500000000005 0.00014548562467098204 -0.49380493164062544 0.93301270189221963 -2.7040100097656246 0.17658097041484352 -3.6918133880955395 1.3230361938476602 4.2078033447265861 163.94205814753303 11.410005187988302 3.0198066269804258e-14
decision_type=2 2 2 2 2 2 2 2 2 2 2 2 2 2 2
left_child=2 4 12 6 5 -2 -4 11 -9 -5 -6 -3 13 -1 -14
right_child=1 7 3 9 10 -7 -8 8 -10 -11 -12 -13 14 -15 -16
leaf_value=-0.023036206666623656 -0.018396266117957135 -0.053468623795039631 0.029290167127906004 0.0076145439826726738 0.0050183104249292357 0.006424773758970913 -0.02133773684271701 -0.0081880392533171201 -0.027178989548873062 -0.054344210534756965 0.03139937301177196 0.040676089059151557 -0.039575973801087391 0.022703960436077229 0.1107945316608898
leaf_weight=2728.728925755102 5212.2936766795756 119.19132251286646 9365.3688628516975 784.28678927215515 2556.4203939030413 16628.548528761312 802.49790476597263 27959.289898345945 4835.0332105227571 652.14410029712599 4091.0519280608278 987.15713412052719 21.359086230280809 456.87905599718215 76.348244828288443
leaf_count=194468 113025 6990 119360 20972 20235 513705 11583 434519 136821 26907 31054 10949 2764 25296 1072
internal_value=0.000110782 -0.0027959 0.0122886 0.0195987 0.00534706 0.000498404 0.0252858 -0.0096386 -0.0109917 -0.0206059 0.0212654 0.0303386 -0.0135384 -0.0164509 0.0775967
internal_weight=77276.6 62389 14887.6 11604.3 28488.3 21840.8 10167.9 33900.7 32794.3 1436.43 6647.47 1106.35 3283.32 3185.61 97.7073
internal_count=1669720 1267298 402422 178822 678019 626730 130943 589279 571340 47879 51289 17939 223600 219764 3836
is_linear=0
shrinkage=0.1


Tree=75
num_leaves=16
num_cat=0
split_feature=34 33 5 5 27 3 3 12 12 13 16 3 3 33 26
split_gain=220.326 250.442 203.303 387.939 192.843 186.699 256.418 212.443 178.901 195.249 129.47 118.039 58.6058 46.2555 25.7283
threshold=-1.2804641723632797 1.0704116821288852 0.5948670522144861 0.44416885358216002 -1.2971751857548947e-05 0.16393709637383153 0.67413614826045809 0.13849631018970851 1.0014930827600523 0.085670471191406264 2.0263442993164054 0.84311484597674513 12.639527209547602 -0.53765106201172042 -25142.999999999996
decision_type=2 2 2 2 2 2 2 2 2 2 2 2 2 2 2
left_child=4 2 3 -2 12 7 -7 -3 11 -10 -4 -6 13 -1 -14
right_child=1 5 10 -5 8 6 -8 -9 9 -11 -12 -13 14 -15 -16
leaf_value=-0.045934294796579761 0.002655250751141469 -0.014073537809322665 0.02464056633918154 -0.057027695011224948 0.021870098020574193 -0.028543790013306619 -0.005103781507767715 0.044668198640295198 0.094051746921654744 -0.021822586409636382 0.10514005191813974 0.054825543066376881 0.13216350511428557 -0.0078244357475845856 -0.003785204225090353
leaf_weight=440.72992015746422 43261.56737389983 1207.2960521589266 1749.8690379925538 1112.2107453989738 3463.712135299691 7197.9231420264114 13263.610099561774 1247.4881284006988 159.8527416929719 1230.1838110344252 221.59288820013171 1587.9705351188895 32.917965575587004 1125.4312707127829 21.566483450238593
leaf_count=119568 693741 36928 32532 37444 67297 263156 291794 25637 3216 25227 10899 25555 2284 33888 457
internal_value=0.000144069 -0.00167754 0.00255094 0.00115307 0.0157843 -0.0102278 -0.0133544 0.0158083 0.0235385 -0.00820783 0.0339318 0.0322734 -0.0150146 -0.0186609 0.0825562
internal_weight=77323.9 69261.6 46345.2 44373.8 8062.36 22916.3 20461.5 2454.78 6441.72 1390.04 1971.46 5051.68 1620.65 1566.16 54.4844
internal_count=1669623 1392131 774616 731185 277492 617515 554950 62565 121295 28443 43431 92852 156197 153456 2741
is_linear=0
shrinkage=0.1


Tree=76
num_leaves=16
num_cat=0
split_feature=9 34 9 29 7 0 7 24 9 14 29 30 1 7 4
split_gain=249.672 195.183 270.006 253.609 227.935 239.152 168.914 136.785 119.879 81.192 86.58 70.4093 68.5369 55.265 33.6665
threshold=-0.5192667599397629 -0.51445770263672486 0.16909245607799953 7.0571898902471756e-06 -0.85046811779678189 36.496981642110264 -0.72290783961480243 -163502.99999999997 0.62541932004034761 -0.9181045532226334 4.5058684520427057e-05 -7.8615266829729091e-07 330.50000000000006 -0.76286390712876084 -0.45866845718702393
decision_type=2 2 2 2 2 2 2 2 2 2 2 2 2 2 2
left_child=7 2 3 -2 5 -3 -6 11 -4 10 -9 14 -11 -13 -1
right_child=1 4 8 -5 6 -7 -8 9 -10 12 -12 13 -14 -15 -16
leaf_value=-0.030780468478373582 0.022115762171272355 -0.0059317891591524298 -0.015493315325983732 -0.0070931846726750127 0.022036132481765155 -0.039991957048814156 -0.00036739830592908275 -0.020884712870262195 0.043973696178504801 0.0014145193736496461 0.086085198560095888 -0.0021057648973062245 -0.035141659321961803 -0.03394575424616654 -0.060086023680612437
leaf_weight=745.83980385924224 13144.289392764302 8134.5996280908003 4557.2893218751997 3838.21290659238 3730.1865371377207 2757.3161763171956 33988.06329622044 119.77176474174485 361.40483798581408 1989.8691788997967 193.09347447752953 1019.1466450557346 685.78098827262875 1168.8053278762964 872.76777494975249
leaf_count=54077 304841 119760 148839 41251 76837 86033 724475 1337 5184 15183 1046 11373 4939 13044 61337
internal_value=-6.23586e-05 0.00170231 0.00953945 0.0155141 -0.00182932 -0.0145686 0.00185085 -0.0183618 -0.0110837 -0.0023405 0.0454504 -0.0309204 -0.00800306 -0.0191533 -0.0467187
internal_weight=77306.4 70511.4 21901.2 16982.5 48610.2 10891.9 37718.2 6795.07 4918.69 2988.52 312.865 3806.56 2675.65 2187.95 1618.61
internal_count=1669556 1507220 500115 346092 1007105 205793 801312 162336 154023 22505 2383 139831 20122 24417 115414
is_linear=0
shrinkage=0.1


Tree=77
num_leaves=16
num_cat=0
split_feature=20 23 4 4 29 5 5 17 20 6 35 9 4 33 23
split_gain=196.673 185.274 183.003 251.797 178.625 86.6914 63.3542 49.9828 18.4541 19.7196 31.4438 8.74989 4.25626 0.968707 0.235039
threshold=16.050354003906254 0.15820708497108402 0.97239307661194807 0.95707444545738707 0.00010512396693229652 -0.17183030174105898 0.29166154326073157 1.0020145326915353 20.523353576660153 -0.14927386309240498 0.37940952255126054 -0.46890497402919146 0.9838035566348392 -6.316329956054699 3.8901369080780603
decision_type=2 2 2 2 2 2 2 2 2 2 2 2 2 2 2
left_child=1 5 3 -3 -4 7 -7 -1 9 10 -2 -11 14 -14 -10
right_child=8 2 4 -5 -6 6 -8 -9 12 11 -12 -13 13 -15 -16
leaf_value=0.02340340349948658 -0.056175477925412921 -0.00055529729131109315 -0.037265005993974205 0.032048236553286279 0.0262152311187797 0.051151689886316944 -0.001031873719336999 -0.021663631993705787 -0.010434152037513232 0.0055536221952565377 0.054587578517119179 -0.082107460061102866 0.044558148047943252 -0.01722541220304907 -0.093048163876521928
leaf_weight=560.89964819606394 58.786916222365107 68932.280464532669 2320.9992739944719 2448.0488209672621 543.82978648919379 1272.4009514348581 284.2226600907743 430.58143903315067 1.6928213029168535 12.014745619788298 38.005374626052799 105.44661223253934 0.53362669245689165 1.039005797356366 191.36824782058829
leaf_count=2798 37592 1172722 68141 41338 4958 6134 2648 2168 767 6705 10640 83231 543 1335 228244
internal_value=0.000109916 0.000480415 -0.000430376 0.000565035 -0.0251899 0.0269674 0.0416507 0.00382115 -0.0686387 -0.0465657 -0.0121394 -0.0732802 -0.0911619 0.0216875 -0.0926055
internal_weight=77202.2 76793.3 74245.2 71380.3 2864.83 2548.1 1556.62 991.481 408.887 214.254 96.7923 117.461 194.634 1.57263 193.061
internal_count=1669964 1300907 1287159 1214060 73099 13748 8782 4966 369057 138168 48232 89936 230889 1878 229011
is_linear=0
shrinkage=0.1


Tree=78
num_leaves=16
num_cat=0
split_feature=14 2 28 11 2 2 34 29 11 28 12 11 7 34 7
split_gain=206.246 242.601 333.719 442.002 245.655 345.276 179.247 210.483 227.563 161.473 199.13 170.112 157.343 121.317 73.8225
threshold=7.9623428344726808 0.9444245490208476 1.4320012269308801e-06 76.408663835231422 0.85976012918493661 0.78837767152623817 -0.28981781005858492 4.6953558410223204e-06 19.597906720477152 0.00011709704995155352 -4.1608771468715995 -6.027439057739624 -0.42624032910496196 -1.7013015747070197 -0.97747149356400331
decision_type=2 2 2 2 2 2 2 2 2 2 2 2 2 2 2
left_child=1 4 13 -4 5 -1 7 8 -2 11 -11 -8 -6 -3 -9
right_child=6 2 3 -5 12 -7 9 14 -10 10 -12 -13 -14 -15 -16
leaf_value=-0.0018064115952154338 0.022595431180131888 0.00094042294583215251 -0.0094694644537025377 0.10284508240234413 0.04209802655464906 -0.060450152094649857 0.02379479064823347 -0.034718742038970893 -0.078525919169992686 0.032442351643776075 -0.003389406693869665 -0.0069022044016544496 -0.0044448809427271611 -0.043676657908752525 0.00045451571580758308
leaf_weight=19997.111231052433 10815.882503315021 710.77852815325605 3394.5729856317048 385.65733727626503 1998.1030061808415 1052.0676925244043 1974.2530495330575 699.08822976943338 222.43163945028209 3009.6245913195307 3192.6575504715438 20544.084570762032 1138.1610396697943 4259.9512277915783 3911.8847330950375
leaf_count=545211 202157 39145 40135 2415 36936 53472 12245 5885 10329 19329 21701 468852 17674 159903 35875
internal_value=-2.85e-05 -0.00602303 -0.0202857 0.00210953 -0.000859285 -0.00475117 0.0044215 0.0130302 0.0205231 -0.000270655 0.0140099 -0.00420622 0.0252273 -0.0373022 -0.00491007
internal_weight=77306.3 32936.4 8750.96 3780.23 24185.4 21049.2 44369.9 15649.3 11038.3 28720.6 6202.28 22518.3 3136.26 4970.73 4610.97
internal_count=1671264 894891 241598 42550 653293 598683 776373 254246 212486 522127 41030 481097 54610 199048 41760
is_linear=0
shrinkage=0.1


Tree=79
num_leaves=15
num_cat=0
split_feature=28 2 9 13 24 2 12 2 12 7 28 18 4 37
split_gain=185.512 184.907 166.395 196.433 132.482 49.3456 109.109 34.6824 118.916 35.184 32.4103 92.1019 30.0058 8.86463
threshold=0.0023091692476953055 8.6013582708233418 -0.5192667599397629 0.029609680175781253 -203308.49999999997 1.3674450075548703 2.0222144499891654 0.54069086809068911 -34.59508812763174 -0.85046811779678189 0.00013895332813262953 1.0000000180025095e-35 -0.41671131132224742 -0.68301270189221885
decision_type=2 2 2 2 2 2 2 2 2 2 2 2 2 2
left_child=1 2 4 -4 -1 7 -7 8 -2 -9 13 -12 -8 -3
right_child=5 10 3 -5 -6 6 12 9 -10 -11 11 -13 -14 -15
leaf_value=-0.032370319357909079 -0.093230855603776211 -0.036882855303706177 -0.093795264149521607 0.0016673188947920773 -0.0033048988885831842 0.076212158394328211 -0.028343957215214335 0.018583443521062001 0.035275720823925855 0.065946314742971288 0.070836711210412462 -0.092520816959733826 -0.12765870479812155 -0.089914348660966079
leaf_weight=2687.2489233352535 74.785023467382416 46.958687869162532 211.2357772270916 68033.548895754182 3759.1623552037636 77.95246505131945 78.087742459727451 223.53863636218011 751.26531324035022 563.32418577955104 56.326623835600913 74.403407278936356 49.258523808559403 259.77802773311851
leaf_count=127900 385 9021 82383 1377747 33297 410 588 1097 3529 2607 879 2385 563 24721
internal_value=0.000296946 -0.000467901 -8.60695e-05 0.00136499 -0.0154368 0.0318151 -0.0140734 0.0376814 0.0231507 0.0526934 -0.0649224 -0.0221196 -0.0701312 -0.0825175
internal_weight=76946.9 75128.7 74691.2 68244.8 6446.41 1818.21 205.299 1612.91 826.05 786.863 437.467 130.73 127.346 306.737
internal_count=1667512 1658333 1621327 1460130 161197 9179 1561 7618 3914 3704 37006 3264 1151 33742
is_linear=0
shrinkage=0.1


Tree=80
num_leaves=15
num_cat=0
split_feature=7 7 13 21 4 13 13 16 16 34 36 29 24 30
split_gain=168.251 293.588 340.341 236.799 220.039 188.671 350.502 301.506 60.9357 45.9088 47.1269 40.47 14.1166 11.0807
threshold=-0.99931357924004838 -0.97747149356400331 0.084877014160156264 0.26052421435829159 0.17866081087719302 0.088645935058593764 0.13553619384765653 0.88201141357421908 2.1851425170898455 -0.56877136230468983 0.12940952255126006 1.3721682790901451e-05 -84657.249999999985 -1.2623204383999097e-05
decision_type=2 2 2 2 2 2 2 2 2 2 2 2 2 2
left_child=8 2 3 -2 -4 7 -7 -3 9 11 -11 -1 13 -10
right_child=1 5 4 -5 -6 6 -8 -9 12 10 -12 -13 -14 -15
leaf_value=0.072200262140215007 -0.023587185805228138 -0.00081176411932029245 -0.02133881405810201 0.051332043998675358 -0.069772433943150844 0.019557945026579468 -0.00056118834200676558 -0.042373580542422705 -0.050874648153958139 0.04437737633761802 0.0044001785824290809 -0.014284469997695146 -0.11484273067323668 0.022058284751198198
leaf_weight=411.44188897317508 727.06121781095862 5974.5790364167769 4867.9858664110943 992.62352902611019 1159.6859654733271 10534.712624842185 48527.296350525139 2460.945944770705 48.954727752716281 576.67358367494307 600.55530332389753 60.469979176530614 17.940594092011452 30.23749680374749
leaf_count=4260 4564 174609 96666 30478 32947 318232 785351 206138 3009 5965 5426 357 85 581
internal_value=-0.000373292 -0.00108637 -0.0195172 0.0196806 -0.0307072 0.0010304 0.00302875 -0.0129548 0.030268 0.0348276 0.0240881 0.0610847 -0.045061 -0.0233709
internal_weight=76991.2 75244.9 7747.36 1719.68 6027.67 67497.5 59062 8435.52 1746.27 1649.14 1177.23 471.912 97.1328 79.1922
internal_count=1668668 1648985 164655 35042 129613 1484330 1103583 380747 19683 16008 11391 4617 3675 3590
is_linear=0
shrinkage=0.1


Tree=81
num_leaves=16
num_cat=0
split_feature=34 30 36 12 37 24 19 12 7 12 7 2 12 15 11
split_gain=178.913 271.346 252.62 235.57 207.85 169.291 179.997 164.935 270.436 241.799 140.383 98.2846 75.2868 36.7562 19.9748
threshold=-0.5958633422851749 -7.7345175668597238e-06 0.12940952255126006 34.675809863228409 0.93301270189221963 -179028.24999999997 281.82576751709007 -0.55735026034682245 -0.93204247662483686 -27.271398841328445 0.28970332553197004 1.7040532126065603e-14 8.5255895690689467 0.35171031951904302 19.597906720477152
decision_type=2 2 2 2 2 2 2 2 2 2 2 2 2 2 2
left_child=1 10 5 4 -3 6 -2 9 -9 -4 12 -7 -1 -5 -12
right_child=2 3 7 13 -6 11 -8 8 -10 -11 14 -13 -14 -15 -16
leaf_value=-0.012802890149797328 -0.025799416927490465 0.018966760819206761 -0.0015942776707456559 -0.07339445340431823 -0.022826536070140072 -0.0079890659245865359 0.0022984222324830676 -0.026266630421645634 0.010197093384157585 -0.024667180649828493 -0.041509799657702642 0.015031708939057909 0.016765112714920618 0.0032604884223003797 -0.096197950518172898
leaf_weight=3016.0999597240298 3037.9775484952261 14874.324134905037 7681.8518929317943 345.18342231691349 1289.2414096405264 2198.5851391246542 9089.3609184281086 2769.5647830823145 7614.9027301236347 11110.10206352183 939.54995721526211 11753.672135197208 1199.6804141309112 75.653039971599355 70.927096968138358
leaf_count=176594 58711 196255 107737 10490 19049 16469 446898 51546 131059 245348 69361 94717 32518 2234 9714
internal_value=-0.000231345 0.00743671 -0.00325848 0.0136974 0.0156272 0.00389287 -0.004748 -0.00965035 0.000464162 -0.0152383 -0.0124242 0.0114026 -0.00437886 -0.0597378 -0.0458032
internal_weight=77066.7 21810.7 55256 16584.4 16163.6 26079.6 12127.3 29176.4 10384.5 18792 5226.26 13952.3 4215.78 420.836 1010.48
internal_count=1668700 516215 1152485 228028 215304 616795 505609 535690 182605 353085 288187 111186 209112 12724 79075
is_linear=0
shrinkage=0.1


Tree=82
num_leaves=16
num_cat=0
split_feature=20 3 22 4 20 31 21 20 37 10 4 31 4 31 31
split_gain=189.979 153.489 152.981 370.462 164.37 107.488 41.1456 22.9916 11.3359 19.6177 12.7646 6.7342 3.64781 1.03188 0.260485
threshold=14.079681396484402 0.027818472138679502 -268.99317779541042 -0.76574417806518735 0.43846130371090003 46429.625000000007 0.56172121635132355 19.75814819335935 -0.86602540378443849 -0.37986780780092544 -0.99987154017421087 1.0196533203125002 0.9838035566348392 1177067.9003906252 -0.98449707031249989
decision_type=2 2 2 2 2 2 2 2 2 2 2 2 2 2 2
left_child=1 5 4 -4 -3 11 -7 8 9 -2 -10 -1 14 -14 -9
right_child=7 2 3 -5 -6 6 -8 12 10 -11 -12 -13 13 -15 -16
leaf_value=-0.083852925763566441 0.034285933776884707 0.013879022796937196 0.054141283409671642 0.00048636085571128311 -0.0023833124167602832 -0.00877473406039137 0.11449486675696319 -0.0081112547473559584 0.058441487231116196 -0.053022420402772497 -0.055283375535801905 -0.028868876308780884 0.04300731261620562 -0.018987002962985958 -0.087008450582038294
leaf_weight=358.1699610282667 45.369943292665994 6898.3833191888407 1776.1153498928761 4637.4220455856412 62343.805304967012 106.27959997812286 31.058046862424817 1.5043275756470382 6.3250515029649241 47.937930036830949 277.39439815914375 30.937410032784101 0.59329332309425709 1.1704307818145023 192.16172189140343
leaf_count=6104 9511 38475 18170 79087 1076246 1254 2101 1266 1834 31687 153310 607 474 1604 247677
internal_value=-0.00020254 0.000230577 0.000606726 0.0153757 -0.000762262 -0.0533232 0.0221446 -0.0573443 -0.0419598 -0.010985 -0.0517799 -0.0799029 -0.0852373 0.0182436 -0.0866152
internal_weight=76754.6 76182.2 75655.7 6413.54 69242.2 526.445 137.338 572.457 377.027 93.3079 283.719 389.107 195.43 1.76372 193.666
internal_count=1669407 1222044 1211978 97257 1114721 10066 3355 447363 196342 41198 155144 6711 251021 2078 248943
is_linear=0
shrinkage=0.1


Tree=83
num_leaves=16
num_cat=0
split_feature=18 14 22 2 2 2 28 37 1 13 1 20 36 25 2
split_gain=183.742 169.203 223.018 199.528 176.63 346.398 160.047 150.449 74.952 73.1937 44.0531 40.0191 22.6603 22.2977 11.2613
threshold=22.377832031250055 11.836923217773451 -270.9413894653315 0.85976012918493661 1.3674450075548703 1.9779169174107452 0.0023091692476953055 -0.68301270189221885 89.500000000000014 0.083580017089843764 82.725000000000009 8.839157104492168 -0.60355339059327384 1980829.0000000002 3.0924090420890002
decision_type=2 2 2 2 2 2 2 2 2 2 2 2 2 2 2
left_child=1 4 3 -3 6 -6 -1 -4 9 11 -11 -2 13 -10 -14
right_child=8 2 7 -5 5 -7 -8 -9 12 10 -12 -13 14 -15 -16
leaf_value=-0.0013482564773401634 0.063563904839118904 -0.0082359801539032673 0.014196628270046774 0.015034717018122395 -0.056716593469473608 -0.0036576901762411297 0.034807199928073407 0.05513792609987142 0.0057316661925922892 -0.047143263164340143 0.10763085772937889 -0.026827283470111991 -0.088589406278707566 -0.072273815550366077 -0.035245450878311345
leaf_weight=49741.060188377873 132.80569072207436 7583.8516789315036 2286.5195157860871 7157.0326026158873 1700.2926524142385 4421.483464328805 1250.2252980452031 1477.9203643562505 73.889638084889157 402.4998938779172 14.630558630393351 72.45021101803286 316.71951918766717 66.398707655505859 55.617553055242752
leaf_count=887008 7294 122805 18968 73814 57164 100092 5892 11920 26354 129960 7888 41088 103537 69720 6930
internal_value=-0.000294118 0.000306596 0.00861544 0.00306374 -0.00238609 -0.0184288 -0.000458456 0.030322 -0.0401416 -0.0166027 -0.0405041 0.0317788 -0.068284 -0.0324051 -0.0811938
internal_weight=76753.4 75618.4 18505.3 14740.9 57113.1 6121.78 50991.3 3764.44 1135.01 622.386 417.13 205.256 512.625 140.288 372.337
internal_count=1670434 1277663 227507 196619 1050156 157256 892900 30888 392771 186230 137848 48382 206541 96074 110467
is_linear=0
shrinkage=0.1


Tree=84
num_leaves=13
num_cat=0
split_feature=28 2 9 8 24 2 12 8 28 11 12 12
split_gain=175.631 156.791 142.633 192.834 108.84 42.4805 62.6183 40.6619 60.1794 37.3961 41.5704 19.5793
threshold=0.0029265731573104802 6.661655838861571 -0.5192667599397629 0.034861531904726559 -157794.99999999997 1.3674450075548703 2.0222144499891654 0.022166721445114855 0.00065037980675697359 -3.5544341151476897 -33.003647981149143 26.518761775316452
decision_type=2 2 2 2 2 2 2 2 2 2 2 2
left_child=1 2 4 -4 -1 9 -7 -3 -9 -2 -11 -8
right_child=5 7 3 -5 -6 6 11 8 -10 10 -12 -13
leaf_value=-0.025570466546559319 -0.029246745160742667 -0.09912863132779226 0.0052680670156157704 -0.0055983971311800431 0.00070173676140406665 0.075495788799839356 -0.1119318887808457 -0.05062346098259736 0.067450612591890405 -0.0094974464487852604 0.058937121243497641 -0.0095931687570508448
leaf_weight=3736.3440394860518 57.997151424526237 142.91346010334382 41937.007406552148 26739.075580354882 2725.2189584748121 42.065112993121147 41.619061555422377 356.39867546013556 44.64087936055148 98.143184512387961 812.26832997426391 32.908194458112121
leaf_count=141190 273 20043 743834 703048 20655 228 193 34439 529 470 3767 453
internal_value=-0.000114825 -0.000688789 -0.000299732 0.0010371 -0.014498 0.0397401 -0.0166836 -0.053938 -0.0368115 0.0465841 0.0515482 -0.0701875
internal_weight=76766.6 75681.6 75137.6 68676.1 6461.56 1085 116.592 543.953 401.04 968.409 910.412 74.5273
internal_count=1669122 1663738 1608727 1446882 161845 5384 874 55011 34968 4510 4237 646
is_linear=0
shrinkage=0.1


Tree=85
num_leaves=13
num_cat=0
split_feature=36 3 38 3 3 31 10 10 28 10 2 23
split_gain=158.627 185.563 183.869 204.074 183.869 177.744 176.301 147.266 145.825 99.2476 40.883 33.9593
threshold=0.60355339059327362 0.027818472138679502 0.25000000000000011 0.74756704563125309 0.16393709637383153 1698666.0000000002 -0.40408104827587693 -0.32486017259654093 0.00024152733385562902 -0.99227271789477245 2.2004685522673704 28.323180968575553
decision_type=2 2 2 2 2 2 2 2 2 2 2 2
left_child=5 -2 3 -3 -4 6 8 -8 -1 11 -11 -7
right_child=1 2 4 -5 -6 9 7 -9 -10 10 -12 -13
leaf_value=-0.011517102599543638 -0.11917374459793671 -0.032730012493741377 0.030803537787585263 -0.0053785382743590333 -0.0028142410837885112 0.019606944420755702 0.024430718329183681 0.0051264092061483902 0.01814673868544037 -0.054196201487224788 0.0093668604239403597 -0.036924343488259168
leaf_weight=9799.376841042802 140.38415395637276 4316.3101016686123 1826.4090468045615 7404.7333750127 14567.014643927832 404.88686225542915 4536.8734040682903 30458.354152494299 1989.6475768300006 948.29217813591822 111.69297742411436 138.52300806593848
leaf_count=174871 4240 151307 15714 125014 178069 9601 63939 627288 12245 256105 25785 25882
internal_value=-0.000530204 -0.0064831 -0.00589931 -0.0154605 0.000939402 0.00294616 0.00406946 0.0076322 -0.00650513 -0.0297406 -0.0474859 0.00499104
internal_weight=76642.5 28254.9 28114.5 11721 16393.4 48387.6 46784.3 34995.2 11789 1603.4 1059.99 543.41
internal_count=1670060 474344 470104 276321 193783 1195716 878343 691227 187116 317373 281890 35483
is_linear=0
shrinkage=0.1


Tree=86
num_leaves=16
num_cat=0
split_feature=7 7 7 22 12 12 12 22 33 17 33 14 34 22 28
split_gain=145.091 200.047 323.907 231.61 194.348 237.406 175.715 154.149 89.9352 84.1757 37.677 26.5578 26.1582 13.9373 6.41292
threshold=-0.99931357924004838 -0.97747149356400331 -0.98389022188981134 -270.9413894653315 -0.55735026034682245 -24.239351802746544 14.678751792812703 -272.4315170288084 1.5846023559570102 1.3231174115217352 1.6382141113281301 13.472230529785152 0.26407623291014953 -272.83910980224596 5.6717544794082663e-07
decision_type=2 2 2 2 2 2 2 2 2 2 2 2 2 2 2
left_child=7 2 3 -2 5 -3 -6 8 12 11 -11 -9 -1 -4 -10
right_child=1 4 13 -5 6 -7 -8 9 14 10 -12 -13 -14 -15 -16
leaf_value=0.00050664665057316221 -0.018830582203508011 0.0050703402088207172 -0.078273436459222523 0.024067988722718221 0.013793503179355938 -0.0092652589519194254 -0.0087919126851571903 0.039315633198739687 -0.0699379866513022 0.12182052511072677 0.049595622746728907 -0.041144413823870317 0.03909969292434274 -0.054362519516481772 -0.027399466971269035
leaf_weight=424.3269739865209 4506.840873334455 21508.258262445481 402.73941939056385 1740.6779884942516 16310.867746159522 24944.825210733849 4362.9146178568626 458.66957999655278 141.88757236697711 219.09368816524511 122.16474848403595 40.971881066216156 294.81073265126906 863.98160412255675 59.1263904524385
leaf_count=5862 102260 388866 22039 20485 283932 678997 133186 2704 3885 1773 1399 248 3297 19032 460
internal_value=-0.000100557 -0.0007708 -0.0162385 -0.00686853 0.000961743 -0.0026279 0.00902619 0.0282291 -9.73087e-05 0.0590425 0.0970547 0.0323754 0.0164886 -0.0622426 -0.0583943
internal_weight=76402.2 74641.1 7514.24 6247.52 67126.9 46453.1 20673.8 1761.05 920.152 840.9 341.258 499.641 719.138 1266.72 201.014
internal_count=1668425 1648797 163816 122745 1484981 1067863 417118 19628 13504 6124 3172 2952 9159 41071 4345
is_linear=0
shrinkage=0.1


Tree=87
num_leaves=16
num_cat=0
split_feature=14 0 3 38 22 0 0 38 3 32 8 8 32 30 38
split_gain=166.249 644.293 271.176 240.502 200.469 434.656 212.769 362.797 273.598 145.429 143.823 138.038 136.665 65.3961 19.5261
threshold=5.9567810058594004 25.844237180583203 0.19799895908092205 0.86602540378443871 -270.08720245361343 1.0280286806082553 16.702063128167403 0.25000000000000011 0.74756704563125309 17566.500000000004 0.30272976711543403 -0.16950514616430748 149764.25000000003 -1.2623204383999097e-05 1.0000000180025095e-35
decision_type=2 2 2 2 2 2 2 2 2 2 2 2 2 2 2
left_child=1 2 13 10 6 14 8 -8 -2 -7 -3 -5 -4 -1 -6
right_child=4 3 12 11 5 9 7 -9 -10 -11 -12 -13 -14 -15 -16
leaf_value=-0.035156021771483199 -0.0082214201632678317 -0.0055471125391273234 -0.055556132049923039 0.026165773098776903 -0.028226411611435895 0.030475969183030655 -0.019470748680180915 0.0052918712887962838 0.014657847746476672 -0.0046066844376034463 -0.041084925057996713 0.0017050521272430456 -0.0073386766647878243 0.080141556237422515 -0.11686444439467143
leaf_weight=60.364944459113758 7815.1128782110754 6633.837662934151 3525.5016296714457 3943.3384320450423 31.990893446141854 5499.7533729100833 11149.174253578021 12596.636062610996 15759.858588192554 1502.9960990254476 1370.3744766044838 5551.8105052643223 707.24496570345946 213.09514028631384 231.12075209780596
leaf_count=2529 176730 315687 109173 44752 234 53742 419885 137046 160686 29329 116148 85446 14828 2183 1660
internal_value=-0.000238453 -0.00757522 -0.0412722 0.00111129 0.00271965 0.0181791 0.000344264 -0.00633637 0.00707323 0.0229483 -0.0116533 0.011872 -0.0475177 0.0545159 -0.106815
internal_weight=76592.2 22005.6 4506.21 17499.4 54586.6 7265.86 47320.8 23745.8 23575 7002.75 8004.21 9495.15 4232.75 273.46 263.112
internal_count=1670058 690746 128713 562033 979312 84965 894347 556931 337416 83071 431835 130198 124001 4712 1894
is_linear=0
shrinkage=0.1


Tree=88
num_leaves=16
num_cat=0
split_feature=34 14 3 15 12 8 22 22 8 13 3 37 13 15 12
split_gain=174.982 203.983 242.497 466.233 249.636 192.711 175.622 162.521 158.332 141.858 139.995 124.411 80.6609 56.7175 38.1321
threshold=-1.1347122192382899 11.470506286621101 12.639527209547602 0.68047332763671908 94.108138545445811 0.022166721445114855 -272.06684722900394 -271.19969024658241 -0.027564234812913046 0.049247741699218757 0.74756704563125309 -0.68301270189221885 0.033775329589843757 -3.2001495361328094 -12.612324649519449
decision_type=2 2 2 2 2 2 2 2 2 2 2 2 2 2 2
left_child=5 2 4 -4 -2 6 14 10 -8 12 -3 -9 -7 -11 -1
right_child=1 7 3 -5 -6 9 8 11 -10 13 -12 -13 -14 -15 -16
leaf_value=0.014153669014862549 -0.0061311935425678449 -0.0097887392777691595 -0.0081322127198172212 0.15649408008694574 -0.10231095686794436 -0.086262538732297042 0.026731659791438503 0.0086610795710863973 0.093760079140032981 0.087473459395665698 0.0092049155508624261 0.042319329051702131 0.088443252259017738 -0.014269546938752452 -0.01550432986588276
leaf_weight=693.82060898898635 44676.385764257444 6513.8179951828351 480.50909346534172 262.56783444667235 266.52509689894214 26.146847898053238 4412.8476377110055 2578.6057640004146 379.31596579391044 50.830823776181205 9583.5995436433295 1912.170075081347 207.00350928296393 3171.9831410420302 1137.6252285660157
leaf_count=27401 953389 179232 9388 4025 25570 20067 60408 26450 5538 5116 139922 17498 14399 105230 78361
internal_value=-0.000182377 -0.00204958 -0.00577369 0.050696 -0.00671289 0.0120896 0.0220718 0.00621377 0.0321294 -0.00704628 0.00151848 0.0230239 0.067451 -0.0125318 -0.00426082
internal_weight=76353.8 66274.2 45686 743.077 44942.9 10079.6 6623.61 20588.2 4792.16 3455.96 16097.4 4490.78 233.15 3222.81 1831.45
internal_count=1671994 1355474 992372 13413 978959 316520 171708 363102 65946 144812 319154 43948 34466 110346 105762
is_linear=0
shrinkage=0.1


Tree=89
num_leaves=16
num_cat=0
split_feature=34 30 24 12 12 14 31 2 12 12 30 3 8 4 1
split_gain=157.203 253.479 250.446 215.893 307.755 214.126 183.492 179.38 175.207 156.942 156.477 116.932 115.767 72.2336 57.5696
threshold=0.010169982910144702 -7.355120033025739e-06 -131007.49999999999 1.0014930827600523 -0.55735026034682245 6.566003417968771 198030.00000000003 4.0071144863697555e-16 8.5255895690689467 -34.59508812763174 -0.00015163654461503048 0.16960768470743651 0.27146375480444107 -0.41671131132224742 20.285000000000004
decision_type=2 2 2 2 2 2 2 2 2 2 2 2 2 2 2
left_child=1 8 6 4 -3 -5 7 -2 9 -1 -8 14 -13 -10 -4
right_child=2 3 11 5 -6 -7 10 -9 13 -11 -12 12 -14 -15 -16
leaf_value=0.0041845740207036549 0.035191411560909061 0.0074084334646964366 0.022942768238013063 -0.034525325375626588 0.035520331196169097 0.0053395929200209637 -0.032980507785929862 -0.021086977902730376 0.035690169616773952 -0.023367341085392495 0.010068632691232857 0.0036752872719005101 0.028668022372827867 0.0026064453852688656 -0.036538778489263311
leaf_weight=3007.4404244478355 587.49094731122022 21112.075837435987 196.08467858843505 2063.2109734030819 4771.295927182975 3862.7502863694972 1019.0472857365676 13123.450737008636 929.73163226110046 6600.1951729351713 4807.2693160406925 8759.2597480837721 2346.4168152458733 2248.003582063262 873.65484267263673
leaf_count=74835 9751 270801 1301 40858 45921 39755 83097 343829 30780 324943 278601 59260 16301 42256 6026
internal_value=4.79651e-05 0.00387535 -0.00533391 0.0086548 0.0125964 -0.00855737 -0.0123481 -0.0186636 -0.00801439 -0.0147452 0.00251733 0.00592181 0.0089663 0.0123268 -0.0255797
internal_weight=76307.4 44594.7 31712.7 31809.3 25883.4 5925.96 19537.3 13710.9 12785.4 9607.64 5826.32 12175.4 11105.7 3177.74 1069.74
internal_count=1668315 870149 798166 397335 316722 80613 715278 353580 472814 399778 361698 82888 75561 73036 7327
is_linear=0
shrinkage=0.1


Tree=90
num_leaves=16
num_cat=0
split_feature=35 34 11 16 9 28 1 28 34 28 36 7 24 24 19
split_gain=153.65 195.222 188.294 178.995 214.994 178.729 246.772 156.439 128.566 125.163 100.474 94.7401 75.171 28.3414 21.5956
threshold=1.0000000180025095e-35 0.20520782470703502 76.408663835231422 -1.4117813110351598 0.32678617397282955 0.00038160383701324457 89.500000000000014 7.4505823732806725e-09 -1.8828201293945248 2.9802350809404756e-08 -0.78656609248549347 0.61267468260028612 -21677.999999999996 -254573.49999999997 283.72893524169956
decision_type=2 2 2 2 2 2 2 2 2 2 2 2 2 2 2
left_child=2 3 5 8 -5 6 -1 10 -2 14 -3 -7 -9 -11 -4
right_child=1 7 9 4 -6 11 -8 12 -10 13 -12 -13 -14 -15 -16
leaf_value=-0.0035678844586003416 0.041300251842021352 0.010747159220172692 -0.04191176141360875 0.012573418388667615 -0.013243838251570461 0.017339694773694594 -0.026141511972693716 -0.0020213993224419812 -0.019298935527719926 0.16184884129563248 -0.02443294358629295 -0.019232626080255135 0.023706658072916897 0.080411780865663876 0.034120857595123247
leaf_weight=14172.761754168678 384.43000591963937 960.44435173721286 87.706773696118034 27588.563115425524 3648.410541017467 3733.6466749222891 7352.9261872787902 7099.3637536979222 3485.0287070880149 64.740159671753645 5154.2169615809544 869.50100516091334 1346.7430330510251 182.24528264673427 57.882499752333388
leaf_count=414575 13056 45889 1697 408188 88437 25517 379284 79787 53267 986 138249 6843 6822 939 5765
internal_value=-0.000275932 0.00300561 -0.00642076 0.007043 0.00955638 -0.00745868 -0.0112831 -0.00672773 -0.0132329 0.0618857 -0.0189029 0.0104181 0.00209257 0.104546 -0.0115539
internal_weight=76188.6 49667.2 26521.4 35106.4 31237 26128.8 21525.7 14560.8 3869.46 392.575 6114.66 4603.15 8446.11 246.985 145.589
internal_count=1669301 833695 835606 562948 496625 826219 793859 270747 66323 9387 184138 32360 86609 1925 7462
is_linear=0
shrinkage=0.1


Tree=91
num_leaves=16
num_cat=0
split_feature=34 13 28 16 9 4 32 23 6 6 14 10 21 2 6
split_gain=146.533 248.419 214.707 200.131 185.851 184.056 183.631 172.018 146.714 510.824 191.044 142.91 83.5408 63.5858 54.0575
threshold=-0.68596649169922042 0.25179290771484403 0.00016043782233943202 -1.1660919189453149 0.51450470248928559 -0.5605992154332019 158954.75000000003 14.569002502889353 0.089997875421695808 0.23068981453291851 0.27924499511721007 0.16513728169587352 0.23335610473318005 1.3674450075548703 0.053729095302777558
decision_type=2 2 2 2 2 2 2 2 2 2 2 2 2 2 2
left_child=1 6 3 4 -2 -5 7 -1 10 -10 -4 12 -3 -13 -8
right_child=2 11 8 5 -6 -7 14 -9 9 -11 -12 13 -14 -15 -16
leaf_value=0.022274570666345566 -0.031722951805904363 0.011445647924534738 0.083839298646779831 0.0045357187501438197 0.083261630488592794 -0.009098141177672282 0.10280121583333485 -0.028054578620632938 -0.060516782616708967 0.027197303267634157 0.012692690245588537 -0.01061752121214227 -0.019261227335532892 -0.041412927036009711 -0.037555746715894858
leaf_weight=7083.1203159737051 3742.4382793873665 5731.7270081620663 390.67788719729288 16371.102314895994 141.35321697604377 25042.688848826161 319.70128225011285 746.79665098624537 1164.8729258743115 1530.6623944482708 8293.8777675815218 3456.9109517459729 1043.1457153366355 828.7670501734392 27.480656501400517
leaf_count=104607 97867 41971 3075 342825 4278 668606 6735 207398 11049 12424 53597 55376 32982 23551 2925
internal_value=-0.000101253 0.00743867 -0.0026609 -0.0057459 -0.0274363 -0.0037087 0.0206491 0.0174595 0.00961585 -0.0107501 0.0159396 -0.0023328 0.00670691 -0.0166141 0.091316
internal_weight=75915.3 19237.6 56677.7 45297.6 3883.79 41413.8 8177.1 7829.92 11380.1 2695.54 8684.56 11060.6 6774.87 4285.68 347.182
internal_count=1669266 475545 1193721 1113576 102145 1011431 321665 312005 80145 23473 56672 153880 74953 78927 9660
is_linear=0
shrinkage=0.1


Tree=92
num_leaves=16
num_cat=0
split_feature=36 3 34 31 3 2 10 29 5 10 1 15 36 31 24
split_gain=130.27 251.846 209.613 198.789 131.109 122.417 115.09 151.382 104.338 92.9501 56.728 24.6495 10.9527 2.60428 0.386934
threshold=0.12940952255126006 0.027818472138679502 -0.18486022949218997 1506193.0000000002 0.078499820417405913 1.2378464760278851 -0.40408104827587693 1.5739351511001553e-07 0.5948670522144861 -0.99227271789477245 1150.1350000000002 -3.0499801635742196 0.25881904510252057 94.250000000000014 -266150.49999999994
decision_type=2 2 2 2 2 2 2 2 2 2 2 2 2 2 2
left_child=3 12 5 6 -4 -3 7 -1 -8 11 -11 -5 13 -2 -14
right_child=1 2 4 9 -6 -7 8 -9 -10 10 -12 -13 14 -15 -16
leaf_value=-0.020926893299115915 0.019033404914627766 0.0060553852842337337 0.035538144950089792 -0.061601618827532192 -0.012548799670102605 -0.013221758924191635 0.008493129344361033 0.0073640590691967517 0.03904107299958081 -0.046638583837486765 0.042436211606263499 0.010270175812918669 -0.062846271033794421 -0.049273855369885614 -0.12010282034679176
leaf_weight=3146.0223211954872 7.5261577400378865 20068.890065996064 579.95119306945708 46.825507842004299 18751.184289288212 3936.1413117197953 21441.854157817579 4726.9433843345614 1175.1926543457375 1240.1943952290894 72.076477054433781 600.5334805152379 19.073685255076271 5.7925721923529636 182.55536782939453
leaf_count=74354 105 257440 11813 1069 410302 63246 403211 47032 28768 305923 21273 39281 3452 598 2657
internal_value=-0.000317216 -0.00389074 -0.00334862 0.00447872 -0.0110973 0.00289239 0.0064644 -0.00394706 0.0100887 -0.0263545 -0.0416036 0.00463916 -0.110627 -0.0160151 -0.116338
internal_weight=76000.8 43551.1 43336.2 32449.6 19331.1 24005 30490 7872.97 22617 1959.63 1312.27 647.359 214.948 13.3187 201.629
internal_count=1670524 749613 742801 920911 422115 320686 553365 121386 431979 367546 327196 40350 6812 703 6109
is_linear=0
shrinkage=0.1


Tree=93
num_leaves=16
num_cat=0
split_feature=20 13 38 2 18 28 23 12 20 16 18 11 4 18 4
split_gain=125.193 135.617 239.314 334.743 302.785 212.786 256.879 92.0634 17.789 8.73649 10.8805 3.43872 2.23225 0.873085 0.455852
threshold=16.050354003906254 0.32086944580078153 0.68301270189221908 0.85976012918493661 12.644044494628902 7.027387619018556e-05 0.51812127217775117 13.740233097372402 20.523353576660153 0.94110870361328114 14.573167419433601 76.408663835231422 0.9838035566348392 4.9710098266601817 0.99547291067884913
decision_type=2 2 2 2 2 2 2 2 2 2 2 2 2 2 2
left_child=1 2 3 -1 -4 6 -3 -7 9 10 -2 -11 13 -10 -14
right_child=8 5 4 -5 -6 7 -8 -9 12 11 -12 -13 14 -15 -16
leaf_value=-0.011918995153949601 -0.0634858055876764 0.018100371222880982 0.0058220049005662635 0.0086331434630408221 0.038075356247622399 0.0014278456278219805 -0.018519229458761315 0.028710060760965658 0.0012451264490750472 -0.072067659503899803 9.1513647026567296e-05 0.018094635904957197 0.026544266585748967 -0.089846151627247697 -0.014609459472526762
leaf_weight=15843.968065196605 35.39671261892363 2239.2911602829117 12706.214907977614 15845.996877825673 3771.4287124742405 10533.873562007619 13104.286475372908 1396.531956164632 0.92318539274856348 62.199053001255379 80.633305657625897 2.6117616710835128 0.53085949679370859 140.16382020522724 0.85458600491983816
leaf_count=503343 13503 12748 142178 265384 75978 72489 212584 14047 445 72874 50730 980 416 228922 1459
internal_value=-1.80458e-05 0.000250089 0.00344042 -0.00164253 0.0132135 -0.00538383 -0.0131707 0.0046321 -0.0616353 -0.0390761 -0.0211252 -0.0673985 -0.0879741 -0.0892279 0.00959687
internal_weight=75764.9 75441.6 48167.6 31690 16477.6 27274 15343.6 11930.4 323.313 180.841 116.03 64.8108 142.472 141.087 1.38545
internal_count=1668080 1298751 986883 768727 218156 311868 225332 86536 369329 138087 64233 73854 231242 229367 1875
is_linear=0
shrinkage=0.1


Tree=94
num_leaves=12
num_cat=0
split_feature=9 38 13 9 2 0 29 3 25 28 18
split_gain=144.097 137.994 210.529 421.798 221.373 142.569 127.309 106.067 43.2248 58.9025 17.1219
threshold=-0.73801609798729284 0.93301270189221963 0.13677215576171903 0.32678617397282955 1.2378464760278851 25.844237180583203 3.4272670763613157e-06 0.19799895908092205 92.250000000000014 0.00015242025256156902 6.0564895629883058
decision_type=2 2 2 2 2 2 2 2 2 2 2
left_child=8 2 3 -2 -4 7 -7 -3 -1 10 -10
right_child=1 5 4 -5 -6 6 -8 -9 9 -11 -12
leaf_value=-0.089925844736116423 0.0099906200845905641 0.055879804532300709 -0.0028943567331322175 -0.048023878525148486 -0.023786140771534701 0.027456827912368406 0.0032422909091262206 -0.0078581452579035756 -0.048829415249316763 -0.09051886087243155 0.081559865844872778
leaf_weight=224.55503777840931 19872.721650472726 271.60992074734531 34492.954627720072 1332.6285877783812 5941.7136492438731 4993.3909488004865 3841.3522481034743 4654.0623771806422 9.0369583906722237 44.263617487653391 45.182812523591565
leaf_count=9494 630697 1797 584872 138357 155662 64540 24097 49895 341 615 9532
internal_value=-1.11663e-06 0.000286586 -0.00173487 0.0063343 -0.00596688 0.00933908 0.0169361 -0.00429043 -0.0661347 -0.0101639 0.0575397
internal_weight=75723.5 75400.4 61640 21205.4 40434.7 13760.4 8834.74 4925.67 323.038 98.4834 54.2198
internal_count=1669899 1649917 1509588 769054 740534 140329 88637 51692 19982 10488 9873
is_linear=0
shrinkage=0.1


Tree=95
num_leaves=16
num_cat=0
split_feature=25 36 4 34 13 28 5 10 1 28 10 18 13 1 0
split_gain=129.628 158.228 151.763 147.691 93.3002 162.435 117.065 89.7006 68.3829 62.1896 45.5803 39.2106 27.6347 33.7565 29.7854
threshold=1669028.0000000002 0.12940952255126006 0.97239307661194807 0.020797729492204351 0.33580780029296903 7.6548010099486405e-05 0.16465516214338602 -0.32486017259654093 297.50000000000006 3.8026018501113861e-05 -1.0914003025065548 12.185365295410152 0.046958923339843757 429.29000000000002 5.4247490065385655
decision_type=2 2 2 2 2 2 2 2 2 2 2 2 2 2 2
left_child=1 4 3 -3 6 -6 -1 8 11 -4 -10 -2 14 -14 -9
right_child=7 2 9 -5 5 -7 -8 12 10 -11 -12 -13 13 -15 -16
leaf_value=0.0059922883761378059 -0.084644712722382429 0.0017471614410153394 -0.047138191543385347 -0.010843197521753951 -0.014036266856211153 0.0099920539712362658 0.024792265969175938 0.045249162959727023 0.0012595415437903915 0.0050064418105226702 0.1661710745435461 -0.009098600609659278 -0.070394913671498208 0.0022811515894522647 -0.075458518807948363
leaf_weight=15225.351981258354 69.838801120349672 28180.539297556461 1081.4240430288337 13913.111308786218 5321.3916614693881 5958.2599331409438 4230.0050048651319 50.77664186124457 31.583477022781153 288.56521448789863 30.89604051221977 863.90726002211159 546.12087543812231 71.945852401899174 27.270361154311104
leaf_count=343105 1947 368953 33900 344339 89513 44437 117554 5821 12265 2620 15506 65892 154459 35728 34024
internal_value=-0.00022522 0.00039982 -0.0034833 -0.00241509 0.00589078 -0.00134496 0.0100851 -0.0275498 -0.00821951 -0.0361765 0.0890783 -0.0151698 -0.054958 -0.0619847 0.00106895
internal_weight=75891 74198.6 43463.6 42093.7 30735 11279.7 19455.4 1692.34 996.226 1369.99 62.4795 933.746 696.114 618.067 78.047
internal_count=1670063 1344421 749812 713292 594609 133950 460659 325642 95610 36520 27771 67839 230032 190187 39845
is_linear=0
shrinkage=0.1


Tree=96
num_leaves=9
num_cat=0
split_feature=10 24 32 22 4 1 29 2
split_gain=125.731 126.804 122.535 222.295 188.024 76.488 96.9761 52.7372
threshold=33.153807556851909 -21677.999999999996 15112.500000000002 -270.56670989990249 -0.99987154017421087 1015.1400000000001 5.6469050946361659e-06 4.9236000685202406
decision_type=2 2 2 2 2 2 2 2
left_child=1 2 3 -1 -4 6 -3 -7
right_child=-2 5 4 -5 -6 7 -8 -9
leaf_value=-0.0013240343506646459 -0.09849143093423357 -0.032036606240890136 0.030148756672671525 0.015734878965962706 -0.0070265077449346049 -0.025533222210391573 0.03322264105370739 0.06533986782512978
leaf_weight=30628.674902221421 124.40867112010892 248.08980364026502 1419.6341031959455 10171.723495399259 30278.728289947074 486.67045905720443 2353.2229439564981 68.547581886872649
leaf_count=912145 20076 1398 13536 112245 597531 2434 11610 528
internal_value=-6.91645e-06 0.000161531 -0.000693322 0.00293024 -0.00535709 0.0197657 0.0269493 -0.0138309
internal_weight=75779.7 75655.3 72498.8 40800.4 31698.4 3156.53 2601.31 555.218
internal_count=1671503 1651427 1635457 1024390 611067 15970 13008 2962
is_linear=0
shrinkage=0.1


Tree=97
num_leaves=16
num_cat=0
split_feature=5 5 22 22 0 11 16 5 28 11 18 20 13 2 13
split_gain=125.536 407.082 275.285 126.004 340.391 129.413 122.843 221.085 109.064 80.043 69.8362 66.4689 48.5079 43.5643 30.4456
threshold=0.5948670522144861 0.44416885358216002 -272.12631072998039 -269.26686706542944 1.0280286806082553 76.408663835231422 2.2130813598632804 0.63736103521905119 0.00072707980871200562 0.5331437003811762 7.3245788574219004 3.3892517089843404 0.21007537841796903 1.6051463670831052 0.12526702880859403
decision_type=2 2 2 2 2 2 2 2 2 2 2 2 2 2 2
left_child=1 3 6 5 -5 -1 10 -8 9 -3 -2 14 -13 -10 -4
right_child=2 8 11 4 -6 -7 7 -9 13 -11 -12 12 -14 -15 -16
leaf_value=-0.0019436157322702383 -0.0093976195476944691 -0.040024223203357356 0.034991225366904959 -0.11307670408381572 0.016174374167274696 0.035278265775601961 0.16224633074118225 -0.014458748503319137 0.036835680381441825 -0.09010039501115652 0.045959108504948165 -0.068031570154151899 -0.0034268771229442811 -0.08769436094464067 -0.0048793308720767063
leaf_weight=62527.853772736416 287.47520065374556 723.33162510975671 231.57432596571743 204.81993747130036 7101.0475979008188 943.24192966381088 207.64370757748839 104.99878058706236 167.14867916511139 588.49854892370058 1067.3986451862293 274.70430323986511 199.79175154896802 28.697853195713833 1001.3617726848461
leaf_count=1344280 2366 35604 1783 1720 130619 17638 9110 11438 1306 37360 39416 21379 4544 1121 8216
internal_value=-0.000172226 -0.00105294 0.0186646 4.4116e-05 0.012476 -0.00138773 0.0475022 0.103608 -0.0523835 -0.0627456 0.0342222 -0.00955534 -0.0411484 0.0168592 0.00272038
internal_weight=75659.6 72284.6 3374.95 70777 7305.87 63471.1 1667.52 312.642 1507.68 1311.83 1354.87 1707.43 474.496 195.847 1232.94
internal_count=1667900 1569648 98252 1494257 132339 1361918 62330 20548 75391 72964 41782 35922 25923 2427 9999
is_linear=0
shrinkage=0.1


Tree=98
num_leaves=16
num_cat=0
split_feature=20 34 18 0 0 26 31 2 20 33 2 7 31 0 0
split_gain=128.959 129.314 155.229 508.317 132.258 123.182 82.6262 51.5115 9.83146 7.27103 5.5728 4.96361 0.879812 0.726756 0.091408
threshold=16.967727661132852 -1.5186004638672048 9.2885604858398665 25.844237180583203 2.1281957605830604 20530.500000000004 142358.00000000003 1.3674450075548703 20.523353576660153 -7.1421051025390794 4.0071144863697555e-16 -0.71306136831662092 -0.98449707031249989 5.4247490065385655 146.23933569612802
decision_type=2 2 2 2 2 2 2 2 2 2 2 2 2 2 2
left_child=1 5 3 -3 -4 6 -1 -7 9 11 -11 -2 14 -14 -10
right_child=8 2 4 -5 -6 7 -8 -9 12 10 -12 -13 13 -15 -16
leaf_value=0.033355006557240184 0.061226388559462809 -0.033624253647693496 0.015667979040293146 0.00077438907595639081 0.00011692954600420241 0.003167404702494154 -0.014592812623509865 -0.039579672006896743 -0.008608477596634077 -0.0072496338260766794 -0.066862345643203036 -0.028856091762339098 -0.013795402666137213 -0.092541851329787511 0.0097055605439451634
leaf_weight=2837.5901266111614 6.1564145924057803 5724.2168752883881 6315.4589639032201 17170.231740101066 40594.834498183525 1984.7256722799502 408.54239222890465 323.45950489095412 0.47021998921991226 20.578337865415961 85.004209181090118 9.0115524000866554 3.1146097342134444 126.30843871948309 0.46340834349393845
leaf_count=31496 4948 69468 55268 205755 873806 40919 42619 11945 579 2513 89881 8292 3141 226879 477
internal_value=-0.000154261 8.64818e-05 -0.00108243 -0.00783164 0.00221199 0.0147647 0.0273074 -0.0028956 -0.0709942 -0.0471137 -0.0560968 0.0138213 -0.0905573 -0.0912304 0.00100026
internal_weight=75610.2 75359.1 69804.7 22894.4 46910.3 5554.32 3246.13 2308.19 251.107 120.751 105.583 15.168 130.357 129.423 0.933628
internal_count=1667986 1331276 1204297 275223 929074 126979 74115 52864 336710 105634 92394 13240 231076 230020 1056
is_linear=0
shrinkage=0.1


Tree=99
num_leaves=16
num_cat=0
split_feature=23 15 36 8 26 38 29 1 22 30 22 4 7 4 14
split_gain=113.568 125.358 121.906 218.418 116.928 230.495 116.21 122.666 102.731 69.8043 66.5416 49.5361 43.0116 37.398 15.6057
threshold=19.915934614398353 -3.3898239135742196 0.25881904510252057 0.89104622525418209 158933.25000000003 -0.25000000000000006 1.9073486612342107e-06 936.25500000000011 -272.52586212158144 -0.00016937823966145496 -272.97281494140594 0.70590370060003405 -0.41069844579395748 0.84600658332233414 13.641923522949201
decision_type=2 2 2 2 2 2 2 2 2 2 2 2 2 2 2
left_child=1 10 9 -4 6 8 12 -8 -6 -3 14 -12 -2 -7 -1
right_child=4 2 3 -5 5 13 7 -9 -10 -11 11 -13 -14 -15 -16
leaf_value=-0.008379640606086777 -0.027548286402275718 -0.016531932453619357 -0.0027606767355480839 -0.11226817732151384 0.019204352502177825 -0.036058560576322417 -0.0089160819563318134 0.12083500247389095 0.15602895653756141 0.0060358314689554597 0.022085216207185478 0.090515856580550225 -0.058182743419515529 0.016507340516011711 0.067991543523017631
leaf_weight=220.63831385131925 1081.2765163738804 1430.0914796955039 39508.606011647629 177.98615167109529 95.582110526869656 394.62424325886241 453.14358813325816 81.699738466544659 129.03847939865955 30608.980665669849 173.35775816487148 283.77767470502295 814.70438855535758 201.03878528205678 25.356185837183148
leaf_count=1992 246343 50439 520031 3578 9417 26002 30411 5863 9716 461045 1207 2089 296921 4462 166
internal_value=3.02569e-05 0.000851528 0.000438141 -0.00326588 -0.0182394 0.0143427 -0.0292411 0.0118396 0.0994924 0.00502608 0.0427199 0.0650849 -0.0408303 -0.0183276 0.000690039
internal_weight=75679.9 72428.8 71725.7 39686.6 3251.11 820.284 2430.82 534.843 224.621 32039.1 703.13 457.135 1895.98 595.663 245.994
internal_count=1669682 1040547 1035093 523609 629135 49597 579538 36274 19133 511484 5454 3296 543264 30464 2158
is_linear=0
shrinkage=0.1


Tree=100
num_leaves=13
num_cat=0
split_feature=2 38 18 1 1 5 32 21 1 28 16 37
split_gain=105.06 102.318 135.723 207.071 136.082 117.205 86.4666 64.592 34.6328 61.086 29.7238 14.3896
threshold=8.6013582708233418 0.93301270189221963 13.343614196777351 6.0000000000000009 1150.1350000000002 0.83803708626769369 1964.5000000000002 0.27029299800551904 2062.5000000000005 0.00013895332813262953 0.60192871093750011 -0.68301270189221885
decision_type=2 2 2 2 2 2 2 2 2 2 2 2
left_child=1 2 4 -4 -1 6 -3 -7 -2 11 -11 -10
right_child=8 5 3 -5 -6 7 -8 -9 9 10 -12 -13
leaf_value=-0.0069832843765963229 -0.097913173865450898 0.022737112004306892 -0.044764176986299892 0.0061832766477261797 0.0158925443820544 0.049394902240863403 0.0027757441244273336 0.18202604045187495 0.002449132834800926 0.10388569695566206 -0.011532353396940831 -0.077089381928562364
leaf_weight=35063.972464773389 113.51027161582897 2713.1831364453828 821.92456123366719 22648.162371632578 2804.0231307446957 166.7844256311655 10770.264196130331 44.688425649568671 26.437538068799768 32.916830126632703 52.095764013880398 145.54502775754372
leaf_count=467353 20133 44547 61100 912284 51348 947 91919 1059 4189 427 926 11502
internal_value=-0.000103551 0.000160492 -0.00158453 0.00438994 -0.00528752 0.00797398 0.00679937 0.0809795 -0.0528663 -0.031481 0.0364457 -0.0651388
internal_weight=75403.5 75033 61338.1 23470.1 37868 13694.9 13483.4 211.473 370.505 256.995 85.0126 171.983
internal_count=1667734 1630557 1492085 973384 518701 138472 136466 2006 37177 17044 1353 15691
is_linear=0
shrinkage=0.1


Tree=101
num_leaves=16
num_cat=0
split_feature=14 24 34 22 13 14 8 24 2 21 5 2 2 25 2
split_gain=117.846 262.171 102.736 153.854 134.187 150.608 122.023 111.004 98.1111 94.9246 90.0384 91.3724 80.6659 42.4413 35.2112
threshold=3.3854919433593955 -227006.99999999997 -0.79727172851562933 -272.47932281494144 0.072242736816406264 17.014329528808606 -0.17932717765221998 -21677.999999999996 4.0071144863697555e-16 0.10737448189127251 -0.7609950559902553 0.74232688855659812 4.0071144863697555e-16 1.0000000180025095e-35 1.7040532126065603e-14
decision_type=2 2 2 2 2 2 2 2 2 2 2 2 2 2 2
left_child=1 8 3 14 5 -4 -5 -6 13 -10 11 -3 -12 -1 -2
right_child=2 10 4 6 7 -7 -8 -9 9 -11 12 -13 -14 -15 -16
leaf_value=0.071639887972382285 -0.038417273716577986 0.11738339321685205 -0.023075953106809183 0.027068308435928598 8.5957864383132322e-05 0.028900178539419182 0.0040992995247260402 0.021363248707492181 -0.0044771823394611351 -0.039934652488085365 0.069134003945750006 -0.002702111601818713 -0.0014445418021138124 -0.028743154220956635 -0.0056543731917486767
leaf_weight=131.67140886827838 369.1460523440619 129.42233465635218 4206.7820384527076 4880.6906822999299 44071.308012122063 638.19000138818228 4396.1523263329073 2591.3653588103989 985.32197771593928 3244.703170290275 160.83074324923655 119.44575212855125 6890.8088430360367 57.604385107464623 2685.3551781265342
leaf_count=2246 29636 787 151104 45602 775202 12127 57031 13127 12190 361039 1121 2474 85406 3637 117182
internal_value=-0.000104759 -0.00931973 0.00158756 0.00978435 -0.000375579 -0.0162068 0.0161917 0.00126973 -0.0285283 -0.0316904 0.00231961 0.0608296 0.000213028 0.0411357 -0.00967019
internal_weight=75558.8 11719.8 63839 12331.3 51507.6 4844.97 9276.84 46662.7 4419.3 4230.03 7300.51 248.868 7051.64 189.276 3054.5
internal_count=1669911 468900 1201011 249451 951560 163231 102633 788329 379112 373229 89788 3261 86527 5883 146818
is_linear=0
shrinkage=0.1


Tree=102
num_leaves=15
num_cat=0
split_feature=9 9 1 22 16 16 30 36 21 16 30 17 22 22
split_gain=125.884 112.747 285.14 135.616 115.649 105.791 69.8822 43.3057 34.5733 28.7818 23.0746 2.70903 1.25848 0.210806
threshold=-0.73801609798729284 0.62541932004034761 6.0000000000000009 -272.92661895751945 -1.1660919189453149 0.054450988769531257 -2.7374771889299144e-05 0.12940952255126006 0.11381044877700501 0.74362945556640658 -6.7400047555565834e-05 1.5115674403102053 -268.7841323852544 -268.14140930175796
decision_type=2 2 2 2 2 2 2 2 2 2 2 2 2 2
left_child=7 2 5 9 -4 -2 -5 8 11 -3 -10 -1 -9 -14
right_child=1 3 4 6 -6 -7 -8 12 10 -11 -12 -13 13 -15
leaf_value=-0.035094540016903153 -0.004633857338249509 0.016283776522583383 -0.0086167174356552873 -0.014384984201856237 0.0024431297995650436 -0.049425030354383177 0.063431555743585916 -0.095869038946481688 -0.063038725363706347 -0.037239133174122294 0.072726451686628973 -0.090581915428951734 -0.019631253225346024 -0.058322878629409894
leaf_weight=26.811706034466624 791.98444203780673 156.78479634484393 11214.699015567763 134.48755827645073 60094.20635435966 1579.5118427760608 743.73496356664691 171.56852599716512 12.537707941883125 263.73944754494005 44.064040141616715 25.918864754028618 9.5467904416145775 13.094810391587087
leaf_count=276 19310 2024 197652 944 1346103 66096 7770 7231 3757 9096 5901 221 969 1501
internal_value=-0.000178827 8.34746e-05 -0.000432304 0.029234 0.000703274 -0.0345078 0.0515011 -0.0639224 -0.0127209 -0.0173272 0.0399777 -0.0678515 -0.091704 -0.0485107
internal_weight=75282.7 74979.1 73680.4 1298.75 71308.9 2371.5 878.223 303.542 109.332 420.524 56.6017 52.7306 194.21 22.6416
internal_count=1668851 1648995 1629161 19834 1543755 85406 8714 19856 10155 11120 9658 497 9701 2470
is_linear=0
shrinkage=0.1


Tree=103
num_leaves=15
num_cat=0
split_feature=20 3 3 4 3 13 1 2 1 12 11 2 12 13
split_gain=113.945 128.581 356.334 264.681 252.231 180.518 319.566 306.464 111.492 134.849 82.8178 64.7953 33.5395 24.6473
threshold=0.37387084960935507 0.52549714510367762 0.28082835548936952 0.95707444545738707 0.30704533600079054 0.13677215576171903 6.0000000000000009 0.95323915687700922 15.875000000000002 -4.5057425168190539 -6.027439057739624 1.3605174388360404 -13.432705474561748 0.34770965576171903
decision_type=2 2 2 2 2 2 2 2 2 2 2 2 2 2
left_child=8 2 3 -2 -4 6 -3 -7 9 12 -10 -12 -1 -11
right_child=1 5 4 -5 -6 7 -8 -9 10 13 11 -13 -14 -15
leaf_value=0.032231953564830225 0.0022680081691290256 -0.093464211479684256 -0.10626632468581432 0.079578601537194746 -0.016194862839679691 0.0049694330314767124 0.013604323523675341 -0.016616848515938001 -0.097232169808159394 0.11748389344543164 0.014305959304648997 -0.015308551752592939 -0.017302587537386126 0.044866629339717051
leaf_weight=558.97219565138221 12512.885261614334 279.55510884390969 313.90682156525145 454.10058519156883 12722.232278286414 19514.461944124909 13832.181886711871 9914.2517149223859 70.103902034461498 216.91424185385404 3838.7980889081955 910.25809970730916 176.87452046573162 70.27654143050313
leaf_count=2718 318603 36698 19411 13305 378159 268940 378867 222138 340 1236 19026 8240 1152 341
internal_value=-4.11276e-05 -0.00116833 -0.00673173 0.00500504 -0.0184037 0.00215462 0.0114509 -0.00230437 0.0133663 0.0432667 0.00698058 0.00861957 0.020289 0.100786
internal_weight=75385.8 69543.6 26003.1 12967 13036.1 43540.5 14111.7 29428.7 5842.2 1023.04 4819.16 4749.06 735.847 287.191
internal_count=1669174 1636121 729478 331908 397570 906643 415565 491078 33053 5447 27606 27266 3870 1577
is_linear=0
shrinkage=0.1


Tree=104
num_leaves=16
num_cat=0
split_feature=34 35 16 28 16 4 3 3 3 34 27 11 0 26 35
split_gain=109.948 116.308 116.077 105.681 195.468 163.332 137.448 114.026 106.848 86.6665 73.1108 54.2643 52.2571 19.7498 12.7552
threshold=-1.8336410522460898 0.37940952255126054 0.39262390136718756 0.00039922446012496954 -1.1938047409057597 -0.5605992154332019 0.16393709637383153 1.3578142080753253 1.0109877841948702 -3.2553863525390696 -1.7031561583280549e-06 -0.022449189823836611 146.23933569612802 210456.75000000003 0.91597561503675362
decision_type=2 2 2 2 2 2 2 2 2 2 2 2 2 2 2
left_child=1 10 9 4 7 -6 12 -2 -8 -3 13 -12 -5 -1 -4
right_child=3 2 14 6 5 -7 8 -9 -10 -11 11 -13 -14 -15 -16
leaf_value=-0.025726645649233045 -0.011141509109687444 0.14921080686676874 0.00820391523929552 -0.010556174797493365 0.0066513221485437861 -0.0044473845767333499 0.021243588655536143 -0.042266824792918725 -0.0018177015709437681 0.047546007198081108 0.037847661944194838 -0.0060229088204020592 -0.064715617139649781 0.027613991079840413 -0.027442242430154251
leaf_weight=746.61974987512076 5610.4987737041374 88.780624126069597 256.27045324812207 460.73234497793601 21898.977384673461 33592.673841210664 5512.0737724703504 1486.7052026743622 3158.5589984998514 951.85454358241986 625.1255232002004 508.08615179242042 288.0053377065924 72.401351529362728 158.33503445913084
leaf_count=105338 107391 8021 17238 2882 436280 847965 33727 46302 21353 20016 6335 7686 1655 3539 3554
internal_value=0.000251066 0.01779 0.0391366 -0.000580067 -0.00206644 -6.72359e-05 0.00929226 -0.0176867 0.0128466 0.0568914 0.00181849 0.0182378 -0.03168 -0.0208724 -0.0055739
internal_weight=75415.7 3407.47 1455.24 72008.2 62588.9 55491.7 9419.37 7097.2 8670.63 1040.64 1952.23 1133.21 748.738 819.021 414.605
internal_count=1669282 171727 48829 1497555 1437938 1284245 59617 153693 55080 28037 122898 14021 4537 108877 20792
is_linear=0
shrinkage=0.1


Tree=105
num_leaves=15
num_cat=0
split_feature=0 14 0 21 15 11 11 28 23 21 24 15 37 26
split_gain=113.883 104.093 210.728 157.833 100.732 249.064 141.611 70.9527 69.3443 17.4771 13.0875 16.9335 9.16597 8.68081
threshold=0.83839628629263818 2.8287826538086152 25.844237180583203 0.18167553793558253 -0.32507801055908242 10.273867960275421 76.408663835231422 4.3608248233795159e-05 0.64608968888951912 0.084808754252473709 -137985.49999999997 -0.32507801055908242 -0.93301270189221941 231092.50000000003
decision_type=2 2 2 2 2 2 2 2 2 2 2 2 2 2
left_child=7 2 8 -4 5 -3 -6 10 -2 -9 12 -12 -1 -11
right_child=1 4 3 -5 6 -7 -8 9 -10 13 11 -13 -14 -15
leaf_value=-0.010437300699637213 0.041090022437544532 0.0097944085238927826 0.0058537771006001819 -0.02165857407991293 -0.0013532026045150831 -0.043369982577700195 0.058403620978125827 0.05274309134074219 -0.061452106039569611 0.0062952979336886985 0.0056422933123304467 -0.058887050179671566 -0.077525184104034459 -0.054590540701049829
leaf_weight=23.687561215512687 67.91201269836165 20895.442623343763 5678.224378101062 3288.8755739437474 42410.341848643635 915.08718284935458 395.31500940717524 65.004227353259921 873.01145957033441 80.079645919264294 61.057605754118413 112.08774662959331 290.27691882725048 27.610140292905271
leaf_count=1266 565 359708 57530 315986 820790 34737 5373 368 53182 1303 758 1760 13932 215
internal_value=0.000192703 0.000560245 -0.00898132 -0.00424341 0.0020239 0.0075544 -0.000794585 -0.0410127 -0.053873 0.0137744 -0.0603789 -0.0366119 -0.0727066 -0.0110445
internal_weight=75184 74524.2 9908.02 8967.1 64616.2 21810.5 42805.7 659.804 940.923 172.694 487.11 173.145 313.964 107.69
internal_count=1667473 1647871 427263 373516 1220608 394445 826163 19602 53747 1886 17716 2518 15198 1518
is_linear=0
shrinkage=0.1


Tree=106
num_leaves=14
num_cat=0
split_feature=9 28 7 13 13 4 4 35 19 33 19 21 14
split_gain=123.934 105.127 111.558 142.238 110.407 45.9835 43.0228 33.4201 26.2375 15.9091 12.1033 10.1199 16.7516
threshold=-0.73801609798729284 0.0029265731573104802 0.95643381199947008 0.23105621337890653 0.34525299072265653 -0.93149958394697085 -0.99338121897483989 0.91597561503675362 285.71041870117205 -1.0303955078125149 285.3937301635745 0.11381044877700501 10.290437316894552
decision_type=2 2 2 2 2 2 2 2 2 2 2 2 2
left_child=7 2 4 -4 -2 6 -3 9 -7 10 -1 -9 -13
right_child=1 5 3 -5 -6 8 -8 11 -10 -11 -12 12 -14
leaf_value=-0.056222491804843969 0.0032396252600657288 0.032879775446296423 -0.043473240879647441 -0.0013223636981957757 -0.0055080670869938932 0.029662712832839739 -0.087667432151705305 -0.037626719518323054 0.070075347107723271 -0.090608567555162473 0.055285030838605642 0.079149170323510626 -0.056166705197655875
leaf_weight=18.384128334466372 50492.929002391968 54.91045268252492 1315.9379589620512 2033.0987383005704 20194.389495684991 718.67925499472767 54.580465484992601 29.408558962866664 209.2490543682361 204.51640719496936 11.800325643635004 22.905056651128689 9.3777333610923943
leaf_count=735 1291495 248 88396 29074 234928 3695 239 351 1080 12218 4928 1525 302
internal_value=8.19527e-05 0.000338853 -0.000105155 -0.0179248 0.000740318 0.0318744 -0.0284164 -0.0639149 0.0391025 -0.0808086 -0.0109681 0.00159587 0.0375807
internal_weight=75370.2 75073.8 74036.4 3349.04 70687.3 1037.42 109.491 296.392 927.928 234.701 30.1845 61.6913 32.2828
internal_count=1669214 1649155 1643893 117470 1526423 5262 487 20059 4775 17881 5663 2178 1827
is_linear=0
shrinkage=0.1


Tree=107
num_leaves=9
num_cat=0
split_feature=10 28 6 6 14 35 32 4
split_gain=97.7323 101.017 180.799 404.134 179.601 138.714 177.255 153.905
threshold=33.153807556851909 0.00056532919401774961 0.088008819326170815 0.23068981453291851 -2.2142929077148197 0.12940952255126059 141009.87500000003 -0.99505885887760437
decision_type=2 2 2 2 2 2 2 2
left_child=1 5 4 -4 -3 7 -7 -1
right_child=-2 2 3 -5 -6 6 -8 -9
leaf_value=-0.043290532196294237 -0.097092658285390626 0.13128303313615661 -0.065422071628890049 0.024822333138953576 0.016479217991398235 0.00060622180026976235 0.031137736210211125 -0.0057131308390481654
leaf_weight=1142.0351880018134 98.894005576512427 134.61857999383938 891.94199808759731 1106.4942247105064 5926.5162411762867 42004.712050667738 1986.6932045763242 21970.339651911425
leaf_count=45837 20164 880 7204 7211 32627 690245 41294 823991
internal_value=-0.000170336 -3.63631e-05 0.0105382 -0.0155183 0.0191351 -0.00130713 0.00198844 -0.00757888
internal_weight=75262.2 75163.4 8059.57 1998.44 6061.13 67103.8 43991.4 23112.4
internal_count=1669453 1649289 47922 14415 33507 1601367 731539 869828
is_linear=0
shrinkage=0.1


Tree=108
num_leaves=16
num_cat=0
split_feature=10 3 10 29 10 2 2 22 1 20 32 29 23 22 20
split_gain=103.37 117.808 281.603 311.449 251.135 166.684 369.207 128.333 35.7236 121.058 63.2308 40.7916 67.4838 49.7382 17.4302
threshold=-1.5601507828525649 0.67413614826045809 0.24167150795252154 2.9031804331225403e-05 -0.40408104827587693 1.3605174388360404 1.9779169174107452 -267.62629547119144 246.50000000000003 10.191955566406252 -2128.4999999999995 4.2845121583923158e-07 1.8766628036663553 -270.56670989990249 2.0860137939453356
decision_type=2 2 2 2 2 2 2 2 2 2 2 2 2 2 2
left_child=8 2 4 -4 -2 7 -7 -3 9 14 -11 12 -10 -13 -1
right_child=1 5 3 -5 -6 6 -8 -9 11 10 -12 13 -14 -15 -16
leaf_value=-0.10846647198273694 -0.022994246253314244 0.0057142784791873527 -0.039114641089989993 0.012953359143613969 0.0045136468081003614 -0.046286712222493406 0.0030581719973965522 0.043125917052266649 0.0087780122456864885 -0.030344101050131862 0.38489085009834234 -0.014197739310604682 -0.069311095984756432 0.065731381503286973 -0.049708530990161676
leaf_weight=103.84883224591613 3933.8353130871401 34045.532800740766 4080.114991281218 1595.3986936270594 21081.736559483681 2010.8143352985935 6116.9717035110152 937.45287305815145 169.35892249568133 5.0263064769242174 4.0641668994212523 588.49556819090503 308.85126898283488 84.622940308763646 124.5531286757905
leaf_count=558 125356 519151 190441 18198 510172 92851 150410 12195 1963 4117 795 9096 29530 999 2745
internal_value=-0.000154726 0.000354781 -0.00438003 -0.0244797 0.00018415 0.00372567 -0.0091707 0.00672283 -0.027134 -0.0621127 0.226002 -0.0196813 -0.041851 -0.00373866 -0.0781756
internal_weight=75190.7 73801.9 30691.1 5675.51 25015.6 43110.8 8127.79 34983 1388.82 237.492 9.09047 1151.33 478.21 673.119 228.402
internal_count=1668577 1618774 844167 208639 635528 774607 243261 531346 49803 8215 4912 41588 31493 10095 3303
is_linear=0
shrinkage=0.1


Tree=109
num_leaves=16
num_cat=0
split_feature=23 15 32 32 37 0 13 32 13 1 20 37 23 15 19
split_gain=100.669 98.7527 131.654 130.684 154.108 148.966 61.337 44.819 64.6115 58.3272 37.409 31.4363 26.6065 13.0967 3.51253
threshold=32.949360038439359 -3.0499801635742196 145096.50000000003 16702.500000000004 -0.68301270189221885 16.702063128167403 0.24080657958984403 194220.50000000003 0.21007537841796903 1150.1350000000002 12.230743408203152 0.68301270189221963 6.0284814156067359 5.4041137695312509 288.57082366943354
decision_type=2 2 2 2 2 2 2 2 2 2 2 2 2 2 2
left_child=1 2 12 4 -3 -5 -4 9 11 13 -11 -9 -1 -2 -10
right_child=7 3 6 5 -6 -7 -8 8 14 10 -12 -13 -14 -15 -16
leaf_value=0.033289296275282279 -0.059427004259001041 -0.0087544140588907936 0.075884471721214292 0.0038046084989194675 0.0061981389078897796 -0.010845118928511669 0.020719526878041222 0.030790322154179452 -0.060762934269813801 0.11356652544617146 -0.02798568018847334 0.16700668035357491 -0.016722098060529666 0.019426686945764333 0.0094955088695547821
leaf_weight=126.73536995655741 570.52747274045396 8618.3278396662281 467.40740179619752 11017.721436887397 34347.873784224037 18745.030500266024 360.27793599560391 86.020737941624247 76.832189777574968 30.25778935442213 36.384114209009567 17.244405144148914 550.41272326052422 19.634247591588064 6.4272560446552225
leaf_count=814 333455 186937 3632 114692 568663 402335 3553 8888 5307 1923 27868 2417 7047 929 982
internal_value=-0.000195608 0.000195814 0.0255091 -0.00032966 0.00319823 -0.00542228 0.0521407 -0.0344486 0.00863422 -0.0466564 0.0397245 0.0601996 -0.00718655 -0.0566624 -0.0551086
internal_weight=75077.1 74233.8 1504.83 72729 42966.2 29762.8 827.685 843.328 186.525 656.804 66.6419 103.265 677.148 590.162 83.2594
internal_count=1669442 1287673 15046 1272627 755600 517027 7185 381769 17594 364175 29791 11305 7861 334384 6289
is_linear=0
shrinkage=0.1


Tree=110
num_leaves=16
num_cat=0
split_feature=23 13 24 6 3 38 8 3 29 16 3 17 4 24 22
split_gain=91.797 108.118 197.738 200.142 185.533 293.738 230.832 126.226 46.175 54.9472 58.9086 46.6835 23.3574 18.7028 10.7518
threshold=0.23435916084442351 0.32086944580078153 -174201.74999999997 -0.25652945991559345 0.16393709637383153 0.25000000000000011 -0.022430804552578697 0.16960768470743651 5.5682659146683056e-05 -0.36767578124999994 2.6469230712248404 1.5115674403102053 -0.99338121897483989 -21677.999999999996 -271.55235137939445
decision_type=2 2 2 2 2 2 2 2 2 2 2 2 2 2 2
left_child=8 4 3 -3 5 -2 -6 -4 11 13 -11 12 -1 -10 -13
right_child=1 2 7 -5 6 -7 -8 -9 9 10 -12 14 -14 -15 -16
leaf_value=-0.024210093798164609 -0.037215431056014263 -0.040089745229993971 -0.025754525705163036 -0.0081296059929817418 0.0057264726456535886 0.03636034793099345 -0.0094419730571548011 0.0040819641024259484 0.0091033611925078316 -0.027213010072862906 0.032313501909365133 -0.0025159634012699465 0.031338144404058708 0.047142065226729514 -0.050865449659008792
leaf_weight=75.298670609248802 654.50136207055039 2769.3122505887877 1579.6943951956928 6682.902878791625 27375.637117232116 3072.6860081902414 15829.565047934935 13468.912145677488 272.76290807407349 698.18629828840494 213.14211800973862 110.02380339894444 1914.3070021891472 245.92182679288089 74.720526782795787
leaf_count=406 77922 57567 11147 137667 635374 43464 586323 99244 1569 3382 1841 683 10628 1183 431
internal_value=-8.36511e-06 -0.000794497 -0.00617831 -0.0175095 0.00201645 0.0234077 0.000168593 0.00094243 0.0155511 0.00158233 -0.0131906 0.0247134 0.0291804 0.0274164 -0.0228962
internal_weight=75037.6 71433.2 24500.8 9452.22 46932.4 3727.19 43205.2 15048.6 3604.36 1430.01 911.328 2174.35 1989.61 518.685 184.744
internal_count=1668831 1648708 305625 195234 1343083 121386 1221697 110391 20123 7975 5223 12148 11034 2752 1114
is_linear=0
shrinkage=0.1


Tree=111
num_leaves=13
num_cat=0
split_feature=9 1 24 22 4 5 28 20 22 18 28 4
split_gain=95.9711 181.755 254.724 128.418 188.332 117.735 113.577 102.368 77.1924 63.8253 17.6541 14.2526
threshold=0.62541932004034761 6.0000000000000009 -181393.99999999997 -268.7841323852544 -0.76574417806518735 0.5948670522144861 0.0010110996663570352 3.6853637695312007 -272.70349731445344 12.110543823242201 5.1721930560688659e-06 -0.50596267033040987
decision_type=2 2 2 2 2 2 2 2 2 2 2 2
left_child=1 2 11 5 -5 -3 7 8 -2 -4 -9 -1
right_child=6 3 9 4 -6 -7 -8 10 -10 -11 -12 -13
leaf_value=-0.021479240263173455 0.0127469749133877 -0.0015683253522540954 0.016968088184738387 0.043710982995725373 0.0030641792705913612 0.018393209476081692 -0.075203425823034312 -0.054676699669896939 0.067461762420195123 -0.030434131438850216 0.054822694377084508 -0.070282005954810892
leaf_weight=69.933369096266688 431.27665804512799 63013.87898338028 846.75868482284568 1632.9949903115776 3751.512644231887 3095.0742448846067 96.168468365445733 129.41420966506121 646.67020082008094 421.18089208099991 12.50341512612067 896.6697183501019
leaf_count=17206 4141 1366669 8096 18948 93156 86089 433 9446 5136 6233 463 53551
internal_value=0.000177522 -0.00030113 -0.0283533 0.000577568 0.0154205 -0.00063245 0.0268926 0.0352156 0.0457308 0.00116445 -0.043492 -0.0668798
internal_weight=75044 73728 2234.54 71493.5 5384.51 66109 1316.03 1219.86 1077.95 1267.94 141.918 966.603
internal_count=1669567 1649948 85086 1564862 112104 1452758 19619 19186 9277 14329 9909 70757
is_linear=0
shrinkage=0.1


Tree=112
num_leaves=16
num_cat=0
split_feature=27 15 22 15 18 1 37 3 21 6 29 27 1 14 3
split_gain=93.8223 117.255 169.092 93.2525 85.323 188.915 148.214 80.6538 40.2978 37.3887 26.8302 25.4547 23.2291 12.2773 6.51722
threshold=-0.00015189219266176248 -3.0499801635742196 -272.54922332763698 1.9027619361877453 14.035920715332052 464.32500000000005 -0.86602540378443849 0.7733055817616401 0.17815346775409255 0.091262243882056157 2.6486814022064202e-05 -0.00026818038895726193 1150.1350000000002 10.999909973144552 1.4276980125726653
decision_type=2 2 2 2 2 2 2 2 2 2 2 2 2 2 2
left_child=3 2 8 11 6 -6 -3 -4 -2 10 -5 14 -13 -11 -1
right_child=1 4 7 9 5 -7 -8 -9 -10 13 -12 12 -14 -15 -16
leaf_value=-0.071053066097660836 0.030959663156204548 -0.025936779523393485 -0.067195036070693243 -0.039462015150587074 0.0069455320867497679 -0.049877417909775366 -0.001388099721368702 0.08363701747506172 -0.0089727864871496678 -0.061139560117772766 0.014838178524804525 -0.030729877213688257 0.027314813079403907 0.00071700163699912715 -0.032870927734362766
leaf_weight=197.13229583724024 376.06303609721363 2585.7785988524556 34.550180400627141 95.700683780058171 18706.175530557899 599.01341641860927 48523.361813633492 488.58547831352917 745.85517912131763 104.01996898276411 956.70642877038335 1344.0397885068815 68.930706102022668 45.307463559496682 75.094523757506977
leaf_count=34488 2620 42246 5573 14085 660475 147405 606605 6117 21878 6311 9747 93256 6025 1689 9852
internal_value=-0.00058446 0.000124313 0.0264747 -0.0182454 -0.000493135 0.00516994 -0.00263251 0.0731336 0.00449041 0.00303858 0.00973714 -0.0333874 -0.0278119 -0.0429565 -0.0613032
internal_weight=74946.3 72059.4 1645.05 2886.93 70414.3 19305.2 51109.1 523.136 1121.92 1201.73 1052.41 1685.2 1412.97 149.327 272.227
internal_count=1668372 1492919 36188 175453 1456731 807880 648851 11690 24498 31832 23832 143621 99281 8000 44340
is_linear=0
shrinkage=0.1


Tree=113
num_leaves=16
num_cat=0
split_feature=3 10 28 3 13 28 3 13 2 2 12 0 12 11 0
split_gain=96.9501 255.158 267.713 257.224 320.719 146.759 142.006 136.703 262.175 347.803 239.174 327.252 315.136 144.092 134.867
threshold=0.64525471776438859 0.24167150795252154 4.1760504245758057e-05 0.33239192290658309 0.36872100830078153 0.00020113216132244851 0.25525631055788556 0.13677215576171903 1.3674450075548703 1.9779169174107452 -3.8805259417763893 86.915550849595107 -25.067894747072746 -3.5544341151476897 78.90464934985097
decision_type=2 2 2 2 2 2 2 2 2 2 2 2 2 2 2
left_child=1 3 14 4 -1 -5 -4 10 13 -10 12 -12 -2 -9 -3
right_child=7 2 6 5 -6 -7 -8 8 9 -11 11 -13 -14 -15 -16
leaf_value=0.019144970811505416 0.015160451150103392 -0.025356938483414873 0.046448205062540535 -0.014989161033801683 -0.018745844270948629 0.016564017279321965 -0.014941326452434074 -0.014216771638740437 -0.078856558483744121 -0.0087119698421441131 0.035359094520322647 -0.068621021242661479 -0.025197329116432205 0.0065610362254893764 -0.066422548480866442
leaf_weight=9720.120548050756 5775.9240608973196 2913.3850991095533 677.49506191700493 9764.4910715393489 2895.6384379641968 1731.7318104478909 837.32060561420803 3897.1102482595452 877.67584532727051 3557.4051427987652 4824.2169419102429 318.3560225655965 2903.1979516940337 23075.340093263541 1104.2063370220421
leaf_count=286649 99286 72695 5932 290030 26630 13361 10494 47913 44054 86523 92888 60163 106930 305944 119004
internal_value=0.000585296 -0.00385908 -0.0232171 0.000586434 0.0104441 -0.010231 0.0125774 0.00349836 -0.000149138 -0.0226663 0.0117837 0.0288617 0.00165389 0.00355688 -0.0367121
internal_weight=74873.6 29644.4 5532.41 24112 12615.8 11496.2 1514.82 45229.2 31407.5 4435.08 13821.7 5142.57 8679.12 26972.5 4017.59
internal_count=1668496 824795 208125 616670 313279 303391 16426 843701 484434 130577 359267 153051 206216 353857 191699
is_linear=0
shrinkage=0.1


Tree=114
num_leaves=16
num_cat=0
split_feature=34 14 0 13 8 35 15 32 37 15 14 30 0 8 24
split_gain=111.821 115.75 429.406 167.347 164.755 89.2734 75.3669 187.428 84.0343 69.3875 67.1761 51.3974 33.1725 25.1124 18.2651
threshold=-1.4542922973632848 6.1610351562500254 25.844237180583203 0.16905975341796903 0.50772087891732565 -1.0000000180025095e-35 -2.2199144363403298 141009.87500000003 -0.68301270189221885 0.20834350585937553 0.14394531250002301 5.9534795582294517e-07 25.844237180583203 0.16799801757304353 -181393.99999999997
decision_type=2 2 2 2 2 2 2 2 2 2 2 2 2 2 2
left_child=5 2 4 -4 -2 11 7 -3 -8 10 -7 13 -13 -1 -11
right_child=1 6 3 -5 -6 9 8 -9 -10 14 -12 12 -14 -15 -16
leaf_value=-0.0083964884490404009 -0.044416141991686114 -0.0042889939140538661 -0.028436513434358698 0.0033998446048697493 0.037483227893787739 -0.010726448904624854 -0.0072468621271581102 0.051303171816212925 0.0026008502365427086 -0.010878796218715467 0.034687691639378265 -0.013378121572442767 0.028870559737201124 -0.040691558526291478 0.016305870816630496
leaf_weight=962.60607482671912 3436.5372961961111 1513.9051668088214 1882.343272260543 13184.937952647597 260.79196028735896 369.31010263472126 11406.048406484995 1006.0101188115223 36007.879446085426 660.41178687974752 2630.4635142469197 271.40922600589693 568.26429532049224 317.85956709682796 388.22141919832211
leaf_count=59097 99683 27419 201376 243657 4198 30011 272458 8784 573266 46205 58379 2137 4278 33488 4056
internal_value=-0.000230166 -0.00138857 -0.00808343 -0.00058556 -0.0385965 0.0126615 0.00112784 0.0179624 0.000231338 0.0213588 0.0290881 -0.00395717 0.0152161 -0.0165404 -0.000784962
internal_weight=74867 68698.5 18764.6 15067.3 3697.33 6168.55 49933.8 2519.92 47413.9 4048.41 2999.77 2120.14 839.674 1280.47 1048.63
internal_count=1668492 1430841 548914 445033 103881 237651 881927 36203 845724 138651 88390 99000 6415 92585 50261
is_linear=0
shrinkage=0.1


Tree=115
num_leaves=16
num_cat=0
split_feature=28 34 30 22 3 29 34 7 3 7 3 3 3 12 19
split_gain=89.0381 122.725 199.854 145.524 179.775 131.508 122.666 110.376 66.3897 197.173 77.4154 61.3108 71.6157 51.6775 45.4483
threshold=0.0012010168284177752 0.20520782470703502 -6.4613996073603639e-06 -272.77036132812492 12.639527209547602 7.0571898902471756e-06 1.4877319335937602 -0.97747149356400331 1.3304500219349353 -0.38101848517558096 2.4118585685660503 0.30704533600079054 0.26410646707639057 -36.929446040313394 286.01804351806658
decision_type=2 2 2 2 2 2 2 2 2 2 2 2 2 2 2
left_child=1 2 7 4 -3 -4 -5 -1 11 10 -10 12 -2 -11 -13
right_child=8 3 5 6 -6 -7 -8 -9 9 13 -12 14 -14 -15 -16
leaf_value=-0.030474161645332756 0.0073361853959285975 -0.00053545154055980508 0.0086726607444967789 -0.010194774300379123 0.094326405888002673 -0.0080948763690255887 -0.03734186293127123 -0.0046478693862462579 -0.027322672718641028 0.045179431778422457 0.039297732079686169 0.023034679348832292 -0.093832025856494861 -0.081227020610233069 0.059760745947580518
leaf_weight=1903.4312301413593 835.45845551823732 10014.184243298485 28876.517978554068 9098.2527208945394 198.84326477552531 5577.3225292223506 2034.2452514858887 12475.212102117963 242.41464043443557 32.760036344756372 591.38814526109491 1947.5223111859523 71.326439590658993 318.11277541882009 406.93936304945964
leaf_count=67613 4326 390610 390651 176981 4412 40432 93959 478635 1332 271 2836 9456 575 3350 2422
internal_value=-7.00809e-05 -0.000939895 0.00182497 -0.00726407 0.00135672 0.00595758 -0.0151699 -0.00807613 0.0136454 -0.00660923 0.0198815 0.0210019 -0.00109248 -0.0689558 0.0294955
internal_weight=74623.9 70178 48832.5 21345.5 10213 34453.8 11132.5 14378.6 4445.92 1184.68 833.803 3261.25 906.785 350.873 2354.46
internal_count=1667861 1643293 977331 665962 395022 431083 270940 546248 24568 7789 4168 16779 4901 3621 11878
is_linear=0
shrinkage=0.1


Tree=116
num_leaves=16
num_cat=0
split_feature=38 0 18 0 9 29 1 1 1 29 29 38 0 7 7
split_gain=113.918 474.718 314.56 299.344 277.694 257.771 292.382 230.161 191.037 176.996 176.883 115.635 116.177 106.56 83.3008
threshold=0.25000000000000011 75.704902458871217 17.952272033691404 25.844237180583203 0.36494659747811103 5.3808092559393109e-06 1150.1350000000002 6.0000000000000009 246.50000000000003 2.3673294435866455e-09 6.5954402089118971e-05 0.68301270189221908 4.5160223163712256 0.49435127315577704 -0.91216058538680744
decision_type=2 2 2 2 2 2 2 2 2 2 2 2 2 2 2
left_child=1 4 3 9 7 6 -3 -1 -5 -2 -6 14 -13 -7 -4
right_child=2 5 11 8 10 13 -8 -9 -10 -11 -12 12 -14 -15 -16
leaf_value=-0.056216636052264637 -0.018951837753415107 -0.069803868254646684 -0.01494608338511021 0.014796125223807683 -0.050626281054630934 0.006671693393398054 0.002335384863773422 0.0050699579515641842 -0.0035650720441443556 0.0013722787091173907 0.024348022570308981 0.2545788079645887 0.079019453740714715 -0.041383590622609545 0.0551295604577033
leaf_weight=624.22114098870952 8470.183075797424 2234.5000208805141 225.44052135234233 16437.470797693226 1566.7770861919998 1624.3269791502535 749.56375044097513 23462.476936914849 8643.7345616427701 8665.3000251488265 390.20847561402479 43.855162981504691 208.51044639330939 638.95680281625391 658.56256811087951
leaf_count=29746 131206 330841 14457 185138 66718 27596 52987 453660 176506 76084 3849 2853 36792 15576 66360
internal_value=-0.000408722 -0.0050066 0.00291009 0.0015094 0.000524239 -0.0324317 -0.0517097 0.00347034 0.00846886 -0.00867666 -0.035653 0.0547121 0.113881 -0.00695631 0.0372752
internal_weight=74644.1 31291 43353.1 42216.7 26043.7 5247.35 2984.06 24086.7 25081.2 17135.5 1956.99 1136.37 252.366 2263.28 884.003
internal_count=1670369 980973 689396 568934 553973 427000 383828 483406 361644 207290 70567 120462 39645 43172 80817
is_linear=0
shrinkage=0.1


Tree=117
num_leaves=16
num_cat=0
split_feature=38 8 32 13 12 16 9 13 12 20 15 3 16 20 15
split_gain=91.0394 293.768 205.517 255.245 212.29 131.857 168.56 146.019 187.264 100.063 88.589 85.3464 82.9761 19.755 11.7874
threshold=0.25000000000000011 0.56337699503839256 126151.00000000001 0.24080657958984403 -31.207688293403994 -1.4117813110351598 -0.11878330659947799 0.34770965576171903 -28.882908489919146 3.8103179931640505 -0.42468261718750044 0.16960768470743651 -0.34729003906249994 0.30395507812499006 1.7324533462524452
decision_type=2 2 2 2 2 2 2 2 2 2 2 2 2 2 2
left_child=1 2 4 -4 -1 6 10 8 -7 -9 -2 -8 13 -3 -14
right_child=5 12 3 -5 -6 7 11 9 -10 -11 -12 -13 14 -15 -16
leaf_value=0.011548026413913545 -0.051070273441027839 0.040933127112503992 0.057722894318695588 -0.0092224011769017622 -0.0094109503655671247 -0.0083054144448342845 -0.05433769230143231 -0.00044694105524829104 0.014093558892869562 -0.0300039939430237 -0.01523209368111152 0.0093873823118719914 -0.079128315543077352 -0.023796006006559053 -0.025161882441275898
leaf_weight=6216.9406497316377 993.15283880700008 57.144586883485317 1213.9337125991442 1066.7611382260948 21644.183842407794 4602.0581477588275 219.51035818383389 11103.666113896063 19683.711404656817 1272.1467459727428 2255.6250082230836 3293.2612807748301 664.07322241029033 191.83994241692562 49.292873762533418
leaf_count=144996 26574 302 38813 24432 689963 81689 3055 80388 373808 44309 25466 53144 61938 11011 8069
internal_value=1.9155e-05 -0.00411008 -0.00236881 0.0264585 -0.00473292 0.00297707 -0.00984953 0.00534372 0.00984821 -0.00349609 -0.0262495 0.00533368 -0.0583542 -0.00842662 -0.0756004
internal_weight=74527.3 31104.2 30141.8 2280.69 27861.1 43423.1 6761.55 36661.6 24285.8 12375.8 3248.78 3512.77 962.351 248.985 713.366
internal_count=1667957 979524 898204 63245 834959 688433 108239 580194 455497 124697 52040 56199 81320 11313 70007
is_linear=0
shrinkage=0.1


Tree=118
num_leaves=15
num_cat=0
split_feature=14 0 8 38 1 2 7 12 1 15 1 9 1 27
split_gain=95.2259 360.184 151.471 141.192 169.577 141.556 103.429 81.5618 240.864 186.289 81.5923 123.329 87.4 49.9777
threshold=6.0237518310547111 25.844237180583203 0.50772087891732565 0.86602540378443871 191.49000000000004 4.7099244186189657e-16 0.25007372689092555 34.675809863228409 936.25500000000011 0.68047332763671908 429.29000000000002 -0.044765190928676889 224.76500000000001 -3.8192956708371639e-06
decision_type=2 2 2 2 2 2 2 2 2 2 2 2 2 2
left_child=1 2 6 5 -5 -3 -1 10 -9 -10 12 -12 -2 -4
right_child=7 3 13 4 -6 -7 -8 8 9 -11 11 -13 -14 -15
leaf_value=-0.029598745997938297 0.0032358801671899698 0.054233415207924789 -0.015067567072525401 0.020038422294997898 -0.0071832682769589554 -0.012274053575674029 -0.071708062649397983 -0.10090333632955412 -0.055483703078212071 0.054941184804423761 0.032488573139837364 -0.020446207906728683 -0.0099676123162141129 0.068159978113840544
leaf_weight=3139.0859252604787 44293.875384308099 329.56168319072458 115.07822803793533 5539.3283465188724 3893.3704647910199 7414.8272251498347 717.13891831439832 295.33729408113868 259.96529228145664 355.97377620135376 1907.1704579339275 567.97188101851498 5648.3180549591198 181.71713750844356
leaf_count=93699 746521 5836 3625 56264 74603 429366 32445 31668 5982 5287 38440 38363 106244 1195
internal_value=-0.000154383 -0.00580064 -0.0322093 0.000591873 0.00880475 -0.00941067 -0.0375125 0.00210431 -0.0274742 0.00826341 0.0026211 0.0203249 0.00174175 0.0361747
internal_weight=74658.7 21330.1 4153.02 17177.1 9432.7 7744.39 3856.22 53328.6 911.276 615.939 52417.3 2475.14 49942.2 296.795
internal_count=1669538 697033 130964 566069 130867 435202 126144 972505 42937 11269 929568 76803 852765 4820
is_linear=0
shrinkage=0.1


Tree=119
num_leaves=14
num_cat=0
split_feature=8 36 20 10 10 1 26 37 13 35 20 33 32
split_gain=93.7782 133.272 91.0696 88.9603 79.8504 59.7489 37.5678 27.2716 18.529 8.48827 5.82085 6.52105 1.90019
threshold=0.89104622525418209 0.25881904510252057 17.163101196289052 -1.5601507828525649 33.153807556851909 246.50000000000003 -6533.4999999999991 1.0000000180025095e-35 0.31623077392578153 -0.78656609248549292 21.318809509277305 -7.1421051025390794 95668.500000000015
decision_type=2 2 2 2 2 2 2 2 2 2 2 2 2
left_child=2 6 3 5 -5 -1 7 -2 -8 12 11 -4 -3
right_child=1 9 10 4 -6 -7 8 -9 -10 -11 -12 -13 -14
leaf_value=-0.07015581096148138 0.097797176559494756 -0.045118584556416493 0.011106914971432137 0.0011123435584643065 -0.095672408750860749 -0.015042467219727285 0.0020861907798400661 -0.0086824401144276649 -0.056183499269475759 -0.11797544749217093 -0.087198017089491764 -0.056911932364782515 0.015918360415887799
leaf_weight=235.66212394018658 47.260060079206596 8.7423915690451377 14.764597025547117 72255.131028550619 80.345045152454986 1103.3291222997941 112.38612829189515 43.172923856182024 100.45355245075189 162.57368053495884 87.772066250829084 92.141633514431305 4.8937213482568032
leaf_count=5673 3261 466 14938 1276266 15884 29403 2237 3183 1016 5532 208565 102626 229
internal_value=5.43239e-05 -0.043798 0.000341913 0.000524665 0.000998237 -0.0249673 -0.00320246 0.049172 -0.0260736 -0.11165 -0.0671006 -0.0474415 -0.0248198
internal_weight=74348.6 479.482 73869.1 73674.5 72335.5 1338.99 303.273 90.433 212.84 176.21 194.678 106.906 13.6361
internal_count=1669279 15924 1653355 1327226 1292150 35076 9697 6444 3253 6227 326129 117564 695
is_linear=0
shrinkage=0.1


Tree=120
num_leaves=16
num_cat=0
split_feature=36 3 31 6 3 0 10 15 6 10 2 10 31 31 31
split_gain=115.387 181.733 142.678 134.43 137.934 120.75 76.6598 115.219 77.1597 54.2102 44.3339 41.0292 4.05633 3.16554 3.10296
threshold=0.12940952255126006 0.027818472138679502 1506193.0000000002 0.15347727733599953 0.19799895908092205 34.672004460131411 -0.40408104827587693 2.0973229408264156 0.21887254730021102 -0.11043367291297049 0.028057808233695806 -0.13998160779040347 1.0000000180025095e-35 -1.0000000180025095e-35 0.50012207031250011
decision_type=2 2 2 2 2 2 2 2 2 2 2 2 2 2 2
left_child=2 12 6 4 -3 -5 7 -1 -8 11 -11 -4 13 -2 -14
right_child=1 3 9 5 -6 -7 8 -9 -10 10 -12 -13 14 -15 -16
leaf_value=-0.0070594167808689856 -0.027005424095241645 0.018115518506269839 -0.01159199587597393 -0.038970066269815508 -0.002610055959356932 -0.0080585519968142862 0.0065255357996427277 0.02967322968896155 0.022237722159246857 0.037342919031560964 -0.053096627484228977 0.14732399094005919 0.01419558948216694 -0.11234488598820501 -0.062335389477920444
leaf_weight=6726.6181146125164 8.2858183960051957 3561.8223884278996 1103.9986319333984 1704.3019721549354 32195.667811164189 4862.6767720017233 18622.761991615716 973.01431621512165 3753.0818546613955 55.924560575342184 611.79413789956743 11.505547691936952 5.6566701246338225 150.68241677958576 10.576446032413513
leaf_count=110492 261 58442 135749 45441 500660 138359 338766 10862 92055 40145 182175 8825 98 4885 1679
internal_value=2.40855e-05 -0.00338639 0.00457349 -0.00295937 -0.000543326 -0.0161044 0.00620425 -0.00240121 0.00916531 -0.022871 -0.0453006 -0.00930282 -0.103599 -0.108856 -0.0386041
internal_weight=74358.4 42499.7 31858.7 42324.5 35757.5 6566.98 30075.5 7699.63 22375.8 1783.22 667.719 1115.5 175.201 158.968 16.2331
internal_count=1668894 749825 919069 742902 559102 183800 552175 121354 430821 366894 222320 144574 6923 5146 1777
is_linear=0
shrinkage=0.1


Tree=121
num_leaves=16
num_cat=0
split_feature=23 36 6 27 24 9 26 28 5 27 5 9 27 15 14
split_gain=79.7583 75.8942 120.038 97.2519 94.4903 89.3832 59.9329 57.3748 40.5222 48.8029 41.6807 39.24 33.153 22.2393 8.46606
threshold=0.15820708497108402 0.37940952255126054 0.15347727733599953 -0.00015615951269865047 -183562.49999999997 -0.73801609798729284 -743010.99999999988 4.1760504245758057e-05 -0.19706927107100999 4.9381051212549252e-06 0.31037745360571506 -0.088989965391641793 -3.4045660868287095e-06 0.24171066284179701 7.8438507080078406
decision_type=2 2 2 2 2 2 2 2 2 2 2 2 2 2 2
left_child=8 3 5 7 -4 -3 -5 -2 9 13 12 -12 -10 -1 -11
right_child=1 2 4 6 -6 -7 -8 -9 10 14 11 -13 -14 -15 -16
leaf_value=0.027351485314811842 -0.034646585067988359 -0.087998889389966584 -0.030218415784392657 -0.01811597910774294 -0.0028289850122998144 -0.00092370452809878434 0.0047589389599425394 -0.0034730137527248062 0.013379714628755458 -0.085416016782620896 -0.075169239590595974 0.017757213435688198 0.044855465549869036 -0.0069661889142831352 -0.026944875466175577
leaf_weight=359.05563188926317 1021.6432769141175 113.37979946211271 2807.5655882116262 1179.5941610614755 2283.1886953791254 28393.805623323104 34726.828465230392 1392.4091454209338 544.77885534521192 58.418079423718154 67.31755438959226 118.45982543751597 886.74199159802811 389.02227877313271 51.47940188460052
leaf_count=1830 143373 7894 123184 202730 24697 448451 682110 23389 2653 293 1524 610 4521 2065 258
internal_value=0.000264457 -0.000343564 -0.00381258 0.00269804 -0.0179492 -0.00128539 0.00400504 -0.0167102 0.0178954 0.000317365 0.0271908 -0.0170028 0.0329653 0.00957753 -0.0603908
internal_weight=74393.7 71918.4 33597.9 38320.5 5090.75 28507.2 35906.4 2414.05 2475.27 857.975 1617.3 185.777 1431.52 748.078 109.897
internal_count=1669582 1655828 604226 1051602 147881 456345 884840 166762 13754 4446 9308 2134 7174 3895 551
is_linear=0
shrinkage=0.1


Tree=122
num_leaves=15
num_cat=0
split_feature=28 22 0 8 38 14 0 10 38 10 12 0 31 14
split_gain=81.8383 76.5219 154.547 134.042 83.5767 114.118 109.605 74.5549 32.9159 30.2622 24.609 15.4748 11.4552 10.8823
threshold=0.0029265731573104802 -268.7841323852544 3.5716151157603409 0.022166721445114855 0.93301270189221963 10.63957366943365 140.4433722854865 0.84254835414579554 0.68301270189221908 0.40490598649961407 3.0054386865766305 4.9266988875176159 16231.000000000002 6.4344650268554906
decision_type=2 2 2 2 2 2 2 2 2 2 2 2 2 2
left_child=1 4 7 -4 5 -1 -6 -3 9 12 -11 -10 -2 -13
right_child=8 2 3 -5 6 -7 -8 -9 11 10 -12 13 -14 -15
leaf_value=-0.0065213142198966532 0.047531491835446797 -0.072504163057513907 0.028447158816297603 -0.0046725358509177367 0.0017933592342002454 0.0026903572330603657 0.025724157566474781 0.011778284217049781 -0.025966552747267942 -0.04297680660575439 0.040170027343319807 0.049846468365358748 0.091931375256782799 0.012326392790153734
leaf_weight=32382.25342242176 146.75207660347223 305.13629427937849 3242.8955204533268 1957.0811778568313 9879.7010705825232 22994.781770896538 2368.9819788446475 156.75338639260735 83.00208505988121 48.285654002800584 103.334030423488 91.820531962905079 125.1384396412177 414.02012326940894
leaf_count=963076 699 4594 50367 64181 103331 455506 22708 979 405 264 611 507 652 2098
internal_value=0.000283357 -0.000107648 0.0110545 0.0159896 -0.00104293 -0.00269636 0.00643035 -0.0440811 0.0284509 0.0495637 0.013164 0.0129766 0.0692577 0.0195583
internal_weight=74299.9 73287.6 5661.87 5199.98 67625.7 55377 12248.7 461.89 1012.35 423.51 151.62 588.843 271.891 505.841
internal_count=1669978 1664742 120121 114548 1544621 1418582 126039 5573 5236 2226 875 3010 1351 2605
is_linear=0
shrinkage=0.1


Tree=123
num_leaves=16
num_cat=0
split_feature=36 38 0 28 19 23 0 27 13 13 0 2 28 11 6
split_gain=85.954 95.0809 185.613 149.986 104.663 104.436 93.7718 89.9933 63.1552 53.9365 44.9903 39.7074 35.9528 21.626 17.0816
threshold=0.60355339059327362 0.25000000000000011 39.977839356029257 7.4394108651176802e-09 280.64649200439459 8.4030383991464905 25.844237180583203 -0.00018856121459975847 0.031471252441406257 0.35236358642578153 81.756025109237825 4.0071144863697555e-16 8.7072141468524974e-05 76.408663835231422 0.088008819326170815
decision_type=2 2 2 2 2 2 2 2 2 2 2 2 2 2 2
left_child=7 2 4 -4 -2 6 -3 12 10 -10 -9 -7 13 -1 -14
right_child=1 5 3 -5 -6 11 -8 8 9 -11 -12 -13 14 -15 -16
leaf_value=-0.042578358569978166 -0.041772887488471501 -0.0063358475166947342 -0.055270148663978197 -0.011702182519389611 -4.1794174563673534e-05 0.036354954711002134 0.010054048244277441 -0.011984433817696599 0.0057695675393071933 -0.0018944270448688673 -0.090000401366206378 -0.026390504185582631 -0.0021452600734183677 0.056005663883194293 -0.041321677277837289
leaf_weight=625.48799487942597 650.03153750955244 6006.0679896973306 1481.2134194152459 1694.5412156647508 7285.8030915749987 103.12082703004126 8321.7234384832846 202.32064263544453 32571.775167855849 12784.348322565187 113.18424985001911 1653.8693269850701 737.68410898711591 18.91311147203669 126.20626408826502
leaf_count=108650 9939 51253 134819 30585 103772 1695 67662 8446 861534 140729 61821 75379 9664 1136 3696
internal_value=-7.83943e-05 -0.00455545 -0.0116671 -0.0320778 -0.00348418 0.000359508 0.00318375 0.00250257 0.00329718 0.00360938 -0.0409393 -0.0226151 -0.0214901 -0.039276 -0.00807342
internal_weight=74376.3 27196.4 11111.6 3175.75 7935.83 16084.8 14327.8 47179.9 45671.6 45356.1 315.505 1756.99 1508.29 644.401 863.89
internal_count=1670780 475104 279115 165404 113711 195989 118915 1195676 1072530 1002263 70267 77074 123146 109786 13360
is_linear=0
shrinkage=0.1


Tree=124
num_leaves=16
num_cat=0
split_feature=37 18 13 13 18 0 19 0 35 35 3 13 0 0 29
split_gain=81.4038 145.553 134.34 99.3704 93.1299 224.143 254.22 141.588 273.6 242.598 118.635 89.1416 68.1401 66.9687 20.2085
threshold=-0.86602540378443849 14.888131713867251 0.13614654541015653 0.10025787353515651 11.867356872558601 25.844237180583203 277.84877014160151 64.549764521068809 0.60355339059327406 0.37940952255126054 0.027818472138679502 0.092323303222656264 28.775924717952005 165.14656967568501 4.302486772189696e-05
decision_type=2 2 2 2 2 2 2 2 2 2 2 2 2 2 2
left_child=1 11 3 -3 5 6 -2 9 -9 -6 -7 14 -4 -13 -1
right_child=4 2 12 -5 7 10 -8 8 -10 -11 -12 13 -14 -15 -16
leaf_value=-0.069100333942119715 -0.040486138890380899 -0.0024934905746259077 -0.0079363197907736053 0.028424160292666003 -0.0019946394538440781 -0.056139214922709693 -0.0055888692691034442 0.0073600672300536589 -0.049024791076812013 0.01941512641746175 0.0045293012712401522 -0.022017051222502675 -0.052184333026223106 0.036747674088070913 0.0038502605262578193
leaf_weight=465.38588241748221 2547.1397785787558 2572.0059473746078 907.94385644138674 1738.8990844746659 10105.967316584749 321.46454669849481 11478.800367954915 2553.0436101900195 1292.3560606706596 11104.895775670375 25498.575539258876 2878.9326827392069 561.59475892258342 203.45115914255439 40.750316144956741
leaf_count=12375 36288 102099 15351 64017 358706 4255 129056 302138 82103 143829 336322 36844 40163 6214 358
internal_value=-1.88176e-05 -0.00872981 0.00109418 0.00999631 0.00123923 -0.00176462 -0.0119385 0.00601554 -0.0116287 0.00921633 0.00376324 -0.024534 -0.0249656 -0.0180851 -0.0632467
internal_weight=74271.2 9368.96 5780.44 4310.91 64902.2 39846 14025.9 25056.3 3845.4 21210.9 25820 3588.52 1469.54 3082.38 506.136
internal_count=1670118 277421 221630 166116 1392697 505921 165344 886776 384241 502535 340577 55791 55514 43058 12733
is_linear=0
shrinkage=0.1


Tree=125
num_leaves=15
num_cat=0
split_feature=23 14 15 8 22 21 5 17 8 5 16 17 12 16
split_gain=76.1803 75.1115 117.601 176.063 154.341 107.017 110.126 66.6803 40.2788 36.5624 29.2015 51.2439 21.3064 19.421
threshold=0.15820708497108402 3.2977844238281504 -0.32507801055908242 -0.19377677890516146 -270.02971496582046 0.11381044877700501 -0.7360555955126874 1.2412818269820052 -0.69115741055460245 0.44416885358216002 -0.55556249618530285 0.8666020192454621 1.3949518079305552 0.63396453857421908
decision_type=2 2 2 2 2 2 2 2 2 2 2 2 2 2
left_child=8 5 3 -3 -4 7 -7 -2 10 13 -1 -12 -11 -10
right_child=1 2 4 -5 -6 6 -8 -9 9 12 11 -13 -14 -15
leaf_value=0.033036116105859152 0.020725110079298257 0.017660366294946935 -0.0044299833206838104 -0.00085296883743817432 0.014201697377006571 0.028392741145332658 -0.021196494957525635 -0.0048415034848594595 0.030202982766932562 -0.0014380309584477115 0.027558168935940555 -0.073581201945069799 -0.083169500837179819 0.0052836416513974277
leaf_weight=78.257085468620062 1477.6404824322126 9066.00094496979 35092.054138621825 11843.243359276363 5086.0745371339435 484.28226556367008 5365.0131539430258 3265.8378603497986 1674.7888424366101 112.93807683605701 75.561545748263597 132.14367980323732 39.548491819296032 387.24702455103397
leaf_count=365 10427 143434 744121 242308 65677 27630 390286 31644 8530 582 377 675 1403 1937
internal_value=0.000346215 -0.00025288 0.00109528 0.0071765 -0.00206996 -0.00802445 -0.0170701 0.00313619 0.0174864 0.0220464 -0.0175988 -0.0370046 -0.0246032 0.0255473
internal_weight=74180.6 71680.1 61087.4 20909.2 40178.1 10592.8 5849.3 4743.48 2500.48 2214.52 285.962 207.705 152.487 2062.04
internal_count=1669396 1655527 1195540 385742 809798 459987 417916 42071 13869 12452 1417 1052 1985 10467
is_linear=0
shrinkage=0.1


Tree=126
num_leaves=16
num_cat=0
split_feature=7 22 5 12 5 13 12 13 5 2 12 38 12 11 15
split_gain=74.6304 166.122 285.973 165.519 160.976 111.946 103.495 231.359 322.794 197.942 144.618 189.841 114.322 100.806 53.3813
threshold=-0.86248151156993491 -271.88595428466743 0.060733625121710058 0.20922462180976001 0.61607961395541611 0.33580780029296903 -0.55735026034682245 0.37606048583984403 0.20890168274972851 1.2378464760278851 -16.606159786364547 0.25000000000000011 -17.678643531954545 3.6768027260325105 0.50959730148315463
decision_type=2 2 2 2 2 2 2 2 2 2 2 2 2 2 2
left_child=1 4 13 -4 5 -1 10 9 -9 -8 12 -12 -2 -3 -6
right_child=6 2 3 -5 14 -7 7 8 -10 -11 11 -13 -14 -15 -16
leaf_value=-0.026666990030143656 0.0031968153892705125 0.027084025257078953 -0.014404973637648906 -0.097660812407077746 -0.0066091920210638137 -0.0036997679941966413 0.021333585254008847 -0.0032504039743114308 -0.088083534181250867 -0.0027797244942635627 -0.020650015470240767 -0.00025143646772739833 0.04946752613743443 -0.0045154807859203519 0.056126495663938285
leaf_weight=5746.2122493096686 17618.456296843433 3643.4513411094231 1997.9019639963808 266.66771149351553 202.9829538440099 3366.1739546731915 9881.3867882097838 3878.756734669274 502.24852757545887 5190.5276589333662 7230.0250170203872 12350.849326435251 545.70816011154966 1393.9719927019323 397.96228495897958
leaf_count=189535 345880 37768 35892 10212 5984 41362 199954 36059 9045 151071 331425 231448 13592 20558 8323
internal_value=-0.000501847 -0.00631499 0.00507934 -0.0244024 -0.0148789 -0.0181894 0.00122785 0.00715215 -0.0130652 0.0130312 -0.00182593 -0.00778674 0.00460016 0.0183439 0.0350564
internal_weight=74213.3 17015.3 7301.99 2264.57 9713.33 9112.39 57198 19452.9 4381.01 15071.9 37745 19580.9 18164.2 5037.42 600.945
internal_count=1668108 349634 104430 46104 245204 230897 1318474 396129 45104 351025 922345 562873 359472 58326 14307
is_linear=0
shrinkage=0.1


Tree=127
num_leaves=16
num_cat=0
split_feature=34 14 1 38 16 35 8 8 38 1 1 38 30 18 28
split_gain=79.9402 106.923 136.862 196.974 147.046 94.7535 75.039 69.8411 64.6962 140.988 59.0475 36.0284 33.8564 30.2992 28.5171
threshold=-1.1347122192382899 7.540185546875021 936.25500000000011 0.86602540378443871 1.8184280395507801 -1.0000000180025095e-35 0.022166721445114855 -0.027564234812913046 -0.68301270189221941 9.1850000000000005 89.500000000000014 0.25000000000000011 5.9534795582294517e-07 -1.1488708496093498 5.9470533813055252e-06
decision_type=2 2 2 2 2 2 2 2 2 2 2 2 2 2 2
left_child=5 2 3 -2 -4 12 7 -7 9 -3 -10 -8 13 -1 -14
right_child=1 8 4 -5 -6 6 11 -9 10 -11 -12 -13 14 -15 -16
leaf_value=0.049737649630115156 -0.022131901734863509 -0.039405418827603601 0.0022506696941592603 -0.0011498021249003087 0.060099882548842846 0.018359487353958922 -0.019574320205185281 0.063111524314829553 0.006511356026290065 -0.0013534570020511804 -0.0030356637547122403 0.0079874213512903507 0.012366506812742754 -0.0170031851626774 -0.03696079913494317
leaf_weight=65.875719112576917 8367.5042092162257 1084.2314270594834 3857.0451908337054 9610.4456426911784 490.95671630988363 4180.9884660835742 666.1684314662707 376.87187651347267 22389.644407867807 9184.2340122523165 9111.7779487339649 1611.7194015510904 1053.7384246374713 1844.3129846762204 126.91395762376487
leaf_count=1834 373445 34570 92441 135116 18267 93390 48399 8774 307617 231959 160031 36020 7887 118856 839
internal_value=-0.000189712 -0.00148315 -0.00706894 -0.010919 0.00884427 0.00815852 0.0147248 0.022125 0.00150294 -0.00538853 0.00374984 -9.82294e-05 -0.00636395 -0.0145777 0.00693057
internal_weight=74022.4 64095.8 22326 17977.9 4348 9926.59 6835.75 4557.86 41769.9 10268.5 31501.4 2277.89 3090.84 1910.19 1180.65
internal_count=1669445 1353446 619269 508561 110708 315999 186583 102164 734177 266529 467648 84419 129416 120690 8726
is_linear=0
shrinkage=0.1


Tree=128
num_leaves=16
num_cat=0
split_feature=18 0 7 8 13 22 14 0 13 38 38 13 2 13 2
split_gain=77.1535 317.452 92.5463 247.009 326.959 132.341 110.076 126.435 125.827 80.7491 71.0043 49.9525 42.506 33.9351 22.0824
threshold=21.006715393066454 5.4247490065385655 -0.97747149356400331 -0.20988838139123947 0.092323303222656264 -272.30695953369144 12.945085144042951 69.567950405037422 0.072242736816406264 0.25000000000000011 0.25000000000000011 0.083580017089843764 0.37296987154184608 0.086509704589843764 3.0924090420890002
decision_type=2 2 2 2 2 2 2 2 2 2 2 2 2 2 2
left_child=2 10 3 5 -5 -1 8 -8 -4 14 13 -12 -11 -2 -3
right_child=1 9 6 4 -6 -7 7 -9 -10 12 11 -13 -14 -15 -16
leaf_value=-0.01280035135857549 0.060252474470700562 -0.053459061647889272 -0.022813282443057234 0.0083492083473079275 -0.055343819274404051 0.019352068234046685 0.014365807373146224 -0.037033517677402102 0.0010675179118526726 0.085869968697873056 0.21982069083195244 0.020601761665204915 -0.015844178330653502 -0.0076585676695368164 -0.011107483651868578
leaf_weight=2374.975426588644 243.27726756803895 1199.0330378980107 2299.5261070021734 1326.1801912519586 2044.9571987913732 2765.7156869228202 9097.8239499366609 500.4217035570764 51791.749881287265 63.020813643626752 36.923313042301743 19.585026177359396 100.60268042088137 103.10073662965442 140.48693878943232
leaf_count=33482 18133 351196 110692 17674 48799 28054 100418 7835 858306 21068 3817 1374 40273 4604 23381
internal_value=-3.20157e-05 -0.0198643 0.000492871 -0.00929731 -0.0303122 0.0044998 0.00180191 0.0116681 5.02836e-05 -0.0409873 0.0584808 0.158062 0.0247164 0.0402172 -0.0490751
internal_weight=74107.4 1906.03 72201.4 8511.83 3371.14 5140.69 63689.5 9598.25 54091.3 1503.14 402.886 56.5083 163.623 346.378 1339.52
internal_count=1669106 463846 1205260 128009 66473 61536 1077251 108253 968998 435918 27928 5191 61341 22737 374577
is_linear=0
shrinkage=0.1


Tree=129
num_leaves=14
num_cat=0
split_feature=20 12 22 12 26 16 17 6 20 21 24 18 4
split_gain=73.0325 72.3272 322.824 232.735 69.65 63.8465 61.0007 0.976873 1.7221 0.949736 0.67967 0.110222 0.0405089
threshold=19.75814819335935 163.94205814753303 -272.18034973144495 94.108138545445811 -525192.99999999988 1.4578475952148453 1.1373631968515552 -0.77583490275208133 21.318809509277305 0.69803961645288404 -348024.24999999994 3.7647109985351803 -0.99725646681515279
decision_type=2 2 2 2 2 2 2 2 2 2 2 2 2
left_child=1 3 6 4 -1 -4 -3 8 10 11 -2 -9 -11
right_child=7 2 5 -5 -6 -7 -8 9 -10 12 -12 -13 -14
leaf_value=-0.017357874305490364 -0.011438965691437143 0.011912976400090253 -0.063677344280014661 -0.10068920302571933 0.00052912851274831767 0.051789466805921017 0.090328931693889322 -0.0082138931424674544 -0.039867374697570637 -0.012065717884547139 0.047261147208085608 0.012328906302755216 -0.087033741747504778
leaf_weight=2241.439985598292 0.64535084282397293 128.68472393776756 308.92347896361025 225.39925518473319 70358.647872942965 52.619700730661862 453.98863109282684 0.44619600227451783 3.3110027002694551 1.8213230842447945 0.43203166709281393 0.34055788020486943 93.701387718661863
leaf_count=212965 1492 1407 5320 32703 1158428 1127 5568 298 7855 5069 349 206 236284
internal_value=-0.000104292 1.47217e-05 0.0274403 -0.000342724 -2.42684e-05 -0.0463949 0.0732593 -0.0831686 -0.0148258 -0.0853972 0.0316167 0.00364777 -0.0862756
internal_weight=73870.4 73769.7 944.217 72825.5 72600.1 361.543 582.673 100.698 4.38839 96.3095 1.07738 0.786754 95.5227
internal_count=1669071 1417518 13422 1404096 1371393 6447 6975 251553 9696 241857 1841 504 241353
is_linear=0
shrinkage=0.1


Tree=130
num_leaves=15
num_cat=0
split_feature=34 13 9 28 6 34 38 6 8 29 1 34 28 36
split_gain=83.505 86.0047 81.2635 87.5415 136.304 88.0643 80.5253 99.9999 61.4298 50.0401 34.3566 28.1565 19.3067 26.2061
threshold=-2.0972213745116997 0.095069885253906264 -0.73801609798729284 0.00056532919401774961 0.089997875421695808 0.28977203369142007 0.68301270189221908 -0.71579726790796039 0.022166721445114855 2.7418136880896803e-06 32.405000000000008 -3.2553863525390696 0.00025333836674690252 0.12940952255126006
decision_type=2 2 2 2 2 2 2 2 2 2 2 2 2 2
left_child=1 6 12 5 -5 -4 11 -8 9 -3 -10 -1 13 -2
right_child=2 8 3 4 -6 -7 7 -9 10 -11 -12 -13 -14 -15
leaf_value=0.098618768704834187 0.013420030656445018 0.034516752721960163 0.00070009513299394612 0.017140127484261265 -0.013854305744054392 -0.0076834077372846437 0.31992015389351569 0.082682036609517714 0.031578633479621344 -0.013836999252773471 -0.024518401336199716 6.1861003492217145e-05 -0.10223126458207757 -0.067271730400734239
leaf_weight=32.810450070421211 60.870876773675263 1014.2401256083467 46504.423512344314 5894.3488858210476 1864.0406870412407 17145.672660874996 18.71158583376382 97.698720059677726 132.82558182231151 267.94223426982353 526.52488046963481 124.2435332823261 68.254764580909978 106.02936956995836
leaf_count=19104 8208 47542 862043 33760 13756 603411 1026 6479 6353 5525 34448 19011 818 8313
internal_value=6.05304e-05 0.0191614 -0.000531306 -0.000335977 0.00968924 -0.00155863 0.0711544 0.13242 0.0116743 0.0243976 -0.0130651 0.0230591 -0.0586041 -0.038308
internal_weight=73858.6 2215 71643.6 71408.5 7758.39 63650.1 273.464 116.41 1941.53 1282.18 659.35 157.054 235.155 166.9
internal_count=1669797 139488 1530309 1512970 47516 1465454 45620 7505 93868 53067 40801 38115 17339 16521
is_linear=0
shrinkage=0.1


Tree=131
num_leaves=15
num_cat=0
split_feature=3 7 11 30 18 14 0 7 11 20 10 34 16 0
split_gain=89.5967 193.658 221.794 169.834 135.155 128.306 99.3342 93.5883 346.098 115.135 91.9823 74.6747 63.1735 45.7638
threshold=0.64525471776438859 0.27764672226149556 -0.13237397948101295 1.1872034519910853e-06 14.184152221679701 2.2573333740234602 123.50286922172602 0.18779089352359854 19.597906720477152 3.8714370727539502 -1.5601507828525649 -1.7013015747070197 -0.45055389404296892 52.99796731963751
decision_type=2 2 2 2 2 2 2 2 2 2 2 2 2 2
left_child=1 5 3 -3 -4 12 -7 10 9 -9 13 -12 -1 -2
right_child=7 2 4 -5 -6 6 -8 8 -10 -11 11 -13 -14 -15
leaf_value=-0.016137817567507064 -0.062096193562317409 0.01229592696150307 -0.014976822723429302 0.06029943529184234 0.023158592904789277 -0.012512532822576573 0.0071968364399212564 0.0033478444993958901 -0.10068026037675781 -0.028315883731536196 0.024395539541124743 0.0046798390680200287 -0.058111351328550713 -0.012547171426800317
leaf_weight=651.42215885931364 220.71844492257515 4839.2967756983344 4940.6848047161548 865.43420264683664 1139.6994390264954 12641.216773870452 3201.7232388387529 6255.7366557440291 371.42043473960075 1401.3740999022302 2033.8178915774261 33397.269302746085 807.01380661438088 1095.5161870499433
leaf_count=41805 8196 104246 72554 4610 106540 320641 90334 57965 56918 111012 63133 506475 83637 41430
internal_value=-9.44634e-05 -0.0044153 0.0054699 0.0196247 -0.00781561 -0.0111484 -0.00852842 0.00271254 -0.00706549 -0.00246182 0.00484951 0.00581484 -0.0394827 -0.0210596
internal_weight=73862.3 29086.5 11785.1 5704.73 6080.38 17301.4 15842.9 44775.9 8028.53 7657.11 36747.3 35431.1 1458.44 1316.23
internal_count=1669496 824367 287950 108856 179094 536417 410975 845129 225895 168977 619234 569608 125442 49626
is_linear=0
shrinkage=0.1


Tree=132
num_leaves=15
num_cat=0
split_feature=36 3 38 0 0 27 33 0 17 15 1 3 33 15
split_gain=75.4073 155.898 98.9807 218.172 145.97 74.4707 56.8679 95.0628 47.6141 44.7627 30.8541 19.9422 2.90418 0.333081
threshold=0.25881904510252057 0.027818472138679502 0.25000000000000011 42.553261012995556 25.844237180583203 -0.00017865188419818897 3.9362716674805003 69.567950405037422 3.0833387700209154 1.0326747894287103 936.25500000000011 7.9648899639541559 4.5875625610351509 -1.7134246826171899
decision_type=2 2 2 2 2 2 2 2 2 2 2 2 2 2
left_child=5 12 3 -3 -4 9 8 -8 -7 10 -1 -11 -2 -14
right_child=1 2 4 -5 -6 6 7 -9 -10 11 -12 -13 13 -15
leaf_value=-0.040999159059271977 -0.10950337598786038 -0.0013392229433881627 -0.0078251476501169856 -0.026418055739756391 0.0083464099347823791 0.0019978119973706114 -0.0017059928899701511 0.072321024952632318 0.012528626118694045 -0.0063825572414380584 0.034967897752027986 0.052056050504345697 0.0093308167757305462 -0.023980367093622404
leaf_weight=696.12516675350344 134.76963901332056 12030.963796682452 9654.492493270649 4869.542056777078 13216.732484964756 26304.420426170662 374.0264547445986 318.15783790579007 5126.6987847625278 863.76192348916447 54.138068808650132 57.612779365019378 1.335904821869917 3.7426331866372484
leaf_count=82608 4907 164955 101937 229567 175907 634356 24536 13852 182412 42091 7628 2681 805 473
internal_value=-0.000203059 -0.00314615 -0.00276865 -0.00857086 0.00151979 0.00327266 0.00434442 0.0325947 0.0037172 -0.0172745 -0.0353223 -0.0024672 -0.106703 -0.0149359
internal_weight=73706.5 39911.6 39771.7 16900.5 22871.2 33794.9 32123.3 692.184 31431.1 1671.64 750.263 921.375 139.848 5.07854
internal_count=1668715 678551 672366 394522 277844 990164 855156 38388 816768 135008 90236 44772 6185 1278
is_linear=0
shrinkage=0.1


Tree=133
num_leaves=16
num_cat=0
split_feature=14 0 8 28 10 10 38 8 32 10 2 24 34 21 10
split_gain=74.8603 137.179 112.621 97.8774 79.0716 132.54 145.559 131.144 114.306 108.378 65.8197 60.1844 38.3454 27.9144 25.745
threshold=3.2043395996094004 25.844237180583203 0.33184624555712855 0.0006178729236125946 -0.40408104827587693 -1.2427370639398096 1.0000000180025095e-35 -0.12585239188769998 -1050972.9999999998 -0.32486017259654093 4.7099244186189657e-16 -205024.24999999997 -2.8437347412109397 0.021504833426194754 28.282971698527355
decision_type=2 2 2 2 2 2 2 2 2 2 2 2 2 2 2
left_child=1 11 10 -4 5 7 -7 -2 14 -10 -3 12 -1 -13 -6
right_child=4 2 3 -5 8 6 -8 -9 9 -11 -12 13 -14 -15 -16
leaf_value=0.036725255508114785 0.0071871096757081089 0.045052237110189429 -0.036855809420187645 0.045444442739913334 -0.054810147249997304 -0.032595792014070819 -0.0041963013542960963 -0.061011739780447674 0.016439854554811079 0.0019613690448556376 -0.0011507935295109041 0.062348475366652993 -0.063334631161436394 -0.017951734641351219 0.11048907117813332
leaf_weight=37.41322891706659 7370.3094919666692 316.15924269505194 1415.0951171710622 156.61718192146509 371.94890376334661 2719.100583220461 5352.9731014206773 288.19704315283161 5910.6978620325099 41034.260051230776 7713.9368760528741 48.367688139776874 687.50102479621273 224.44389642501483 5.1611428011456146
leaf_count=8692 65673 4057 103655 1108 94286 104434 74506 10950 80234 780363 285747 405 47307 4271 2827
internal_value=-6.13745e-06 -0.00777981 -0.0041021 -0.0285367 0.00130118 -0.00483994 -0.013777 0.00458259 0.00334287 0.00378587 0.000695205 -0.042976 -0.0579543 -0.00284913 -0.0511317
internal_weight=73652.2 10599.5 9601.81 1571.71 63052.6 15730.6 8072.07 7658.51 47322.1 46945 8030.1 997.726 724.914 272.812 377.11
internal_count=1668515 455242 394567 104763 1213273 255563 178940 76623 957710 860597 289804 60675 55999 4676 97113
is_linear=0
shrinkage=0.1


Tree=134
num_leaves=13
num_cat=0
split_feature=36 3 37 18 3 15 3 11 10 14 32 9
split_gain=70.3595 84.5814 75.2274 79.0541 58.3632 174.223 61.9236 54.1904 82.4814 77.8786 35.509 30.963
threshold=0.60355339059327362 0.027818472138679502 -0.86602540378443849 17.023393249511752 0.16393709637383153 -0.19504213333129897 0.52549714510367762 44.287889705251409 24.928599026542553 10.109254455566452 67512.000000000015 0.36494659747811103
decision_type=2 2 2 2 2 2 2 2 2 2 2 2
left_child=2 -2 3 10 5 -3 -6 8 -4 -9 -1 -5
right_child=1 4 7 11 6 -7 -8 9 -10 -11 -12 -13
leaf_value=-0.020499754827533079 -0.10645169450747433 0.036526475536690604 0.0031375499417584775 0.0094811276758870779 -0.012981125502151969 -0.021420073025675789 -0.0021479905300397029 0.035746381181926724 -0.096939983434016941 -0.061771491409127355 0.010334264464047987 -0.048794806920582981
leaf_weight=3403.5868134292941 76.050831087562983 1210.2132965260971 39885.149269156362 2039.3588838031901 7638.4455848917387 901.10012343481503 17047.849308284094 881.22012445537257 77.528340371427475 85.689017577431514 416.39432372359443 90.505120846341015
leaf_count=47036 4209 23788 953512 121801 170657 13989 261870 29561 10230 3619 8166 21670
internal_value=-0.000366911 -0.00444587 0.00197158 -0.00853049 -0.00413658 0.0118029 -0.00550193 0.0034991 0.00293129 0.0268309 -0.0171296 0.00689631
internal_weight=73753.1 26873.7 46879.4 5949.85 26797.6 2111.31 24686.3 40929.6 39962.7 966.909 3819.98 2129.86
internal_count=1670108 474513 1195595 198673 470304 37777 432527 996922 963742 33180 55202 143471
is_linear=0
shrinkage=0.1


Tree=135
num_leaves=16
num_cat=0
split_feature=13 9 1 0 0 28 1 1 20 24 0 13 28 26 23
split_gain=76.0927 306.231 262.184 165.745 138.891 102.795 96.9083 207.274 172.352 121.669 102.309 288.388 134.656 59.8555 47.5674
threshold=0.13677215576171903 0.32678617397282955 6.0000000000000009 75.704902458871217 42.553261012995556 5.2101910114288357e-05 209.26500000000001 379.10500000000008 4.1277694702148606 -174201.74999999997 25.844237180583203 0.15123748779296903 3.4768883296010258e-05 6462.0000000000009 1.0615853980038403
decision_type=2 2 2 2 2 2 2 2 2 2 2 2 2 2 2
left_child=1 2 14 -4 13 -6 10 9 -9 -8 12 -12 -2 -3 -1
right_child=6 4 3 -5 5 -7 7 8 -10 -11 11 -13 -14 -15 -16
leaf_value=-0.0031533351467109916 -0.0096402501810289691 -0.02990431617202971 0.012521689621694955 -0.022821659873568365 -0.085826184266906136 0.045923221766030156 -0.063216138458486101 0.0032331027384379092 -0.030699557741240377 -0.017585795455513861 -0.049123752407831595 0.0083544860362477665 0.0087631913619182281 0.03678781317455565 -0.06846827719695639
leaf_weight=143.14462701745651 14331.871289968461 383.79496612071671 18780.504182016797 1423.1697439862219 612.6141522734506 62.391459357771964 964.78104384437029 7954.1500990258064 1838.6338419487765 1484.6996678986434 910.91855569687323 18606.849676919053 5497.068355241543 200.93037523794919 507.48312823000742
leaf_count=1591 221237 14197 419346 188477 119851 2033 32140 77450 157045 11282 54267 262129 45557 6595 56374
internal_value=0.000206869 0.00511385 0.00800972 0.010027 -0.042668 -0.0734003 -0.00189684 -0.00966496 -0.0031503 -0.0356505 0.000521038 0.00566001 -0.00453744 -0.00686916 -0.054232
internal_weight=73703 22114 20854.3 20203.7 1259.73 675.006 51589 12242.3 9792.78 2449.48 39346.7 19517.8 19828.9 584.725 650.628
internal_count=1669571 808464 665788 607823 142676 121884 861107 277917 234495 43422 583190 316396 266794 20792 57965
is_linear=0
shrinkage=0.1


Tree=136
num_leaves=16
num_cat=0
split_feature=35 0 1 19 28 0 32 7 29 32 7 0 28 19 32
split_gain=83.8312 154.331 189.918 145.25 144.598 133.949 141.822 126.69 145.509 235.928 117.918 112.793 103.014 84.6819 65.938
threshold=1.0000000180025095e-35 69.567950405037422 54.300000000000004 280.89035797119158 0.00010343734174966851 186.31858943684901 -250393.24999999997 -0.53258854389563892 9.9905278716505585e-07 145096.50000000003 -0.99931357924004838 146.23933569612802 1.2258851711521852e-08 269.75186920166055 52268.500000000007
decision_type=2 2 2 2 2 2 2 2 2 2 2 2 2 2 2
left_child=1 2 3 -1 -4 6 -3 10 9 -9 14 -10 -12 -7 -2
right_child=7 5 4 -5 -6 13 -8 8 11 -11 12 -13 -14 -15 -16
leaf_value=-0.027883601937115584 0.011563791431442731 0.060349125961306885 -0.033063866365061589 0.002907747617169219 0.0016493717164281615 0.012477819630021043 0.0067599114490310809 0.010177597918738806 0.0011879100083627637 0.063198435759315136 -0.012360795521791562 -0.035175525726994082 0.0016259411410042 -0.063015232711536862 0.061745329872028534
leaf_weight=1830.2811515483772 869.98983707551088 527.87140547714807 4594.2592301349796 9266.5506400109953 1622.9484373716405 226.34515914552321 6774.7117911703099 14800.04171752464 9199.7629917235608 885.02100167242315 9840.8600538345418 935.14894434122107 11317.795987465237 419.6340474280878 371.56379853060935
leaf_count=22751 6710 142655 191222 236303 14416 5768 182244 354691 88678 21160 237131 10952 111261 41047 3223
internal_value=-6.27804e-05 -0.00472867 -0.0100236 -0.00218116 -0.0240082 0.0068041 0.0106723 0.00238192 0.00715555 0.0131885 -0.00312085 -0.00218304 -0.00488065 -0.0366705 0.0267692
internal_weight=73482.8 25262.6 17314 11096.8 6217.21 7948.56 7302.58 48220.2 25820 15685.1 22400.2 10134.9 21158.7 645.979 1241.55
internal_count=1670212 836406 464692 259054 205638 371714 324899 833806 475481 375851 358325 99630 348392 46815 9933
is_linear=0
shrinkage=0.1


Tree=137
num_leaves=16
num_cat=0
split_feature=37 32 22 7 0 18 13 13 37 0 38 18 7 13 13
split_gain=82.8812 100.132 121.912 120.456 99.195 90.9904 91.9493 101.299 92.0986 86.0571 269.521 236.388 84.1871 56.4302 46.5688
threshold=-0.86602540378443849 13624.500000000002 -270.98652496337849 0.85052714489673609 48.201119729031056 15.048646545410202 0.13614654541015653 0.098152160644531264 -0.93301270189221941 16.702063128167403 0.25000000000000011 13.343614196777351 0.61267468260028612 0.089149475097656264 0.25537872314453153
decision_type=2 2 2 2 2 2 2 2 2 2 2 2 2 2 2
left_child=5 2 4 -4 -2 12 7 -7 -8 11 -11 -3 13 -1 -14
right_child=1 9 3 -5 -6 6 8 -9 -10 10 -12 -13 14 -15 -16
leaf_value=-0.062051646214259161 -0.0038335236300392436 -0.0050926281438072145 0.017723959580349887 -0.026144360192626392 0.0094070299796043619 -0.0067344745567428938 -0.044564662096665299 0.024936825873436021 0.0088639972050997707 -0.026820493235414241 -0.00013849554000841001 0.02720505978914628 -0.0082695883613275855 -0.022455373446048969 0.050822973698460255
leaf_weight=412.42944823487778 15730.593212614858 8542.1532813541708 8430.7090926549972 671.73324093403789 8830.1686954097895 2473.077569561483 824.05680855655737 1700.0744390461768 525.8210191633807 5209.0868817400624 13820.324272599653 3078.8095710057096 346.29242247099683 2741.9625407393323 210.7294110560324
leaf_count=10481 385167 88892 82614 9841 359874 99299 30577 64975 23952 224935 205817 34388 8494 34912 4584
internal_value=-0.000444824 0.000827443 0.00459221 0.014474 0.000927711 -0.00930122 -0.0011597 0.0061823 -0.0237966 -0.00330746 -0.00744752 0.00347221 -0.0213989 -0.0277225 0.0143392
internal_weight=73548 64313.6 33663.2 9102.44 24560.8 9234.44 5523.03 4173.15 1349.88 30650.4 19029.4 11621 3711.41 3154.39 557.022
internal_count=1668802 1391528 837496 92455 745041 277274 218803 164274 54529 554032 430752 123280 58471 45393 13078
is_linear=0
shrinkage=0.1


Tree=138
num_leaves=16
num_cat=0
split_feature=34 27 9 24 7 4 14 12 21 18 9 38 7 9 12
split_gain=63.6008 146.391 90.4649 96.0391 199.36 92.816 112.766 91.281 78.5126 91.5786 72.6479 64.1592 61.9497 56.143 45.8777
threshold=-0.12263488769531149 -2.4770095478743298e-05 0.16909245607799953 -183562.49999999997 0.25007372689092555 -0.9223499532486098 14.696267700195351 -16.606159786364547 0.08803332117592301 14.573167419433601 0.32678617397282955 1.0000000180025095e-35 -0.41069844579395748 0.28063155621873054 -34.59508812763174
decision_type=2 2 2 2 2 2 2 2 2 2 2 2 2 2 2
left_child=2 10 5 4 -4 6 -1 -7 13 -10 12 -5 -2 -3 -12
right_child=1 8 3 11 -6 7 -8 -9 9 -11 14 -13 -14 -15 -16
leaf_value=0.022722430684538022 0.010041128865378439 -0.0028234479220657343 -0.047164576403137717 -0.022936112117259794 -0.00075046670214599031 0.010991981140600222 -0.050253759951341175 -0.0012371169713989653 -0.016078423135843716 -0.0014129844178675331 0.0017881853638208143 0.012601922621851025 -0.0069586003725492342 0.018577432211517853 0.042394490203755679
leaf_weight=4148.172428195765 6032.1108432042674 5301.1929083147152 1425.6941842932683 622.48295262095053 2620.7805394113711 9669.7030301981722 218.4985064498469 16533.851287158097 11051.92341748652 6926.3210871858973 409.593270812642 2666.8482579408446 3319.5758532347609 1589.1903675626963 865.60736878844546
leaf_count=71944 157115 35422 87859 7826 93723 136321 3069 362826 206969 300103 13336 22284 129466 9501 31177
internal_value=0.000286756 -0.00275495 0.00313502 -0.00683443 -0.0171416 0.00552808 0.0190176 0.00327693 -0.00695265 -0.0104304 0.00706698 0.00585199 0.00400623 0.00212232 0.0294097
internal_weight=73401.5 35495.5 37906 7335.81 4046.47 30570.2 4366.67 26203.6 24868.6 17978.2 10626.9 3289.33 9351.69 6890.38 1275.2
internal_count=1668941 883089 785852 211692 181582 574160 75013 499147 551995 507072 331094 30110 286581 44923 44513
is_linear=0
shrinkage=0.1


Tree=139
num_leaves=16
num_cat=0
split_feature=34 25 32 2 37 2 2 17 6 15 12 8 17 6 32
split_gain=64.5031 53.1306 58.2459 106.601 80.0488 35.0642 83.7652 30.3329 26.7404 26.617 39.8628 20.726 8.82322 10.6087 10.341
threshold=3.9251327514648451 1628359.0000000002 15112.500000000002 1.3674450075548703 -0.68301270189221885 1.9779169174107452 0.95437734395447715 3.9120166202698554 0.46065193048899605 1.1178665161132852 13.740233097372402 0.59586126548243112 1.5322756685661501 0.69222466029300311 4828.5000000000009
decision_type=2 2 2 2 2 2 2 2 2 2 2 2 2 2 2
left_child=1 2 4 -4 -1 6 -3 -7 9 11 -11 -2 14 -14 -10
right_child=8 5 3 -5 -6 7 -8 -9 12 10 -12 -13 13 -15 -16
leaf_value=-0.0061117529767742351 -0.062843869869459973 -0.012302271540427396 -0.00094001631890866164 -0.020093976502495108 0.0051356159870179028 0.057926388223750784 -0.0786316414340585 -0.053222612852569899 0.05604218854452471 -0.030248360605531197 0.10615177482502597 0.022619407227093453 0.12806832568863083 -0.020535771749497566 -0.052479288097351785
leaf_weight=7919.6765153143169 326.56790705829189 1252.8346364352001 28730.226122736796 3227.6629368677059 31405.567246684917 96.82325702234084 220.14575707455879 28.045695991830144 11.696387317861083 93.649365058019612 22.370689710063743 28.559561118101556 10.720034809299248 5.1544056216007439 13.523292088804736
leaf_count=171157 29226 250683 511936 97251 509872 26695 52178 3265 434 10089 857 1733 1918 952 731
internal_value=-0.000361264 -0.000111517 0.000293321 -0.00287736 0.00287003 -0.0181167 -0.0224481 0.0318742 -0.0355504 -0.0423324 -0.000648936 -0.0557522 0.0383633 0.0864555 -0.00120409
internal_weight=73393.2 72881 71283.1 31957.9 39325.2 1597.85 1472.98 124.869 512.242 471.148 116.02 355.127 41.0941 15.8744 25.2197
internal_count=1668977 1623037 1290216 609187 681029 332821 302861 29960 45940 41905 10946 30959 4035 2870 1165
is_linear=0
shrinkage=0.1


Tree=140
num_leaves=16
num_cat=0
split_feature=18 0 3 29 0 38 24 0 35 29 38 8 8 9 29
split_gain=76.374 193.38 206.694 138.109 95.7638 330.838 248.823 215.448 176.294 155.107 90.2844 85.5022 158.15 119.875 60.7835
threshold=9.7637039184570558 25.844237180583203 0.19799895908092205 2.9802324164052159e-08 64.549764521068809 1.0000000180025095e-35 -246908.24999999997 60.33278026594666 0.37940952255126054 4.4867395843084515e-06 0.86602540378443871 -0.16950514616430748 -0.027564234812913046 0.13199422550839204 2.9031804331225403e-05
decision_type=2 2 2 2 2 2 2 2 2 2 2 2 2 2 2
left_child=1 2 14 -4 7 9 -7 8 -2 -6 -9 13 -13 -3 -1
right_child=4 11 3 -5 5 6 -8 10 -10 -11 -12 12 -14 -15 -16
leaf_value=0.059234324912992242 -0.0032426443146644046 0.010033029043112826 -0.035291900409134228 -0.0064915317609298313 -0.055775025773450539 0.039404958546261117 -0.0070839506135732854 0.11298026126735253 0.010542278444995523 0.0034152794637915037 -0.018995589180895795 -0.032661387205227412 0.00044740185231533321 -0.081827258852428419 -0.027441211368717508
leaf_weight=420.41720335838909 16860.369918667631 8844.5155192424718 3722.7273294607876 3014.0013841748878 1621.8921450573871 1579.2567964231021 4208.8852998500515 252.47257026436273 20618.107554759517 607.47915215097601 63.263141215807991 1690.3509603779094 9681.1958577380065 139.4228069439414 96.766985116526484
leaf_count=3771 500230 91068 57693 33001 337792 148049 50427 9242 239788 21060 1330 27205 146502 3391 672
internal_value=0.000430749 -0.00372338 -0.0177368 -0.022421 0.00293446 -0.00698927 0.00562331 0.00504028 0.00434128 -0.0396748 0.0866527 0.00127359 -0.00448633 0.00856272 0.0429096
internal_weight=73421.1 27609.4 7253.91 6736.73 45811.7 8017.51 5788.14 37794.2 37478.5 2229.37 315.736 20355.5 11371.5 8983.94 517.184
internal_count=1671221 363303 95137 90694 1307918 557328 198476 750590 740018 358852 10572 268166 173707 94459 4443
is_linear=0
shrinkage=0.1


Tree=141
num_leaves=15
num_cat=0
split_feature=22 4 2 2 4 2 35 4 2 10 4 37 4 14
split_gain=58.0498 179.181 215.686 164.493 145.282 144.482 85.7407 67.9608 146.525 126.14 117.841 97.558 86.9831 44.7814
threshold=-269.34570922851543 -0.76574417806518735 3.9662115970631108e-14 1.1566319573956931e-14 -0.71439417785645687 0.94977176602688707 0.37940952255126054 0.29108647533251558 1.6051463670831052 -0.40408104827587693 0.17866081087719302 -0.86602540378443849 0.23912528755666704 8.5657592773437781
decision_type=2 2 2 2 2 2 2 2 2 2 2 2 2 2
left_child=7 5 3 -3 -4 6 -2 10 9 -9 11 -1 -12 -7
right_child=1 2 4 -5 -6 13 -8 8 -10 -11 12 -13 -14 -15
leaf_value=-0.015359492825689817 0.017221482190743615 0.015736096899478646 -0.10049145850856263 0.10220735522392849 -0.0091404895579409815 -0.024234800269696908 0.071626007581806109 -0.0063815145209894647 -0.097549344333601129 0.0089746078669869465 -0.046457217038403553 1.8147046547795758e-06 -0.0098132599896345631 0.019889171629592195
leaf_weight=4713.611905490121 439.25106672492984 1352.8348646077065 177.0735719238146 258.37072176906804 4021.8157978745658 378.34233208975638 868.60711071030528 7976.0444719115985 138.1815959736341 16219.492451228762 1013.8906054852851 33389.250304228175 1788.5915295419982 570.13063138889265
leaf_count=141257 6532 21022 8171 5352 97665 6681 10903 177587 19163 376830 44260 714875 36007 3387
internal_value=0.000121581 0.00812172 -0.00117255 0.0298758 -0.0131078 0.0320043 0.0534891 -0.000868135 0.00331612 0.0039122 -0.00335736 -0.00190026 -0.0231296 0.0022535
internal_weight=73305.5 8066.43 5810.09 1611.21 4198.89 2256.33 1307.86 65239.1 24333.7 24195.5 40905.3 38102.9 2802.48 948.473
internal_count=1669692 159713 132210 26374 105836 27503 17435 1509979 573580 554417 936399 856132 80267 10068
is_linear=0
shrinkage=0.1


Tree=142
num_leaves=16
num_cat=0
split_feature=3 1 10 5 29 13 0 29 0 3 34 8 5 15 23
split_gain=67.0182 142.285 150.265 182.826 149.325 105.894 252.702 124.419 121.817 250.436 115.893 86.2232 75.9144 52.9645 32.6715
threshold=0.64525471776438859 549.36000000000013 0.43470984636111959 0.079473531269269718 1.5027821063995353e-05 0.24956512451171903 122.51689854280453 8.0727040767669712e-06 55.838325919401605 1.5051006284746853 -0.5958633422851749 -0.087112712619938179 -0.77839550874373287 -1.1563816070556647 1.1197465152776802
decision_type=2 2 2 2 2 2 2 2 2 2 2 2 2 2 2
left_child=1 2 11 -4 14 6 10 -8 9 -7 -2 -1 -10 -6 -3
right_child=5 4 3 -5 13 8 7 -9 12 -11 -12 -13 -14 -15 -16
leaf_value=-0.0054241598141934397 0.021396820682480212 0.0075286974284329098 -0.016459075008983779 -0.10511971706184631 0.091563329695724088 -0.0028015922221426158 -0.080797621891527616 0.020832575718256245 -0.037434763229699547 -0.040149673389187894 0.0045628111665442462 0.0064019628406206276 0.0079832949064923935 -0.010001928153701961 -0.079226027615028755
leaf_weight=13936.82697105105 5437.8468309284362 46.161252486053854 2568.3198973667713 251.15348733466817 53.295789832227456 10654.338299838353 471.57390869800292 158.84004911351076 379.42623029068636 2154.4808468799674 16465.858928631922 11047.52880470681 8665.4120098418534 425.74635827231396 554.94521536629691
leaf_count=322215 131113 497 100852 19454 1065 99804 80008 3955 4215 40192 324011 244026 161360 9061 127715
internal_value=-0.000304482 -0.00405323 -0.00266628 -0.0245289 -0.0395776 0.00213508 0.00694438 -0.0552283 -0.00282442 -0.00909686 0.00874598 -0.000194676 0.0060584 0.0021268 -0.0725567
internal_weight=73271.8 28884 27803.8 2819.47 1080.15 44387.8 22534.1 630.414 21853.7 12808.8 21903.7 24984.4 9044.84 479.042 601.106
internal_count=1669543 824885 686547 120306 138338 844658 539087 83963 305571 139996 455124 566241 165575 10126 128212
is_linear=0
shrinkage=0.1


Tree=143
num_leaves=16
num_cat=0
split_feature=14 0 37 13 2 15 2 0 2 30 7 16 34 2 35
split_gain=67.8322 141.502 75.6004 155.916 117.073 89.5785 70.588 157.475 105.147 69.8874 118.859 107.973 47.1295 53.3288 39.2964
threshold=4.1291595458984611 25.844237180583203 0.68301270189221963 0.24080657958984403 0.72906490195617513 1.5590133666992203 0.25245862350071807 146.23933569612802 0.42306052340808359 -8.1342877820134129e-06 -0.86248151156993491 -0.99630737304687489 -3.1076660156250044 0.46604109510119807 0.60355339059327406
decision_type=2 2 2 2 2 2 2 2 2 2 2 2 2 2 2
left_child=1 12 9 4 -4 -5 7 -3 -8 10 -2 -11 14 -14 -1
right_child=2 6 3 5 -6 -7 8 -9 -10 11 -12 -13 13 -15 -16
leaf_value=-0.021847034920254558 -0.020204067313116868 -0.030889553475563259 0.0032677132851129196 -0.0068063669319172061 0.037285145356929804 0.016471493561363737 0.045536424757886627 0.0084287372314034714 -0.00073364846631405382 -0.012788277016921954 -0.0011473312514459957 0.0043858212073279055 -0.075542359943532061 -0.028664018713452335 0.15285385898517534
leaf_weight=25.167329429157689 4388.4196665665222 2331.6956174202132 1701.6196553875161 5833.2465681056201 2494.0405121828117 2301.1978464915446 522.45790031981596 1802.8153131965264 7129.2565844226447 4254.9722418400088 12835.719447233445 26021.809290226975 302.99385885244556 1216.7842318274888 19.241956679063151
leaf_count=7138 129024 103271 54541 91163 53618 28152 13517 55455 276234 56795 378948 349693 17251 53312 1387
internal_value=-0.000549582 -0.00699333 0.000888709 0.00786399 0.0235091 -0.000215092 -0.00323608 -0.0137557 0.00245334 -0.000922544 -0.00600712 0.00197053 -0.0352038 -0.0382271 0.0616566
internal_weight=73181.4 13350.4 59831 12330.1 4195.66 8134.44 11786.2 4134.51 7651.71 47500.9 17224.1 30276.8 1564.19 1519.78 44.4093
internal_count=1669499 527565 1141934 227474 108159 119315 448477 158726 289751 914460 507972 406488 79088 70563 8525
is_linear=0
shrinkage=0.1


Tree=144
num_leaves=15
num_cat=0
split_feature=36 3 30 12 3 26 1 13 10 18 4 12 36 14
split_gain=63.3418 115.132 76.1262 158.34 137.399 71.4583 146.402 142.318 69.4306 60.0369 72.4989 54.0932 15.066 1.4625
threshold=0.12940952255126006 0.027818472138679502 -6.1280443333089343e-06 8.5255895690689467 0.16393709637383153 -511026.99999999994 297.50000000000006 0.12581634521484403 0.96770090194749858 16.310098266601603 -0.99987154017421087 -24.239351802746544 0.25881904510252057 8.5100036621094013
decision_type=2 2 2 2 2 2 2 2 2 2 2 2 2 2
left_child=5 12 3 -3 -4 6 8 -8 -1 11 -11 -7 13 -2
right_child=1 2 4 -5 -6 9 7 -9 -10 10 -12 -13 -14 -15
leaf_value=-0.01431196344223035 -0.018211429840346707 -0.015455727936155234 0.02220669277769163 0.010903912777151192 -0.0016345946798418339 0.0099821040020319496 0.17325826041751824 0.0076803277836115999 -0.065024869092138449 0.09130369251902376 0.013614658967532695 -0.00011149262042817513 -0.10371289184000861 0.032658003499442381
leaf_weight=1722.4743136489087 7.3741482482801057 9125.6306993861872 2654.5882337127587 3032.7391530363602 26525.018427762207 7574.2569108545467 71.087709391169483 164.93463482763036 316.33291100363931 119.11391895536508 3942.9238430558325 17728.909327718855 121.66844525998749 5.6415649518894497
leaf_count=213067 437 243757 41479 53683 403113 97607 52883 40999 45200 2684 200218 267517 6188 231
internal_value=3.16447e-05 -0.00253914 -0.0022326 -0.0088789 0.000537778 0.0034012 -0.0136546 0.0601105 -0.0223202 0.00472456 0.0160022 0.0029113 -0.0931743 0.00678193
internal_weight=73112.7 41472.7 41338 12158.4 29179.6 31640 2274.83 236.022 2038.81 29365.2 4062.04 25303.2 134.684 13.0157
internal_count=1669063 748888 742032 297440 444592 920175 352149 93882 258267 568026 202902 365124 6856 668
is_linear=0
shrinkage=0.1


Tree=145
num_leaves=16
num_cat=0
split_feature=34 16 35 16 9 4 5 5 28 7 34 30 9 30 4
split_gain=72.1763 70.3603 82.1294 57.3139 152.139 95.4484 85.1208 74.3662 62.5353 54.623 49.4224 36.914 14.6762 22.2555 10.6381
threshold=-1.9327774047851649 0.69740009307861361 0.37940952255126054 -1.3134155273437549 0.32678617397282955 -1.0000000180025095e-35 -0.77839550874373287 -0.70556444623011139 0.00053640476434679862 0.68113297063747213 -3.1076660156250044 -1.5321420505642897e-06 0.1030326911865647 3.3120159059763002e-07 -0.9223499532486098
decision_type=2 2 2 2 2 2 2 2 2 2 2 2 2 2 2
left_child=1 2 11 4 5 -2 8 -8 -5 -6 -4 -1 14 -14 -3
right_child=3 12 10 6 9 -7 7 -9 -10 -11 -12 -13 13 -15 -16
leaf_value=-0.01880322450602865 -0.026007590302066893 0.03390303054031741 0.1042234888823228 -0.021479754470484416 0.064505353908647076 -0.0033023662822767698 0.014015938360554923 0.00024723069427389394 0.030253630169990539 0.011855657245194079 0.037139756843299843 0.01894608100461536 -0.052702609080238161 0.0079582270040824462 -0.0068721821425226622
leaf_weight=374.28890149807921 3179.5973438401052 70.138961026023026 124.49384032306261 2513.3456722927367 315.99686252301763 4426.9168584735744 4220.0496929661458 54826.654056249048 253.18845426838379 517.89936262986885 834.8959080349814 813.81632620164964 157.69881909660035 94.399916564929299 426.07597893159982
leaf_count=50788 61495 5105 10076 63650 7103 73845 68069 1225746 1340 9250 18565 9479 26248 1245 37504
internal_value=1.10772e-05 0.015469 0.0246557 -0.000627145 -0.00835415 -0.0128042 0.000428543 0.00123238 -0.0166992 0.0320723 0.04634 0.00702495 -0.0108834 -0.0302748 -0.000827976
internal_weight=73149.5 2895.81 2147.49 70253.6 8440.41 7606.51 61813.2 59046.7 2766.53 833.896 959.39 1188.11 748.314 252.099 496.215
internal_count=1669508 159010 88908 1510498 151693 135340 1358805 1293815 64990 16353 28641 60267 70102 27493 42609
is_linear=0
shrinkage=0.1


Tree=146
num_leaves=9
num_cat=0
split_feature=10 4 23 29 4 4 12 11
split_gain=54.9315 53.8132 78.1949 88.6105 61.764 132.476 59.669 31.0446
threshold=33.153807556851909 0.97239307661194807 0.71224198738180655 3.6140903830528307e-05 0.29108647533251558 0.17866081087719302 -28.882908489919146 -0.83930092611767193
decision_type=2 2 2 2 2 2 2 2
left_child=1 4 7 -4 5 -1 -6 -3
right_child=-2 2 3 -5 6 -7 -8 -9
leaf_value=-0.00025772145786298617 -0.093235965258366096 0.060700019670979502 -0.033250948322178273 0.011835679723805123 0.014296502255952012 -0.021793872826800245 0.0020304340845518731 0.0022332630603904675
leaf_weight=43040.631592164442 58.316730379592627 160.40525130415335 1629.73198645296 591.46146198255883 4977.3382592910566 3054.3070445834746 19450.430403202939 202.27816697087474
leaf_count=920603 20158 1156 77801 7002 93204 95943 451828 1531
internal_value=-0.000133008 -5.23693e-05 -0.0142123 -0.0212456 0.000467406 -0.00168694 0.00453215 0.0285654
internal_weight=73164.9 73106.6 2583.88 2221.19 70522.7 46094.9 24427.8 362.683
internal_count=1669226 1649068 87490 84803 1561578 1016546 545032 2687
is_linear=0
shrinkage=0.1


Tree=147
num_leaves=16
num_cat=0
split_feature=34 35 1 27 14 13 24 38 6 7 18 1 6 6 16
split_gain=65.6666 80.8872 100.941 86.1334 78.5178 137.557 124.341 180.542 118.122 83.6734 77.7678 72.6035 33.4677 36.7183 22.3231
threshold=-0.96374511718747935 -1.0000000180025095e-35 464.32500000000005 -2.7526752091944248e-05 11.231912231445351 0.072242736816406264 -249394.49999999997 0.68301270189221908 -0.28457659249666545 -0.87232654146951594 20.420419311523453 1150.1350000000002 -0.64646668086478043 -0.4145080481993984 -0.91896629333496038
decision_type=2 2 2 2 2 2 2 2 2 2 2 2 2 2 2
left_child=1 12 3 -3 5 9 7 -6 -7 -2 -8 -4 14 -14 -1
right_child=4 2 11 -5 6 8 10 -9 -10 -11 -12 -13 13 -15 -16
leaf_value=0.014491000338658418 0.019594728021837149 -0.018398682500771809 -0.048708679915590726 0.018817471365154732 0.0097908617116215929 -0.011603481262219233 0.00048850555890543558 0.067333207532011427 0.00049088438427445798 -0.051943788467895768 -0.028657251204622827 0.0039072687899206759 0.029548945320386197 -0.0061319660412427722 -0.047585700468499831
leaf_weight=70.230704618650634 196.95327692923092 677.25059894199876 427.53215120151799 7136.7476394537189 5359.4689450587612 11515.531136924117 13871.747764443746 602.40812434488907 27003.276775500715 896.0571161733933 975.15636345554958 664.46031762613711 312.90994437332847 3106.7354861499844 279.67258013570245
leaf_count=2402 14935 57466 34660 104631 233127 189124 114945 8856 610282 109354 20159 22800 7656 127418 11741
internal_value=-0.000135622 0.00640678 0.0116019 0.0155822 -0.00150856 -0.00412116 0.00346462 0.0156567 -0.00312587 -0.0390225 -0.00143481 -0.0168208 -0.00586648 -0.00282866 -0.0350974
internal_weight=73096.1 12675.5 8905.99 7814 60420.6 39611.8 20808.8 5961.88 38518.8 1093.01 14846.9 1091.99 3769.55 3419.65 349.903
internal_count=1669556 368774 219557 162097 1300782 923695 377087 241983 799406 124289 135104 57460 149217 135074 14143
is_linear=0
shrinkage=0.1


Tree=148
num_leaves=16
num_cat=0
split_feature=34 30 19 22 2 1 20 34 2 33 33 11 9 11 22
split_gain=63.1008 62.8777 58.6908 84.4572 80.3489 91.0051 82.7151 75.1547 62.7793 44.9092 30.9032 30.0516 26.3885 14.1419 7.12795
threshold=-2.0972213745116997 -1.3326061889529247e-06 278.927299499512 -269.26686706542944 4.0071144863697555e-16 74.185000000000016 4.1936492919922008 0.22868347167969502 4.7099244186189657e-16 3.5269622802734006 3.5269622802734006 -2.7455014218044194 0.28860211205121156 0.42375848188197307 -273.93903961181644
decision_type=2 2 2 2 2 2 2 2 2 2 2 2 2 2 2
left_child=1 10 4 8 5 -2 -6 -5 -4 11 12 -3 -1 -11 -12
right_child=2 9 3 7 6 -7 -8 -9 -10 13 14 -13 -14 -15 -16
leaf_value=0.010260565371626069 -0.057009642303911492 0.086858657144736701 -0.014921691097694973 0.023639693929561351 -0.0042104655110811228 0.064865403899191168 -0.025308435205628445 -0.014983043531671458 0.00068136531561661083 0.013103964971775623 0.030143776354778568 0.03499238056402449 -0.041848801905185723 -0.031195288190466949 -0.05766172827297103
leaf_weight=795.82007012100439 73.024564908904722 130.15372775297146 2717.8099442739694 2669.9709083989219 13710.135507295257 292.22806974127889 2145.2278206224655 617.08570267644245 48708.656920264497 245.88378509510949 7.0703299547312772 771.46002965371736 105.64045199537577 96.105579099836177 103.37971088350605
leaf_count=87312 1317 1108 44177 40728 131476 1608 89877 25966 1194831 2168 475 11325 28405 1533 7136
internal_value=-0.000192808 0.0162548 -0.000716906 0.000849395 -0.00599881 0.0400582 -0.0070721 0.0163772 -0.000144603 0.0312694 -0.00226059 0.0429173 0.00395681 0.000384896 -0.0509789
internal_weight=73189.7 2255.51 70934.1 54713.5 16220.6 365.253 15855.4 3287.06 51426.5 1243.6 1011.91 901.614 901.461 341.989 110.45
internal_count=1669442 139462 1529980 1305702 224278 2925 221353 66694 1239008 16134 123328 12433 115717 3701 7611
is_linear=0
shrinkage=0.1


Tree=149
num_leaves=16
num_cat=0
split_feature=3 1 10 9 16 22 8 38 2 16 9 24 8 0 24
split_gain=68.169 121.155 118.859 158.416 110.594 105.269 59.0757 54.0739 163.228 126.433 122.818 185.147 93.2115 59.7565 24.1401
threshold=0.64525471776438859 549.36000000000013 0.43470984636111959 -0.074221673662319285 -0.18772888183593747 -270.56670989990249 0.22870283283192452 0.93301270189221963 0.82855903123502062 1.1545791625976602 0.16909245607799953 -196136.99999999997 0.22330164918360204 141.74865608618953 -192132.99999999997
decision_type=2 2 2 2 2 2 2 2 2 2 2 2 2 2 2
left_child=1 2 5 -4 6 -1 -3 10 9 -9 12 -12 -2 -10 -6
right_child=7 4 3 -5 14 -7 -8 8 13 -11 11 -13 -14 -15 -16
leaf_value=-0.0046317277548171103 0.003554356215166558 -0.047745552065508484 -0.076434630037419085 -0.011837088780205002 -0.075494051590244513 0.0099140586566104014 0.055808102875214483 0.036042726768520446 -0.0075209922794370861 -0.021509818323229096 -0.031499898435539325 0.0030549433341365445 -0.096818358936376345 0.031967559147992756 -0.039405246997512605
leaf_weight=18106.270885526661 30968.577821372284 78.054427307353762 449.964676680087 2310.1000059630969 346.73115034915463 6854.867314688825 160.52573856915478 2599.4706829983043 3501.6187010770664 443.83865646965569 2750.7251907263962 3543.883497333969 87.803054280091601 425.27421813216642 443.59047058055876
leaf_count=478965 589961 8222 39438 80787 97384 87555 22555 21065 39156 4733 135478 32219 15982 6189 9888
internal_value=-0.000277418 -0.00406935 -0.00281526 -0.0224874 -0.0376808 -0.000635955 0.0216446 0.0021825 0.0102648 0.0276277 0.000673056 -0.0120584 0.00325504 -0.00320925 -0.0556133
internal_weight=73071.3 28750.1 27721.2 2760.06 1028.9 24961.1 238.58 44321.2 6970.2 3043.31 37351 6294.61 31056.4 3926.89 790.322
internal_count=1669577 824794 686745 120225 138049 566520 30777 844783 71143 25798 773640 167697 605943 45345 107272
is_linear=0
shrinkage=0.1


Tree=150
num_leaves=13
num_cat=0
split_feature=23 10 34 36 22 12 32 38 12 22 34 12
split_gain=51.0175 50.136 47.7746 48.8836 36.7363 30.3879 33.918 49.7538 32.0563 28.5154 18.2992 12.6538
threshold=31.184338807395903 33.153807556851909 4.179168701171891 0.12940952255126006 -273.03959503173797 -1.6033938071247846 219617.50000000003 -0.25000000000000006 -69.802189466036694 -275.56785430908144 -5.8072814941405992 -1.1325734353653147
decision_type=2 2 2 2 2 2 2 2 2 2 2 2
left_child=1 2 3 -1 -4 8 11 -8 9 -2 -10 -7
right_child=5 -3 4 -5 -6 6 7 -9 10 -11 -12 -13
leaf_value=0.0037494481905724591 0.11773015838739542 -0.092457557334698848 -0.0014191174797832944 -0.0015265006035556413 -0.064184575901295712 0.095563329903338379 0.10936391363463321 -0.016362419492561443 0.10095700196837201 -0.05492728644139977 -0.052808194298422706 -0.024338831638261019
leaf_weight=30742.390351574228 18.253599195137216 53.005013320536818 174.45226229945547 40946.257686719007 195.91148324171081 4.1973787945062204 50.875630246213404 69.551016701778281 3.4416561159960102 12.346660758848882 393.94397350394865 343.81415455476599
leaf_count=598409 10534 15156 9360 625342 14252 13445 3522 5740 4525 10393 191655 167770
internal_value=0.00017956 0.000475069 0.000549838 0.000736099 -0.0350329 -0.0234632 -0.0057449 0.0389944 -0.0425659 0.0501357 -0.0502385 -0.0215596
internal_weight=73008.4 72112 72059 71688.6 370.364 896.424 468.438 120.427 427.986 30.6003 397.386 348.012
internal_count=1670103 1262519 1247363 1223751 23612 407584 190477 9262 217107 20927 196180 181215
is_linear=0
shrinkage=0.1


Tree=151
num_leaves=16
num_cat=0
split_feature=13 5 5 5 10 22 14 29 28 15 2 16 2 1 1
split_gain=55.1395 117.414 211.114 105.389 166.286 133.607 96.2482 157.983 89.646 78.2388 179.309 161.897 70.8937 67.4973 56.4999
threshold=0.32332611083984403 -0.21826821353970097 -0.39433242497415594 0.079473531269269718 0.40490598649961407 -266.57098236083993 -0.59888305664060237 1.23865902423859e-06 0.00041790455580326108 -0.37533950805664046 2.2004685522673704 -0.22876739501953147 0.28656995294599058 99.000000000000014 1588.5000000000002
decision_type=2 2 2 2 2 2 2 2 2 2 2 2 2 2 2
left_child=6 2 8 5 -5 -3 7 13 -2 11 -11 -8 -4 -1 -9
right_child=1 3 12 4 -6 -7 9 14 -10 10 -12 -13 -14 -15 -16
leaf_value=-0.0013774145319483267 -0.014258624145546512 0.0041257595710463592 -0.030002376101090873 -0.0054795245196346057 -0.065552484411622744 0.085873429733996934 -0.0064145423110622754 0.071189219556417022 0.012555927271535334 -0.0024516836139301243 0.027052024323290704 0.014797499811963672 -0.078105161776929055 -0.05619804771761118 -0.013940314559702835
leaf_weight=311.02143762665582 4325.2373841304361 13014.498201563692 698.87556455288723 4459.3088005080135 509.05183593457332 198.06989266129676 5165.0748943190047 195.18678022907989 1746.4952466234099 26824.847632426507 2226.2135215647977 11837.324327807608 555.73223035941919 805.63272356931338 125.37317318040004
leaf_count=44878 59143 146390 6095 59445 18046 1938 103321 5338 9385 721402 55075 289055 11433 135385 2568
internal_value=0.000156493 -0.00359324 -0.0142765 0.000714506 -0.0116942 0.00538326 0.00217064 -0.0232681 -0.0065416 0.00296696 -0.000186517 0.00835361 -0.0515351 -0.0410031 0.0381917
internal_weight=72997.9 25507.3 7326.34 18180.9 4968.36 13212.6 47490.7 1437.21 6071.73 46053.5 29051.1 17002.4 1254.61 1116.65 320.56
internal_count=1668897 311875 86056 225819 77491 148328 1357022 188169 68528 1168853 776477 392376 17528 180263 7906
is_linear=0
shrinkage=0.1


Tree=152
num_leaves=16
num_cat=0
split_feature=38 32 11 14 11 34 29 35 12 29 16 11 14 15 15
split_gain=49.7709 98.4828 71.727 65.9524 74.702 70.2919 163.969 93.5507 62.5096 60.2924 49.4839 87.0368 78.5475 44.4844 24.5001
threshold=0.93301270189221963 1964.5000000000002 -2.2760435917230746 11.90019378662115 19.597906720477152 -0.40174865722655995 7.800012826919557e-05 0.60355339059327406 1.0014930827600523 1.7197430082660503e-05 1.0477371215820301 -6.027439057739624 6.0946670532226817 1.0831069946289102 2.2089385986328156
decision_type=2 2 2 2 2 2 2 2 2 2 2 2 2 2 2
left_child=3 2 14 5 8 7 -7 -1 -5 -4 11 -3 -12 -6 -2
right_child=1 10 9 4 13 6 -8 -9 -10 -11 12 -13 -14 -15 -16
leaf_value=-0.0057654824135585292 -0.029752372337287919 -0.063859320154165733 0.04080735920044036 0.0012900783630531293 -0.088595382616703189 -0.01176316963038993 0.0062642445493765464 0.0090351162514005698 0.015122505080699811 0.0086408181600949249 -0.040694891709261674 0.0055490550241638383 0.0041924797202763106 0.030259632009971879 0.06168988694390061
leaf_weight=8434.1980656410415 300.62869013480667 179.39099502551835 1496.2277052894351 13188.679773062224 129.50194204554646 17666.451087094392 7057.8307567547381 8640.9592368388803 4338.2546910048404 957.74714140730794 674.21850849248585 8985.0896960182872 913.05531987547874 38.351640049237176 27.732185667395242
leaf_count=336874 4496 1607 33145 266251 8385 650267 60756 143096 61418 7879 9462 79065 6270 1169 233
internal_value=0.000202035 0.00567437 0.022425 -0.00104321 0.00407334 -0.00320941 -0.00661681 0.00172488 0.00471721 0.0282964 0.00133122 0.00415633 -0.014942 -0.0613493 -0.02122
internal_weight=73028.3 13534.1 2782.34 59494.2 17694.8 41799.4 24724.3 17075.2 17526.9 2453.97 10751.8 9164.48 1587.27 167.854 328.361
internal_count=1670373 142157 45753 1528216 337223 1190993 711023 479970 327669 41024 96404 80672 15732 9554 4729
is_linear=0
shrinkage=0.1


Tree=153
num_leaves=16
num_cat=0
split_feature=21 34 13 14 38 38 18 8 28 8 21 34 8 14 34
split_gain=44.4321 46.6012 63.6343 48.1433 102.925 53.7928 43.8628 19.7505 5.11323 2.67548 1.7412 0.686444 0.651644 0.635629 0.483566
threshold=2.3823110977823005 -2.7340927124023247 0.10143280029296901 5.825982666015646 0.86602540378443871 -0.68301270189221941 12.875802612304701 0.022166721445114855 8.5830687091004208e-07 0.89104622525418209 2.5663911096178107 -0.79727172851562933 -0.81711580576096632 11.292291259765651 -1.7427215576171597
decision_type=2 2 2 2 2 2 2 2 2 2 2 2 2 2 2
left_child=1 2 6 4 -3 -5 -1 -4 9 12 13 -12 -2 -10 -11
right_child=8 3 7 5 -6 -7 -8 -9 10 14 11 -13 -14 -15 -16
leaf_value=0.13718820259919684 -1.9391987951817497e-05 -0.012238988037816777 0.02410289558193833 -0.0045772663140091485 0.0025186483881930581 0.0032840010457674401 0.023397875255770438 -0.011500573821119997 -0.0072734667279443698 0.036052412709019342 0.015211839360731581 -0.033434083295646858 -0.081322150489192196 0.065295489740781296 -0.01128679249146626
leaf_weight=70.822694511611189 1.0007700021669723 8680.4551537405205 424.37849576614826 10978.610725414968 10363.541936986774 41946.942517730189 65.687746834249992 240.76745743097126 0.39148311209646536 0.14504157960618613 1.0740887005777042 2.4993931220524246 73.553556073518848 0.4434831326288986 0.63579732043945014
leaf_count=3819 4179 375250 21741 271852 157532 592120 13437 15963 676 811 3027 4590 201484 301 2697
internal_value=0.000285208 0.000369455 0.0242715 0.000101548 -0.00420949 0.00165302 0.0851946 0.0112256 -0.0720821 -0.0780029 0.016781 -0.0184683 -0.0803006 0.054194 0.0210836
internal_weight=72851 72771.2 801.656 71969.6 19044 52925.6 136.51 665.146 79.7436 75.3352 4.40845 3.57348 74.5543 0.834966 0.780839
internal_count=1669479 1451714 54960 1396754 532782 863972 17256 37704 217765 209171 8594 7617 205663 977 3508
is_linear=0
shrinkage=0.1


Tree=154
num_leaves=15
num_cat=0
split_feature=3 22 2 11 17 11 22 0 17 16 21 27 23 27
split_gain=60.6725 245.986 56.3824 237.894 108.353 57.6183 103.037 53.1701 46.6649 43.3275 26.2098 25.7503 23.7649 20.8437
threshold=12.639527209547602 -272.20631256103542 1.3674450075548703 19.597906720477152 0.78199458662247612 4.8008990528597311 -270.08720245361343 208.1784029207985 1.2412818269820052 1.4087600708007852 0.15994105698895453 -0.00015615951269865047 7.7336325697016957 -1.8751597963273549e-06
decision_type=2 2 2 2 2 2 2 2 2 2 2 2 2 2
left_child=2 8 5 4 -4 7 -7 -1 13 10 -3 -10 -11 -2
right_child=1 9 3 -5 -6 6 -8 -9 11 12 -12 -13 -14 -15
leaf_value=-0.00047457738149994563 0.0011166806350192396 -0.022084918775391458 0.019108723579404061 -0.099750392871058649 -0.011669753272835391 0.0037845660085715107 0.037918596161056431 -0.045319875503256293 0.020073697605030943 0.089243251669188006 -0.084242551847766522 0.090913596011442374 -0.026564806335137331 0.088283027353062843
leaf_weight=57745.062235266705 139.9573901357071 122.35393598675728 1435.1846041034878 272.54535443331406 5556.1939986636862 5702.5991197400508 1041.9742579993472 260.59993603543262 63.382113594096154 30.005115367472172 161.50986986444332 366.26521702183527 32.340629269805504 29.161602814536309
leaf_count=1262482 2464 762 20472 57095 149964 113289 11102 36139 1534 239 4926 7371 1237 288
internal_value=-0.000268769 0.0248382 -0.000599926 -0.00895083 -0.00534243 0.000337529 0.00908214 -0.000679941 0.0634409 -0.0418775 -0.0582967 0.0808143 0.0316579 0.0182505
internal_weight=72959.1 944.976 72014.2 7263.92 6991.38 64750.2 6744.57 58005.7 598.766 346.21 283.864 429.647 62.3457 169.119
internal_count=1669364 18821 1650543 227531 170436 1423012 124391 1298621 11657 7164 5688 8905 1476 2752
is_linear=0
shrinkage=0.1


Tree=155
num_leaves=15
num_cat=0
split_feature=30 34 36 3 28 32 7 4 5 14 1 5 0 7
split_gain=59.6505 55.7862 60.5627 96.7844 50.4581 43.5266 40.8284 40.3307 37.4509 29.2728 21.1892 17.0994 15.6912 13.8039
threshold=-0.00017377175390720348 -2.2251663208007795 0.12940952255126006 0.027818472138679502 0.00015242025256156902 24934.000000000004 -0.99666791780400532 0.84600658332233414 0.33243856604862659 11.410005187988302 464.32500000000005 0.61607961395541611 4.317961153575621 -0.49792899564745047
decision_type=2 2 2 2 2 2 2 2 2 2 2 2 2 2
left_child=4 5 6 -4 9 8 -3 -7 -2 10 -1 13 -11 -6
right_child=1 2 3 -5 11 7 -8 -9 -10 12 -12 -13 -14 -15
leaf_value=-0.053418288728948021 0.035687410232203912 0.021097709081299747 -0.090744740842485905 -0.002028914776978921 0.0074533788267947283 -0.011350612678291372 0.0028803747762451339 0.061612486519675352 -0.029495696252008863 0.02276610171558436 0.0082326496421844791 0.079565051931551362 -0.030199011295886393 -0.016498108100731421
leaf_weight=542.41205715647266 1023.6806063749518 1281.4544750702917 118.35757704074786 39594.847535687688 480.36013719532639 587.68675645492476 28260.211810433277 81.865969240931008 92.681463214821633 105.77333755407017 60.694483084838794 19.856138048606226 108.10385762917213 472.87420840156847
leaf_count=90726 74546 21096 6592 701828 5435 22580 686561 3129 11549 2300 19523 378 17233 6696
internal_value=0.000241472 0.00069633 0.000245696 -0.00230471 -0.0177617 0.0181217 0.00367404 -0.00203888 0.0301685 -0.036004 -0.0471973 -0.00234004 -0.00408333 -0.0044524
internal_weight=72830.9 71040.8 69254.9 39713.2 1790.07 1785.91 29541.7 669.553 1116.36 816.984 603.107 973.09 213.877 953.234
internal_count=1670172 1527881 1416077 708420 142291 111804 707657 25709 86095 129782 110249 12509 19533 12131
is_linear=0
shrinkage=0.1


Tree=156
num_leaves=16
num_cat=0
split_feature=22 1 12 12 23 1 28 13 3 12 13 17 11 13 20
split_gain=59.744 114.658 109.525 107.871 53.7239 68.0979 63.3453 175.71 143.073 36.8835 29.7035 27.1909 14.1619 15.5832 9.58102
threshold=-268.7841323852544 6.0000000000000009 -49.885263654358688 1.0014930827600523 0.37868407516321306 8.9450000000000021 9.5032155513763468e-05 0.35468292236328153 0.16393709637383153 -4.1608771468715995 0.46382141113281256 0.96569519629346556 -0.90384463405871285 0.24694061279296903 0.80575561523436512
decision_type=2 2 2 2 2 2 2 2 2 2 2 2 2 2 2
left_child=4 12 10 -4 5 9 7 -6 -8 -1 -3 -7 13 -2 -14
right_child=1 2 3 -5 6 11 8 -9 -10 -11 -12 -13 14 -15 -16
leaf_value=0.025486084134176974 -0.068952309059967937 -0.054410531748269736 0.023747806005889705 -0.015843667767560632 -0.00053984744458207502 0.012446099467821853 -0.030586155904039947 -0.017162638589559225 0.0078845739299136831 0.083636476221426115 0.019151891129607954 -0.0025267677526071581 -0.02263229199778459 0.011308812575105721 -0.080370177776195165
leaf_weight=381.06993456557393 33.828221446659882 281.93882703607596 4157.2692297267131 820.85783247648942 41363.472961765663 2505.1091195687477 1047.1166509796894 7509.283539412776 11915.8477081983 152.26945452034852 65.176772880906356 2344.116133854026 41.97068981988923 61.142465245211497 140.43140795928048
leaf_count=2026 427 11553 83718 15595 1273765 14110 8298 135401 100253 824 1469 14145 452 471 6659
internal_value=0.000214515 0.010131 0.0134125 0.0172101 -0.000612715 0.00896477 -0.00144706 -0.00309543 0.00476641 0.0427107 -0.0405221 0.00521307 -0.0519905 -0.0192987 -0.068043
internal_weight=72820.9 5602.62 5325.24 4978.13 67218.3 5382.56 61835.7 48872.8 12963 533.339 347.116 4849.23 277.373 94.9707 182.402
internal_count=1669166 120344 112335 99313 1548822 31105 1517717 1409166 108551 2850 13022 28255 8009 898 7111
is_linear=0
shrinkage=0.1


Tree=157
num_leaves=16
num_cat=0
split_feature=37 7 9 10 5 21 0 20 34 29 5 32 4 29 21
split_gain=76.6343 61.9903 98.2585 87.9309 78.2524 55.7915 55.6126 48.2871 48.0559 64.421 52.4704 14.4179 12.7529 8.7829 8.01439
threshold=-0.86602540378443849 0.14251085495434604 0.26414390079628958 -0.17837259846301198 0.33243856604862659 0.163408538181843 165.14656967568501 16.236160278320302 -0.96374511718747935 3.4525990486145013e-05 0.5948670522144861 6343.0000000000009 -0.99725646681515279 8.9605487474386857e-08 1.5526350591217652
decision_type=2 2 2 2 2 2 2 2 2 2 2 2 2 2 2
left_child=1 2 4 5 -1 -3 -5 8 9 -2 -10 -4 14 -14 -9
right_child=7 3 11 6 -6 -7 -8 12 10 -11 -12 -13 13 -15 -16
leaf_value=-0.014317427496662856 0.010822948258244029 -0.0033861665015147108 -0.032868588873575973 -0.011450336398359382 0.022822699046003297 0.060050709562738593 0.042057474995462973 0.1142610468430513 -0.00030091266319880183 -0.0097456990768726316 0.014714455247529413 -0.083659465808528122 -0.070932591807548059 0.011745100807076615 -0.037136729093419883
leaf_weight=5711.1521833592888 9610.3399309072411 211.25287457555532 88.848459678763902 1709.0049623419254 625.30689252885713 395.51160864829581 214.13045441263239 2.9222158788470542 49579.573525054795 1805.1708839966741 2436.8569890126528 206.62331662084398 121.14503809124471 12.852476297406609 2.9467053510852566
leaf_count=142183 181026 1512 11133 65973 18723 13094 12495 2097 864911 22335 46975 12122 246311 21197 7848
internal_value=0.000329557 -0.00821826 -0.0132959 0.00509246 -0.0106372 0.0381172 -0.00539893 0.001562 0.00169357 0.00756752 0.000403871 -0.0691877 -0.0561071 -0.0628653 0.0561312
internal_weight=72733.6 9161.83 6631.93 2529.9 6336.46 606.764 1923.14 63571.8 63431.9 11415.5 52016.4 295.472 139.866 133.998 5.86892
internal_count=1669935 277235 184161 93074 160906 14606 78468 1392700 1115247 203361 911886 23255 277453 267508 9945
is_linear=0
shrinkage=0.1


Tree=158
num_leaves=16
num_cat=0
split_feature=7 13 5 13 38 1 13 5 5 5 33 13 3 3 28
split_gain=46.0582 118.824 62.4074 56.1726 157.382 191.108 138.633 96.4729 148.414 102.06 34.8229 34.3004 83.4915 52.0973 18.255
threshold=0.95643381199947008 0.22797393798828153 0.30270412550923304 0.33820343017578153 0.86602540378443871 447.61500000000007 0.23105621337890653 -0.21826821353970097 -0.39433242497415594 0.079473531269269718 2.8794174194336004 0.30889129638671903 0.16960768470743651 0.16960768470743651 3.4768883296010258e-05
decision_type=2 2 2 2 2 2 2 2 2 2 2 2 2 2 2
left_child=3 2 14 4 6 -6 -1 8 -5 -9 -4 12 -3 -13 -2
right_child=1 11 10 7 5 -7 -8 9 -10 -11 -12 13 -14 -15 -16
leaf_value=0.0018875976116272686 -0.063746720168159673 0.05513500463858291 -0.017785909592767209 -0.0076409923416092193 0.016980918080463578 -0.025305033829718715 -0.013361603699986988 0.0050493611610832219 -0.048351299239406786 -0.013682803377000743 0.086717745598897847 -0.032329401307594305 -0.019232711249834399 0.0078419209207874468 -0.0082272048707645786
leaf_weight=29640.085072993217 586.42279896840046 334.48799187612167 449.86380863023805 5356.7688961746899 9869.5005869704983 1194.0374812653317 7457.5085684500264 11159.72714106999 1070.9610302788133 3928.257072553366 29.348270468508417 492.22358813375467 268.2809503672579 916.47905195291969 67.597090165469126
leaf_count=965498 68709 4257 15081 60234 121290 31379 174326 122133 15474 60992 2323 5861 7539 12210 1625
internal_value=-0.000489525 -0.0123177 -0.0381382 4.51584e-05 0.00194293 0.0124078 -0.00117925 -0.0042023 -0.0144563 0.0001694 -0.0105565 0.00228764 0.0221494 -0.00625929 -0.0581144
internal_weight=72821.5 3144.7 1133.23 69676.8 48161.1 11063.5 37097.6 21515.7 6427.73 15088 479.212 2011.47 602.769 1408.7 654.02
internal_count=1668931 117605 87738 1551326 1292493 152669 1139824 258833 75708 183125 17404 29867 11796 18071 70334
is_linear=0
shrinkage=0.1


Tree=159
num_leaves=13
num_cat=0
split_feature=3 28 10 22 0 16 11 33 17 28 16 37
split_gain=59.5495 230.738 130.983 81.1472 51.8223 126.697 104.055 45.1346 32.7521 26.6229 13.0534 11.431
threshold=12.639527209547602 1.4859324437566151e-08 24.928599026542553 -273.49567260742191 141.08224904824903 1.8394088745117203 19.597906720477152 3.1807861328125004 2.1785555043343456 3.3576571407678604e-06 1.3276290893554703 0.93301270189221963
decision_type=2 2 2 2 2 2 2 2 2 2 2 2
left_child=2 3 4 7 6 -6 -1 -2 9 -3 -5 -10
right_child=1 8 -4 10 5 -7 -8 -9 11 -11 -12 -13
leaf_value=-0.00094365000087008306 -0.0032880352659100508 0.0069265865840713358 -0.098043221221236765 -0.073120570513033917 0.0091805450796495248 -0.055266965750698852 -0.096439259400464716 0.17351355905968102 0.11027745199709978 0.062075735284472577 -0.018403872967709765 0.037858795382779989
leaf_weight=62505.452382326788 36.484016269154381 125.30295001922059 131.78180605714442 224.07300725812092 8800.9326758950338 311.04517795528227 109.3117160923357 18.701364466949599 144.29907718463801 296.32743198634125 58.896328004891984 33.658291709260084
leaf_count=1318929 5276 1342 37403 5831 230503 44135 19573 903 1352 1809 2082 248
internal_value=4.8619e-05 0.0250183 -0.000278949 -0.0406516 -9.25075e-05 0.00695147 -0.00111805 0.0660643 0.0620845 0.0459594 -0.0622493 0.0979894
internal_weight=72796.3 937.742 71858.5 338.155 71726.7 9111.98 62614.8 55.1854 599.588 421.63 282.969 177.957
internal_count=1669386 18843 1650543 14092 1613140 274638 1338502 6179 4751 3151 7913 1600
is_linear=0
shrinkage=0.1


Tree=160
num_leaves=16
num_cat=0
split_feature=34 31 10 17 29 5 7 1 22 21 5 6 1 1 15
split_gain=43.2962 105.701 119.465 97.6384 113.129 115.805 103.672 77.5889 76.9763 71.4904 67.8077 57.2137 53.8429 48.2632 44.6443
threshold=-0.21562957763669496 206615.25000000003 1.0782132166433536 1.5633490625290603 3.4272670763613157e-06 0.44416885358216002 0.021817281625330202 74.185000000000016 -270.14156951904346 0.11057645867310752 -0.7360555955126874 -0.24868897558531947 16.070000000000004 151.50000000000003 0.49398183822631853
decision_type=2 2 2 2 2 2 2 2 2 2 2 2 2 2 2
left_child=3 9 11 4 5 -1 8 -8 -5 12 -11 -3 -2 -6 -4
right_child=1 2 14 6 13 -7 7 -9 -10 10 -12 -13 -14 -15 -16
leaf_value=0.013305367044831366 0.013764216332057409 0.0010457954420930551 -0.03678627465783519 0.0040259989268032533 -0.018786510117332775 -0.021093371611705325 -0.0085172177570726065 -0.038743270545529257 -0.022067439010990203 -0.033004063752647084 -0.0080295397054538763 0.019168578362758582 -0.0030415074304132343 0.0026056477600016762 -0.002016791761198536
leaf_weight=13755.610290650948 2388.020129110635 2877.4061595261846 723.54171881755792 9650.8376926745041 2028.9694628789221 1049.1930953432675 2749.5699602832319 1226.4426810279783 1275.4973558412403 1156.5480811073503 17147.547539223975 4412.0764362340542 9370.0082666461822 2188.2000037704602 750.15236982497663
leaf_count=216722 17539 106956 50201 245605 16963 24975 83926 88841 29991 29965 406366 229594 62725 19173 41299
internal_value=-0.000611317 -0.00289153 0.00676996 0.00199835 0.00674605 0.0108613 -0.00406204 -0.0178777 0.000971253 -0.00570853 -0.00961614 0.0120205 0.000376084 -0.00769663 -0.0191543
internal_weight=72749.6 38825.3 8763.18 33924.3 19022 14804.8 14902.3 3976.01 10926.3 30062.1 18304.1 7289.48 11758 4217.17 1473.69
internal_count=1670841 944645 428050 726196 277833 241697 448363 172767 275596 516595 436331 336550 80264 36136 91500
is_linear=0
shrinkage=0.1


Tree=161
num_leaves=16
num_cat=0
split_feature=37 7 7 5 5 35 0 31 10 11 15 10 15 33 1
split_gain=52.7354 73.4377 68.4568 62.8596 49.0882 48.4236 98.0376 115.229 110.143 75.9069 114.073 71.4547 42.1174 23.6555 19.3346
threshold=-0.86602540378443849 -0.42624032910496196 -0.99931357924004838 -0.71094916582099688 0.49230165976548357 0.7865660924854937 55.838325919401605 1.0196533203125002 -0.11043367291297049 76.408663835231422 0.60326385498046908 24.928599026542553 2.0973229408264156 -0.067771911621089989 268.00000000000006
decision_type=2 2 2 2 2 2 2 2 2 2 2 2 2 2 2
left_child=1 2 13 14 -5 9 8 -8 -7 11 -11 -2 -4 -1 -3
right_child=5 3 12 4 -6 6 7 -9 -10 10 -12 -13 -14 -15 -16
leaf_value=0.084497483926384231 -0.0014359002981822833 -0.052712716388932025 -0.021563547749307653 0.007885169775622319 -0.037560323811251017 -0.00052826433934087742 -0.00036645877864641086 -0.040393993729091443 0.01671695426633886 -0.004465098403541143 0.082940012348607095 -0.095373891750099665 0.026608842754171254 0.015257131854755102 -0.0044742030695692154
leaf_weight=60.306253652946907 40114.302531342619 253.51821703137466 4036.755915524056 3992.17556782869 247.78196943667353 6484.5846510512056 6792.7965755767691 799.36348026543783 8629.772621871889 337.89082383591449 261.86868228000822 76.139797850701143 185.91782324221276 215.19629798640381 123.90646500522416
leaf_count=1282 1064606 10082 115973 118730 17963 64162 113398 28339 84055 7792 4546 25006 8226 2343 2965
internal_value=-5.76089e-05 -0.00716807 -0.0162545 0.00169174 0.00518823 0.00096365 0.00466443 -0.00460469 0.00932043 -0.00109677 0.0340682 -0.00162571 -0.0194136 0.0316495 -0.0371418
internal_weight=72612.3 9115.56 4498.18 4617.38 4239.96 63496.7 22706.5 7592.16 15114.4 40790.2 599.76 40190.4 4222.67 275.503 377.425
internal_count=1669468 277564 127824 149740 136693 1391904 289954 141737 148217 1101950 12338 1089612 124199 3625 13047
is_linear=0
shrinkage=0.1


Tree=162
num_leaves=16
num_cat=0
split_feature=34 17 2 2 28 38 23 22 24 19 34 3 18 16 3
split_gain=47.2234 89.1552 84.7196 107.882 84.2496 111.157 93.5307 81.9202 79.3008 157.579 88.8018 77.2216 71.2891 34.8309 30.6158
threshold=-0.5958633422851749 1.4823745874402101 0.85976012918493661 1.2378464760278851 0.00011175498366355901 0.68301270189221908 3.2468112208916504 -272.99503173828094 -249394.49999999997 282.39672088623053 0.75542449951170465 5.9796701300010016 20.646684265136752 1.2643961906433103 2.4118585685660503
decision_type=2 2 2 2 2 2 2 2 2 2 2 2 2 2 2
left_child=1 7 13 -4 8 6 -6 14 9 -2 -10 -7 -9 -3 -1
right_child=4 2 3 -5 5 11 -8 12 10 -11 -12 -13 -14 -15 -16
leaf_value=-0.022987823641982194 -0.020139036882100447 -0.0059967650039441968 0.017968002842097017 -0.012875019113460921 0.0039809702922340385 -0.0061720115373327788 0.030595095296630438 0.014561536045892729 -0.0047945181585927954 0.008025357972471045 -0.020620184588790596 0.039475442306118547 -0.047835356487603183 -0.0230428133982108 0.016312801588924251
leaf_weight=927.46360603929134 2476.2379753994155 3978.288348010532 3121.8386451091246 1775.0298679351745 2899.4514566311846 6077.2646203407785 2422.4422202217538 9097.8729547903968 23152.497418831164 9959.6560347151953 4183.1467928207567 389.67806822346756 182.09926759673544 1714.1226911737594 247.85131700164311
leaf_count=65482 91466 114629 52629 67095 19529 35690 30714 90939 250895 652968 67981 3584 8814 108896 9074
internal_value=-0.000378219 0.00361319 -0.00285391 0.00678621 -0.00200752 0.0054156 0.0161126 0.0101614 -0.00420824 0.00241142 -0.00721963 -0.00339306 0.013312 -0.0111455 -0.0146661
internal_weight=72604.9 21044.6 10589.3 4896.87 51560.4 11788.8 5321.89 10455.3 39771.5 12435.9 27335.6 6466.94 9279.97 5692.41 1175.31
internal_count=1670385 517558 343249 119724 1152827 89517 50243 174309 1063310 744434 318876 39274 99753 223525 74556
is_linear=0
shrinkage=0.1


Tree=163
num_leaves=16
num_cat=0
split_feature=37 13 18 13 18 1 18 16 13 1 34 13 13 32 10
split_gain=45.3919 78.6315 173.355 141.28 111.544 82.2911 65.0677 95.4963 101.522 59.8488 53.8785 93.4594 72.9288 44.2633 39.2401
threshold=-0.68301270189221885 0.088645935058593764 17.952272033691404 0.13553619384765653 13.267541503906251 246.50000000000003 14.965768432617201 2.6377868652343754 0.23105621337890653 297.50000000000006 -1.2302856445312449 0.12139129638671901 0.11470794677734401 43177.500000000007 -1.1547054202490097
decision_type=2 2 2 2 2 2 2 2 2 2 2 2 2 2 2
left_child=1 2 5 4 -3 -1 10 8 -8 -4 12 -12 -2 -5 -9
right_child=6 3 9 13 -6 -7 7 14 -10 -11 11 -13 -14 -15 -16
leaf_value=-0.054430577758496856 0.039157937540912215 -0.025736466915378581 0.0095178232466589952 -0.021581981807982736 0.016554540704116372 -0.0055605219188156517 0.018976986980334697 0.0075016928370488737 -0.013382348229919811 -0.036791800359647721 -0.014412041034941554 0.00017141857967221033 0.0046427618484496148 0.0013529740099491551 -0.041641226608004386
leaf_weight=1243.0729733628905 670.43779661184817 721.97200105210504 1727.6022410161549 2746.3505364978155 4399.1677093763301 477.65890491244863 5657.5735245754222 244.96030827426148 1166.0805486585286 327.66366964752524 4931.320962436228 40029.064464764473 6561.2791505233981 1211.4346764612892 469.81534984813879
leaf_count=22514 17423 10185 80256 84500 131402 11772 366015 7027 68940 41849 103992 498102 103242 36376 85683
internal_value=-4.62295e-05 -0.00543552 -0.0175525 -0.000389095 0.0105731 -0.0409201 0.00111399 0.00979528 0.0134414 0.00206347 -0.000140725 -0.00142954 0.00786744 -0.014569 -0.0248644
internal_weight=72585.5 12854.9 3776 9078.92 5121.14 1720.73 59730.5 7538.43 6823.65 2055.27 52192.1 44960.4 7231.72 3957.79 714.776
internal_count=1669278 418854 156391 262463 141587 34286 1250424 527665 434955 122105 722759 602094 120665 120876 92710
is_linear=0
shrinkage=0.1


Tree=164
num_leaves=13
num_cat=0
split_feature=28 16 9 28 30 28 8 9 9 1 0 14
split_gain=46.4839 59.4151 104.263 78.7738 66.3486 106.255 92.1551 57.3383 41.5024 40.9619 57.2885 53.5124
threshold=0.0013406015932559902 -1.5929794311523449 -0.077873879791616127 2.9049813747406002e-05 -5.6572025641798948e-06 1.0909253603585951e-05 0.27146375480444107 0.62541932004034761 0.43992850663574307 1588.5000000000002 235.70350349295953 2.5502639770508053
decision_type=2 2 2 2 2 2 2 2 2 2 2 2
left_child=1 2 3 -1 5 -3 -6 9 -4 11 -11 -2
right_child=7 4 8 -5 6 -7 -8 -9 -10 10 -12 -13
leaf_value=-0.039282398363953995 0.062050702808444505 -0.0093531037238310365 -0.0011503049445578258 -0.0026787811841233952 0.0049467359728982523 0.0044919100574291005 -0.0076442628339391805 -0.075844871433627004 0.040077435609949287 -0.09930732547325416 0.054611489598578061 0.011188516867496083
leaf_weight=1552.5844774274919 215.53527675336227 14188.103860121475 2287.8827033074558 945.6829871932423 33385.622358413428 9091.6093940873179 7033.6264776070166 69.975184122100472 268.31051069328169 67.496711969550233 32.392028418486007 3434.5814825769048
leaf_count=48355 1120 806362 53632 7991 446299 119399 156295 311 8281 498 252 19247
internal_value=7.42519e-05 -0.00052263 -0.010953 -0.0254597 0.000305806 -0.0039463 0.00275502 0.0108038 0.00324695 0.0125195 -0.0491704 0.0142726
internal_weight=72573.4 68753.4 5054.46 2498.27 63699 23279.7 40419.2 3819.98 2556.19 3750.01 99.8887 3650.12
internal_count=1668042 1646614 118259 56346 1528355 925761 602594 21428 61913 21117 750 20367
is_linear=0
shrinkage=0.1


Tree=165
num_leaves=16
num_cat=0
split_feature=14 24 1 3 1 24 24 8 22 11 11 28 28 1 15
split_gain=42.7423 114.648 83.8839 86.2608 75.0037 51.8646 59.3299 140.575 121.901 40.7184 55.8213 54.2615 36.8677 22.8617 12.0389
threshold=3.9645248413086205 -217130.49999999997 1150.1350000000002 0.15114538012079401 1928.0000000000002 -13051.999999999998 -245689.81249999997 -0.57591863359342843 -270.36150970458993 27.240674608417901 -1.0000000180025095e-35 4.4107425445361054e-07 8.0410391092300432e-06 2.9350000000000005 0.17663669586181655
decision_type=2 2 2 2 2 2 2 2 2 2 2 2 2 2 2
left_child=1 2 3 -1 -4 6 7 -2 -8 10 -3 -11 14 -14 -7
right_child=5 9 4 -5 -6 12 8 -9 -10 11 -12 -13 13 -15 -16
leaf_value=0.0065067855179393695 -0.025564678225456661 0.0082510625953626741 0.016808673374655501 -0.030062687513488687 -0.070373572254361791 0.0071535357971346612 -0.0038485040988715403 0.0085742367574002734 0.01026864886968549 -0.026373445226637895 -0.010175931965455779 0.048705695904203872 -0.02345504955029604 0.02820005726344281 -0.052272259926276737
leaf_weight=795.21249274416186 1309.7978893424624 3992.7019630450668 979.24178102834776 3374.6348204462647 104.72854339882178 54.286210396814568 35183.162839439748 14614.523120373251 7398.6409777510707 124.90686857516994 2787.1951953182597 378.74979370375513 88.336405836045742 1238.1897835717537 81.977600426180288
leaf_count=29218 93722 40451 50021 325143 23315 271 337458 648943 65890 2775 39964 4036 398 6414 470
internal_value=-9.1663e-05 -0.00540053 -0.0166525 -0.0230893 0.00810106 0.00101859 0.000552758 0.00575912 -0.00139471 0.00272164 0.000673864 0.0300098 0.0195848 0.0246851 -0.0291823
internal_weight=72506.3 12537.4 5253.82 4169.85 1083.97 59968.9 58506.1 15924.3 42581.8 7283.55 6779.9 503.657 1462.79 1326.53 136.264
internal_count=1668489 514923 427697 354361 73336 1153566 1146013 742665 403348 87226 80415 6811 7553 6812 741
is_linear=0
shrinkage=0.1


Tree=166
num_leaves=16
num_cat=0
split_feature=3 38 13 0 13 12 0 13 3 24 37 3 24 4 37
split_gain=48.4884 77.9599 137.736 173.594 108.97 172.887 84.1542 75.5128 72.2669 94.0506 111.432 98.6401 80.9097 362.173 78.7204
threshold=0.64525471776438859 0.86602540378443871 0.21900177001953153 16.702063128167403 0.32086944580078153 -29.799391131975245 136.15578303241102 0.39846038818359403 0.36264124221607402 -240491.99999999997 0.68301270189221963 0.46585619390179506 -233851.24999999997 0.73856417104605609 0.68301270189221963
decision_type=2 2 2 2 2 2 2 2 2 2 2 2 2 2 2
left_child=8 2 3 -2 5 -3 -6 -4 12 11 -11 -10 13 -1 -14
right_child=1 4 7 -5 6 -7 -8 -9 9 10 -12 -13 14 -15 -16
leaf_value=0.0012997696697259926 0.012849619390937326 -0.019646805112712187 -0.01380235025546641 -0.0067094827018709634 -0.0047603617472547644 0.02949068711432425 0.017662851153571673 0.0034156914842264096 -0.060974204769895769 -0.01068054144427499 0.018137622709993469 -0.014628203332504287 -0.0070572969448250578 0.08270501111170396 0.012258535893841214
leaf_weight=4213.5556797784193 11199.834459151276 869.47813000316091 8596.81307475418 7622.0566047564025 5788.2628132523387 3974.0462708609812 2348.7704758655163 3616.2793765100032 632.91354820271954 6334.8796381324501 1697.1753309162013 1657.1472640671127 10664.358042821445 623.00806042290787 2625.1939373593923
leaf_count=300388 134371 13300 178803 340585 50984 53434 25448 47173 100194 80935 30295 145767 93139 36845 37176
internal_value=0.000205967 0.00228549 -0.000436592 0.00492935 0.00879133 0.0206587 0.00171901 -0.0087048 -0.00301134 -0.00968813 -0.00458376 -0.027542 0.000792453 0.0118603 -0.00323851
internal_weight=72463.8 44015.5 31035 18821.9 12980.6 4843.52 8137.03 12213.1 28448.2 10322.1 8032.05 2290.06 18126.1 4836.56 13289.6
internal_count=1668837 844098 700932 474956 143166 66734 76432 225976 824739 357191 111230 245961 467548 337233 130315
is_linear=0
shrinkage=0.1


Tree=167
num_leaves=16
num_cat=0
split_feature=27 18 13 24 24 13 4 15 14 10 19 15 7 23 23
split_gain=44.0235 49.3409 99.6771 78.7457 56.1149 133.107 92.7725 23.8708 21.905 12.2626 12.0342 11.778 10.1447 15.2827 11.3435
threshold=-0.00019391858950257299 9.094644165039087 0.093009948730468764 -201598.99999999997 -250682.49999999997 0.31851959228515653 -0.17586132684141945 1.5820541381835953 9.2780319213867468 -1.3359798335398398 282.16460418701155 2.5296859741210951 -0.49792899564745047 20.478354790042854 9.3824523153019666
decision_type=2 2 2 2 2 2 2 2 2 2 2 2 2 2 2
left_child=7 2 11 -4 5 -3 -6 8 10 -10 -1 -2 14 -14 -9
right_child=1 4 3 -5 6 -7 -8 12 9 -11 -12 -13 13 -15 -16
leaf_value=-0.010079127244650016 -0.058393464614287488 0.010639600867111663 -0.010175605510335962 0.0018564010754271974 0.0056049890650947494 -0.021225637384382851 -0.0049100046933534952 0.026712045575639914 0.036412484229939923 -0.019147661131672159 -0.056022275480250197 0.039984499969580485 -0.028945448174736169 0.017232347586952409 -0.0086507590379487735
leaf_weight=73.141641827953208 353.18239893908321 12423.055756561349 8944.6543895284558 13864.971369709325 15031.189930706692 1460.7868331379213 18980.244387387924 154.79767145495862 42.136885526873812 255.32237467238883 300.89327482683257 9.2793217958533187 266.85240077847266 93.548964340592647 205.75481767049496
leaf_count=1116 18160 834867 177148 116697 145064 48141 212675 1098 1365 21404 66171 534 4779 8819 11858
internal_value=-0.000253987 9.16369e-05 -0.00369608 -0.00286307 0.00192436 0.00728047 -0.000262813 -0.017831 -0.0313271 -0.0108054 -0.0472897 -0.0553651 -0.00513163 -0.0168873 0.00668942
internal_weight=72459.8 71067.4 23172.1 22809.6 47895.3 13883.8 34011.4 1392.45 671.494 297.459 374.035 362.462 720.954 360.401 360.552
internal_count=1669896 1553286 312539 293845 1240747 883008 357739 116610 90056 22769 67287 18694 26554 13598 12956
is_linear=0
shrinkage=0.1


Tree=168
num_leaves=16
num_cat=0
split_feature=7 8 18 6 9 22 34 7 18 1 36 38 9 19 34
split_gain=48.7525 151.61 167.719 138.177 99.5996 87.4141 98.0111 63.1086 59.7109 131.347 79.1394 72.7166 43.3088 63.3508 43.5064
threshold=-0.97747149356400331 -0.20988838139123947 17.759179687500055 -0.090192036416320884 -0.19146295253288298 -272.4315170288084 0.56674194335937056 -0.99438095337769239 21.006715393066454 110.17000000000002 -0.60355339059327384 0.25000000000000011 -0.5192667599397629 284.3435821533206 4.179168701171891
decision_type=2 2 2 2 2 2 2 2 2 2 2 2 2 2 2
left_child=1 5 4 -4 -3 6 -1 -7 12 11 -11 -10 13 -2 -14
right_child=8 2 3 -5 -6 7 -8 -9 9 10 -12 -13 14 -15 -16
leaf_value=-0.024945907550833576 -0.015678798282564056 -0.10321455571612992 0.03739567807720489 -0.080265782109882652 -0.029415655759864809 0.033311912150936616 0.020245161936451289 0.0034961405957121016 -0.0062125973609164272 0.018143790641876493 -0.070487276727377701 0.072653836097358454 0.0024015407100117878 0.0078493496567109064 -0.035566197234623335
leaf_weight=1574.6596973667838 3274.9893766052119 193.5554005921731 623.57246952255809 113.82775953333476 2503.5589423084784 1135.8393017633352 684.99345554526008 1882.9198475609446 644.41338526820982 123.22602704652672 506.57727286956288 137.65328292618506 57019.250536004191 1753.8306944981814 298.42592765980953
leaf_count=35898 48115 10277 17618 27168 42589 9937 16672 23321 163917 94884 119254 30509 955339 53317 18583
internal_value=-2.66943e-07 -0.00701424 -0.0233512 0.0188148 -0.0348929 0.00362776 -0.0112322 0.0147512 0.000958706 -0.0193408 -0.0531396 0.00804222 0.00141991 -0.00747357 0.00220078
internal_weight=72471.3 8712.93 3434.51 737.4 2697.11 5278.41 2259.65 3018.76 63758.4 1411.87 629.803 782.067 62346.5 5028.82 57317.7
internal_count=1667398 183480 97652 44786 52866 85828 52570 33258 1483918 408564 214138 194426 1075354 101432 973922
is_linear=0
shrinkage=0.1


Tree=169
num_leaves=16
num_cat=0
split_feature=7 8 13 38 0 37 0 13 13 33 33 13 34 13 15
split_gain=51.6829 137.713 249.631 171.366 61.2252 52.9978 113.574 178.618 111.086 109.455 91.7347 69.1352 47.4092 39.9171 29.1281
threshold=-0.97747149356400331 -0.20988838139123947 0.092323303222656264 0.68301270189221908 122.14990074551001 -0.25000000000000006 146.23933569612802 0.13404083251953153 0.32332611083984403 1.8550262451171902 1.6913604736328203 0.072242736816406264 -0.56877136230468983 0.083580017089843764 1.1699905395507801
decision_type=2 2 2 2 2 2 2 2 2 2 2 2 2 2 2
left_child=1 12 3 -3 -4 6 7 -2 11 -10 -8 -7 14 -14 -1
right_child=5 2 4 -5 -6 8 10 -9 9 -11 -12 -13 13 -15 -16
leaf_value=0.021039742291566247 0.0023263924690150491 -0.0072436065373376176 -0.042022879033485748 0.088304749165640836 -0.10247723818958086 -0.01134088777465956 0.0049926953691869719 -0.017337956559967733 0.00042543951101246417 -0.020449482172597691 0.053987541551840559 0.009253538895603269 0.042614161163937542 -0.0061301178030712458 -0.022801706180879316
leaf_weight=1485.1984309941618 11471.636072084555 1349.248234233055 1624.1150172142043 212.93623474036576 185.71858513315601 1765.8041581860962 1160.9339992026362 7726.8558212262724 17469.382766852294 2928.5684452471396 565.53163358689926 20610.718303769012 171.53437265736284 3483.3819945004871 164.5885401735286
leaf_count=20412 361232 29216 44295 4751 19723 116295 58267 161829 203448 47289 41886 493570 2139 57256 6233
internal_value=-0.000242419 -0.00748056 -0.0232659 0.00602045 -0.0484917 0.000744022 -0.00337949 -0.00559041 0.00276138 -0.00257589 0.0211513 0.0076262 0.00256609 -0.00378733 0.0166103
internal_weight=72376.2 8676.72 3372.02 1562.18 1809.83 63699.4 20925 19198.5 42774.5 20398 1726.47 22376.5 5304.7 3654.92 1649.79
internal_count=1667841 184025 97985 33967 64018 1483816 623214 523061 860602 250737 100153 609865 86040 59395 26645
is_linear=0
shrinkage=0.1


Tree=170
num_leaves=15
num_cat=0
split_feature=28 37 16 22 33 15 27 4 3 4 0 19 9 19
split_gain=46.9528 43.5645 101.032 101.568 63.0879 59.642 45.3267 42.4361 24.5936 50.32 26.7386 15.8345 10.5943 7.35533
threshold=0.0029265731573104802 -0.25000000000000006 -1.1660919189453149 -272.33199157714847 0.81635284423826016 -3.3898239135742196 -0.00015189219266176248 1.0000000180025095e-35 1.0109877841948702 -0.76574417806518735 52.99796731963751 288.04953765869158 0.45905550377330606 283.18885803222651
decision_type=2 2 2 2 2 2 2 2 2 2 2 2 2 2
left_child=1 2 7 -4 6 -6 -3 -1 11 13 -11 12 -2 -10
right_child=8 4 3 -5 5 -7 -8 -9 9 10 -12 -13 -14 -15
leaf_value=-0.040446453996577189 0.031632434458565728 -0.010552215052519458 -0.0090620885142370395 0.0046382457993832766 0.037384980588134144 -0.0037499616533420831 0.0054390721762882285 -0.011941993449007362 -0.10641414428605672 -0.019803802308416912 0.044351204211762724 0.083717708790280315 -0.012777575718508835 -0.033654210702357905
leaf_weight=957.59259375821784 550.68052275106311 1901.5452304639839 10552.447829063412 11096.558759162423 353.78703244167264 20123.22096949858 25280.576062720196 1155.2124342694551 33.884776678401977 104.50456468001357 157.30614970833994 51.330084123183042 56.789425972849131 32.065615353640169
leaf_count=34119 2684 139634 431238 195954 8009 429890 389303 35457 302 624 939 278 266 183
internal_value=-0.00028277 -0.000582764 -0.00408004 -0.0020403 0.00116115 -0.00303031 0.00431866 -0.0249261 0.0213284 -0.00106815 0.0188518 0.032395 0.0274103 -0.0759024
internal_weight=72407.5 71420.9 23761.8 21649 47659.1 20477 27182.1 2112.81 986.561 327.761 261.811 658.8 607.47 65.9504
internal_count=1668880 1663604 696768 627192 966836 437899 528937 69576 5276 2048 1563 3228 2950 485
is_linear=0
shrinkage=0.1


Tree=171
num_leaves=15
num_cat=0
split_feature=20 3 7 28 28 7 12 7 4 4 21 37 31 34
split_gain=44.0788 37.8305 103.627 176.301 165.511 63.0464 187.671 47.6565 2.55635 1.53525 1.32582 1.25887 0.720433 0.295871
threshold=20.523353576660153 0.52549714510367762 0.27764672226149556 3.6407262086868306e-05 5.9939918628515453e-07 0.18779089352359854 34.675809863228409 -0.85046811779678189 -0.99725646681515279 0.95707444545738707 0.69803961645288404 -0.68301270189221885 1356250.6250000002 0.47602081298831006
decision_type=2 2 2 2 2 2 2 2 2 2 2 2 2 2
left_child=1 2 3 -1 -4 7 -7 -3 12 10 -10 -11 13 -2
right_child=8 5 4 -5 -6 6 -8 -9 9 11 -12 -13 -14 -15
leaf_value=-0.014879986532268253 0.038073733910196028 -0.0014618611065600493 0.01368201827767186 0.010338801099235455 -0.010507176911640492 -0.003815756197457994 -0.098853220242200113 0.0059992983106668361 0.01068618542527424 0.029769233520618617 -0.084387556116530107 -0.031808659189387058 -0.01892765695426742 -0.006409487487367943
leaf_weight=11054.853417198749 0.79303523735870773 13008.436509546864 7072.8149947088059 3695.3255631734282 4707.1512349181612 7589.7435260628008 208.65050209225228 25023.467398363366 0.41977726771074131 1.1642657897427855 64.302855366950098 2.3295870197398463 1.1668176113016668 0.34222712491464335
leaf_count=352482 1223 206272 183634 39183 58193 163208 52531 383727 357 4491 210487 8185 5155 1158
internal_value=-5.1451e-05 2.82389e-05 -0.00297666 -0.00856062 0.00401591 0.00176784 -0.00642025 0.00344743 -0.0764106 -0.0797637 -0.0830488 -0.00584409 0.00953128 0.030369
internal_weight=72431 72360.4 26530.1 14750.2 11780 45830.3 7798.39 38031.9 70.5186 68.2165 64.7226 3.49385 2.30208 1.13526
internal_count=1670286 1439230 633492 391665 241827 805738 215739 589999 231056 223520 210844 12676 7536 2381
is_linear=0
shrinkage=0.1


Tree=172
num_leaves=16
num_cat=0
split_feature=26 0 0 31 0 30 20 13 18 0 18 18 28 35 28
split_gain=44.9255 73.848 122.343 66.5386 70.2093 56.1356 52.8854 94.233 51.0096 146.409 65.7547 37.4407 22.7309 9.37887 7.87476
threshold=-511026.99999999994 48.201119729031056 5.4247490065385655 276181.75000000006 208.1784029207985 -0.000164655037224293 12.748001098632852 0.10247039794921901 21.006715393066454 4.5160223163712256 13.107675170898451 12.185365295410152 4.3608248233795159e-05 0.37940952255126054 3.0198066269804258e-14
decision_type=2 2 2 2 2 2 2 2 2 2 2 2 2 2 2
left_child=1 2 11 8 5 -5 7 -3 10 -10 -2 -1 -4 -6 -8
right_child=3 6 12 4 13 -7 14 -9 9 -11 -12 -13 -14 -15 -16
leaf_value=-0.055318129522010241 -0.0021891715734273574 0.19605205152173033 -0.064767374525562318 -0.0098705803458849634 -0.065857853681448156 0.014023670462130959 -0.061186899139808008 0.025323192791325125 0.057780413396175817 -0.03766187550738459 0.0049501600803022391 0.0009939801773675924 0.0023776893712917774 -0.00025706327575788059 0.0097061425774144245
leaf_weight=125.55826989658817 42316.300312163643 32.754354292919743 541.25638894377516 1145.9683657961868 133.29550684004971 6787.5107475844507 56.054856486001881 241.03792171429814 189.15903985193108 936.95104311458454 18552.461432363052 1232.7124567376486 55.162573633017018 25.917328623832873 19.412528380264121
leaf_count=2169 517493 4528 126932 74227 14304 280409 127145 20839 2534 112516 309516 43350 3639 4061 25224
internal_value=0.000257487 -0.0134672 -0.0210383 0.000709579 0.00923466 0.0105682 0.0286047 0.0488976 -0.000403924 -0.0214454 -1.2915e-05 -0.0043953 -0.058589 -0.0555121 -0.043481
internal_weight=72391.5 2303.95 1954.69 70087.6 8092.69 7933.48 349.26 273.792 61994.9 1126.11 60868.8 1358.27 596.419 159.213 75.4674
internal_count=1668886 353826 176090 1315060 373001 354636 177736 25367 942059 115050 827009 45519 130571 18365 152369
is_linear=0
shrinkage=0.1


Tree=173
num_leaves=16
num_cat=0
split_feature=38 0 29 13 13 18 13 0 0 13 2 4 18 15 12
split_gain=50.3395 275.223 347.451 184.836 229.808 179.067 169.153 166.479 152.282 191.416 129.936 121.839 111.5 49.9916 47.9055
threshold=0.25000000000000011 36.496981642110264 2.1873034938835206e-08 0.12041473388671901 0.13553619384765653 18.933007812500005 0.046958923339843757 224.33161535315153 18.78300602112505 0.36182403564453153 2.2004685522673704 0.23912528755666704 17.305123901367207 1.8440017700195352 -11.838068067493198
decision_type=2 2 2 2 2 2 2 2 2 2 2 2 2 2 2
left_child=1 3 7 12 -5 8 13 -3 11 -10 -4 -2 -1 -7 -8
right_child=5 2 10 4 -6 6 14 -9 9 -11 -12 -13 -14 -15 -16
leaf_value=-0.019620325111434744 -0.015906144635677792 -0.046294276020960874 -0.0072291126739294099 0.032832715108515202 0.002422566941704635 0.15149562669060535 -0.016765976923839052 0.028371341568964276 0.011896653116370736 -0.005771465563121813 0.03829550153418089 0.0022214975205319268 0.0042947567833584869 -0.050994902290650068 0.044463077865697455
leaf_weight=4442.1521215538742 7576.4198451222874 3632.4609846230123 4420.7559777617571 3340.184006859974 9667.7543026146632 157.22359756270089 188.8387827030092 322.04457657147213 17182.218733534839 9529.2907655470917 725.42778153880499 7254.3609929332524 3468.5733166619757 10.836494313618457 376.62966494135981
leaf_count=70305 84076 438173 105173 46787 150480 20454 20157 22387 311624 94543 12374 98627 134520 3534 55525
internal_value=-0.00027307 -0.00340421 -0.017916 0.00291192 0.0102409 0.00195044 0.0507592 -0.0401856 0.0010826 0.00559368 -0.000780828 -0.00704139 -0.00913832 0.137343 0.0240478
internal_weight=72295.2 30019.4 9100.69 20918.7 13007.9 42275.8 733.529 3954.51 41542.3 26711.5 5146.18 14830.8 7910.73 168.06 565.468
internal_count=1668739 980199 578107 402092 197267 688540 99670 460560 588870 406167 117547 182703 204825 23988 75682
is_linear=0
shrinkage=0.1


Tree=174
num_leaves=16
num_cat=0
split_feature=14 24 37 14 17 13 38 13 9 7 9 18 34 13 9
split_gain=45.1675 91.4019 66.3275 146.812 108.572 80.7422 78.8828 156.282 102.086 62.423 108.723 60.2232 49.3174 99.0726 44.8121
threshold=3.9645248413086205 -231072.68749999997 0.68301270189221963 10.290437316894552 2.5955178115086857 0.15123748779296903 0.68301270189221908 0.10247039794921901 0.28860211205121156 0.61267468260028612 0.11554763521203151 -1.1488708496093498 -1.6624145507812298 0.10143280029296901 0.51450470248928559
decision_type=2 2 2 2 2 2 2 2 2 2 2 2 2 2 2
left_child=1 9 6 4 -4 -5 8 -8 -2 10 -1 -11 13 -3 -14
right_child=2 12 3 5 -6 -7 7 -9 -10 11 -12 -13 14 -15 -16
leaf_value=-0.016843187383705178 -0.0029015163420823809 0.18573004099607029 -0.0051605096513832787 0.058681148676665955 0.018471945916423885 0.018326160746114636 0.029771962560974391 0.00090227960558627261 -0.027912525222201692 0.06533669366667641 -0.068516817892728538 -0.0060601741986872687 -0.0038727436693462751 0.016634924016617661 0.029115071676663752
leaf_weight=2525.5700577829211 21857.291136268635 31.580405137341586 6805.165703841154 637.66784770815138 2715.7102716260233 2209.451119137324 2045.8077800102619 21889.428367528708 1758.7883250448431 130.31608173454879 481.9471226885089 926.41700883562044 7189.6753361514075 693.30756948405178 431.82297080478747
leaf_count=207136 579424 1118 130992 12386 60518 27708 27422 197620 119146 4425 103396 91753 90880 9945 6256
internal_value=-0.000110201 -0.00559979 0.00102719 0.00754933 0.00158651 0.0274515 -0.000669819 0.00337555 -0.00476971 -0.0178879 -0.0252237 0.0030107 0.000390998 0.0252236 -0.00198584
internal_weight=72329.9 12410.6 59919.3 12368 9520.88 2847.12 47551.3 23935.2 23616.1 4064.25 3007.52 1056.73 8346.39 724.888 7621.5
internal_count=1670125 514909 1155216 231604 191510 40094 923612 225042 698570 406710 310532 96178 108199 11063 97136
is_linear=0
shrinkage=0.1


Tree=175
num_leaves=9
num_cat=0
split_feature=13 37 18 13 7 38 6 13
split_gain=36.6073 35.1674 74.5758 76.4868 61.2289 47.0627 142.101 72.8107
threshold=0.024772644042968753 -0.86602540378443849 15.540963745117201 0.13565826416015653 0.61267468260028612 -0.68301270189221941 -0.73706547613042994 0.13361358642578153
decision_type=2 2 2 2 2 2 2 2
left_child=-1 2 4 -4 -2 6 -3 -7
right_child=1 5 3 -5 -6 7 -8 -9
leaf_value=-0.090548019313281353 -0.021298930846345838 0.025792686686469796 0.0090164820146317881 -0.020366498868011354 0.013249333475800011 0.01042097012557929 -0.0095555851225158795 -5.2468368013397899e-05
leaf_weight=40.258383106964175 3534.8248392779878 1276.8113113836516 3690.2761279013594 1160.33202048776 596.44491932263554 7813.674020153514 10089.723894776311 43943.906665792128
leaf_count=60062 50153 34067 143767 55085 13866 259444 365166 686162
internal_value=-0.000639858 -0.000583385 -0.00643617 0.00197394 -0.0163011 0.000249847 -0.00557529 0.00152953
internal_weight=72146.3 72106 8981.88 4850.61 4131.27 63124.1 11366.5 51757.6
internal_count=1667772 1607710 262871 198852 64019 1344839 399233 945606
is_linear=0
shrinkage=0.1


end of trees

feature_importances:
slope_mean_500m=171
proximity_to_coast_km=143
volumetric_soil_water_layer_1=116
elevation_m=114
total_precipitation_hourly=112
slope_30m=102
cos_month=94
dewpoint_dep=93
tpi_500m=92
tpi_5000m=83
dewpoint_C=82
surface_net_thermal_radiation_hourly=82
eastness=79
northness=77
air_skin_diff=72
eastness_1000m=71
northness_500m=70
wind_dpdep_interaction=69
moisture_trend_3h=67
eastness_500m=65
tpi_1000m=53
v10_m_s=53
t2m_C=53
vpd_kpa=52
total_precipitation_hourly_lag1=52
sin_month=47
northness_1000m=42
u10_m_s=42
total_evaporation_hourly_lag1=37
wind_speed=35
surface_sensible_heat_flux_hourly_lag1=34
sin_hour=34
surface_net_solar_radiation_hourly_lag1=28
cos_hour=27
skin_temperature=24
cooling_rate_3h=24
total_evaporation_hourly=22
surface_sensible_heat_flux_hourly=16
surface_net_solar_radiation_hourly=11

parameters:
[boosting: gbdt]
[objective: binary]
[metric: binary_logloss]
[tree_learner: serial]
[device_type: cpu]
[data_sample_strategy: bagging]
[data: ]
[valid: ]
[num_iterations: 176]
[learning_rate: 0.1]
[num_leaves: 168]
[num_threads: 16]
[seed: 123456]
[deterministic: 1]
[force_col_wise: 1]
[force_row_wise: 0]
[histogram_pool_size: -1]
[max_depth: 4]
[min_data_in_leaf: 218]
[min_sum_hessian_in_leaf: 0.001]
[bagging_fraction: 0.5]
[pos_bagging_fraction: 1]
[neg_bagging_fraction: 1]
[bagging_freq: 1]
[bagging_seed: 22818]
[bagging_by_query: 0]
[feature_fraction: 0.5]
[feature_fraction_bynode: 1]
[feature_fraction_seed: 16017]
[extra_trees: 0]
[extra_seed: 20368]
[early_stopping_round: 0]
[early_stopping_min_delta: 0]
[first_metric_only: 0]
[max_delta_step: 0]
[lambda_l1: 0]
[lambda_l2: 5]
[linear_lambda: 0]
[min_gain_to_split: 0]
[drop_rate: 0.1]
[max_drop: 50]
[skip_drop: 0.5]
[xgboost_dart_mode: 0]
[uniform_drop: 0]
[drop_seed: 10150]
[top_rate: 0.2]
[other_rate: 0.1]
[min_data_per_group: 100]
[max_cat_threshold: 32]
[cat_l2: 10]
[cat_smooth: 10]
[max_cat_to_onehot: 4]
[top_k: 20]
[monotone_constraints: ]
[monotone_constraints_method: basic]
[monotone_penalty: 0]
[feature_contri: ]
[forcedsplits_filename: ]
[refit_decay_rate: 0.9]
[cegb_tradeoff: 1]
[cegb_penalty_split: 0]
[cegb_penalty_feature_lazy: ]
[cegb_penalty_feature_coupled: ]
[path_smooth: 0]
[interaction_constraints: ]
[verbosity: 1]
[saved_feature_importance_type: 0]
[use_quantized_grad: 0]
[num_grad_quant_bins: 4]
[quant_train_renew_leaf: 0]
[stochastic_rounding: 1]
[linear_tree: 0]
[max_bin: 255]
[max_bin_by_feature: ]
[min_data_in_bin: 3]
[bin_construct_sample_cnt: 200000]
[data_random_seed: 9977]
[is_enable_sparse: 1]
[enable_bundle: 1]
[use_missing: 1]
[zero_as_missing: 0]
[feature_pre_filter: 0]
[pre_partition: 0]
[two_round: 0]
[header: 0]
[label_column: ]
[weight_column: ]
[group_column: ]
[ignore_column: ]
[categorical_feature: ]
[forcedbins_filename: ]
[precise_float_parser: 0]
[parser_config_file: ]
[objective_seed: 7706]
[num_class: 1]
[is_unbalance: 0]
[scale_pos_weight: 1]
[sigmoid: 1]
[boost_from_average: 1]
[reg_sqrt: 0]
[alpha: 0.9]
[fair_c: 1]
[poisson_max_delta_step: 0.7]
[tweedie_variance_power: 1.5]
[lambdarank_truncation_level: 30]
[lambdarank_norm: 1]
[label_gain: ]
[lambdarank_position_bias_regularization: 0]
[eval_at: ]
[multi_error_top_k: 1]
[auc_mu_weights: ]
[num_machines: 1]
[local_listen_port: 12400]
[time_out: 120]
[machine_list_filename: ]
[machines: ]
[gpu_platform_id: -1]
[gpu_device_id: -1]
[gpu_use_dp: 0]
[num_gpu: 1]

end of parameters
