station,year_local,month_local,obs_freq,pred_freq,n,latitude,longitude
APC,2020,7,0.00831024930747922,0.04364117046783121,722,38.2075,-122.2804
APC,2020,8,0.04736129905277402,0.04169743900300009,739,38.2075,-122.2804
APC,2020,9,0.13649025069637882,0.0588856905256461,718,38.2075,-122.2804
APC,2020,10,0.06284153005464481,0.05902202195453363,732,38.2075,-122.2804
APC,2020,11,0.09612625538020086,0.11589340971638448,697,38.2075,-122.2804
APC,2020,12,0.16307277628032346,0.14554523600333516,742,38.2075,-122.2804
APC,2021,1,0.23149394347240915,0.24340916005298535,743,38.2075,-122.2804
APC,2021,2,0.13095238095238096,0.1066651398439776,672,38.2075,-122.2804
APC,2021,3,0.06043956043956044,0.05998925905979183,728,38.2075,-122.2804
APC,2021,4,0.04142857142857142,0.034433299845074,700,38.2075,-122.2804
APC,2021,5,0.00806451612903225,0.0236218650216133,744,38.2075,-122.2804
APC,2021,6,0.00277777777777777,0.03155701580294792,720,38.2075,-122.2804
APC,2022,1,0.19623655913978497,0.2235551883731782,744,38.2075,-122.2804
APC,2022,2,0.0431547619047619,0.05921719685875904,672,38.2075,-122.2804
APC,2022,3,0.06010928961748633,0.09129705789641554,732,38.2075,-122.2804
APC,2022,4,0.05285118219749652,0.06026043917176926,719,38.2075,-122.2804
APC,2022,5,0.00940860215053763,0.02429430569819736,744,38.2075,-122.2804
APC,2022,6,0.01388888888888888,0.02839236349535862,720,38.2075,-122.2804
APC,2022,7,0.00269179004037685,0.05360335633083595,743,38.2075,-122.2804
APC,2022,8,0.00807537012113055,0.0668316809517835,743,38.2075,-122.2804
APC,2022,9,0.03059805285118219,0.08262836332668803,719,38.2075,-122.2804
APC,2022,10,0.1196236559139785,0.10022711811802396,744,38.2075,-122.2804
APC,2022,11,0.04513399153737658,0.10262372756622148,709,38.2075,-122.2804
APC,2022,12,0.2543741588156124,0.3005469229330616,743,38.2075,-122.2804
APC,2023,1,0.08071135430916553,0.20065480499771787,731,38.2075,-122.2804
APC,2023,2,0.0499194847020934,0.11471711637501272,621,38.2075,-122.2804
APC,2023,3,0.07894736842105263,0.1644996724896593,722,38.2075,-122.2804
APC,2023,5,0.03072625698324022,0.07622570246942811,716,38.2075,-122.2804
APC,2023,6,0.00145772594752186,0.04754455809629765,686,38.2075,-122.2804
APC,2023,7,0.00818553888130968,0.04585469420501163,733,38.2075,-122.2804
APC,2023,8,0.02419354838709677,0.0629904562208672,744,38.2075,-122.2804
APC,2023,9,0.04305555555555555,0.08696359487425775,720,38.2075,-122.2804
APC,2023,10,0.06586021505376344,0.088165089792818993,744,38.2075,-122.2804
APC,2023,11,0.03760445682451253,0.13270668790910306,718,38.2075,-122.2804
APC,2023,12,0.21505376344086025,0.325022138468092,744,38.2075,-122.2804
APC,2024,1,0.2446236559139785,0.3169434476993182,744,38.2075,-122.2804
APC,2024,2,0.10919540229885058,0.20299551520498135,696,38.2075,-122.2804
APC,2024,3,0.06351351351351352,0.11511553090055092,740,38.2075,-122.2804
APC,2024,4,0.03516174402250351,0.07900992406688201,711,38.2075,-122.2804
APC,2024,5,0.01478494623655914,0.04573149405875056,744,38.2075,-122.2804
APC,2024,6,0.00833333333333333,0.02562478903828203,720,38.2075,-122.2804
BAB,2019,1,0.1445945945945946,0.14263243711917337,740,39.1361,-121.4366
BAB,2019,2,0.14393939393939395,0.1052966403867413,660,39.1361,-121.4366
BAB,2019,3,0.0755813953488372,0.08250475427127173,688,39.1361,-121.4366
BAB,2019,4,0.00985915492957746,0.03991369555244344,710,39.1361,-121.4366
BAB,2019,5,0.04275862068965517,0.03274956026849106,725,39.1361,-121.4366
BAB,2019,6,0.00299850074962518,0.00725324921961866,667,39.1361,-121.4366
BAB,2019,7,0,0.003423493992817,729,39.1361,-121.4366
BAB,2019,8,0,0.00435065492669368,733,39.1361,-121.4366
BAB,2019,9,0.00283687943262411,0.01347513279672043,705,39.1361,-121.4366
BAB,2019,10,0,0.00863014838050694,729,39.1361,-121.4366
BAB,2019,11,0.01836158192090395,0.03183689937542694,708,39.1361,-121.4366
BAB,2019,12,0.27755102040816326,0.18693516878278377,735,39.1361,-121.4366
BAB,2020,7,0,0.00294446550286272,731,39.1361,-121.4366
BAB,2020,8,0,0.0034160879210852,733,39.1361,-121.4366
BAB,2020,9,0,0.00680273345919865,717,39.1361,-121.4366
BAB,2020,10,0.00544217687074829,0.01043094487145565,735,39.1361,-121.4366
BAB,2020,11,0.05857740585774058,0.05418159047439361,717,39.1361,-121.4366
BAB,2020,12,0.15633423180592992,0.11331909472312546,742,39.1361,-121.4366
BAB,2021,1,0.17479674796747968,0.11638698206469922,738,39.1361,-121.4366
BAB,2021,2,0.03889789303079417,0.05737254658920349,617,39.1361,-121.4366
BAB,2021,3,0.02702702702702703,0.03199664402567051,740,39.1361,-121.4366
BAB,2021,4,0.00568990042674253,0.00852788207521766,703,39.1361,-121.4366
BAB,2021,6,0,0.00257727246425976,695,39.1361,-121.4366
BAB,2021,7,0,0.00279880517806702,717,39.1361,-121.4366
BAB,2021,8,0,0.00400755094262658,717,39.1361,-121.4366
BAB,2021,9,0,0.00821825717927126,716,39.1361,-121.4366
BAB,2021,10,0.08748317631224764,0.05995010197058419,743,39.1361,-121.4366
BAB,2021,11,0.2510460251046025,0.13634863689099103,717,39.1361,-121.4366
BAB,2021,12,0.39295392953929537,0.23107393234233028,738,39.1361,-121.4366
BAB,2023,1,0.12113055181695828,0.11955871231911326,743,39.1361,-121.4366
BAB,2023,2,0.06748466257668712,0.06584790064273192,652,39.1361,-121.4366
BAB,2023,3,0.07837837837837838,0.09144905579246776,740,39.1361,-121.4366
BAB,2023,4,0.0088235294117647,0.02132421986259509,680,39.1361,-121.4366
BAB,2023,5,0.03108108108108108,0.01811462994650579,740,39.1361,-121.4366
BAB,2023,6,0,0.00821458742262047,708,39.1361,-121.4366
BAB,2023,7,0,0.00351563350638288,734,39.1361,-121.4366
BAB,2023,8,0,0.00633555397663394,734,39.1361,-121.4366
BAB,2023,9,0.01308139534883721,0.01540903171466055,688,39.1361,-121.4366
BAB,2023,10,0.03287671232876712,0.03050604507004752,730,39.1361,-121.4366
BAB,2023,11,0.03816793893129771,0.06188717878817555,655,39.1361,-121.4366
BAB,2023,12,0.10818307905686546,0.16710155738021085,721,39.1361,-121.4366
BAB,2024,1,0.16361071932299012,0.17649065252252147,709,39.1361,-121.4366
BAB,2024,2,0.05128205128205128,0.09679999736202662,663,39.1361,-121.4366
BAB,2024,3,0.02635431918008785,0.05088614544230258,683,39.1361,-121.4366
BAB,2024,4,0.01004304160688665,0.03417805511646995,697,39.1361,-121.4366
BAB,2024,5,0.01379310344827586,0.01370313355063636,725,39.1361,-121.4366
BAB,2024,6,0,0.00366998845785645,719,39.1361,-121.4366
BLH,2019,1,0.04371584699453552,0.08662158767592178,732,33.6192,-114.7169
BLH,2019,2,0.00303951367781155,0.0154864464975014,658,33.6192,-114.7169
BLH,2019,3,0.00291970802919708,0.00351974459724923,685,33.6192,-114.7169
BLH,2019,4,0.00142450142450142,5.331413542168048e-4,702,33.6192,-114.7169
BLH,2019,5,0,9.72713000755933e-4,714,33.6192,-114.7169
BLH,2019,6,0,1.7938090031507787e-4,714,33.6192,-114.7169
BLH,2020,1,0,0.0256499249799078,727,33.6192,-114.7169
BLH,2020,2,0.00150602409638554,0.00380935381880455,664,33.6192,-114.7169
BLH,2020,3,0.02374301675977653,0.02371497485469472,716,33.6192,-114.7169
BLH,2020,4,0.00418410041841004,0.00380317252128513,717,33.6192,-114.7169
BLH,2020,5,0,2.4888342294803834e-4,739,33.6192,-114.7169
BLH,2020,7,0,1.8323459546118064e-4,709,33.6192,-114.7169
BLH,2020,9,0,3.299144378825119e-4,666,33.6192,-114.7169
BLH,2020,10,0,0.0014898611703864,702,33.6192,-114.7169
BLH,2020,11,0,0.00395387093528202,683,33.6192,-114.7169
BLH,2021,1,0.01385041551246537,0.03899907826480322,722,33.6192,-114.7169
BLH,2021,2,0,0.00153860769747255,671,33.6192,-114.7169
BLH,2021,3,0,0.0017765084448716,741,33.6192,-114.7169
BLH,2021,5,0,2.48757103140867e-4,709,33.6192,-114.7169
BLH,2021,6,0,1.6210583036008005e-4,693,33.6192,-114.7169
BLH,2021,7,0,8.301289693880752e-4,709,33.6192,-114.7169
BLH,2021,11,0,0.00528200543903596,664,33.6192,-114.7169
BLH,2022,4,0,4.805405618585431e-4,703,33.6192,-114.7169
BLH,2022,5,0,2.375177947777125e-4,727,33.6192,-114.7169
BLH,2022,6,0,1.9694067908369425e-4,707,33.6192,-114.7169
BLH,2022,7,0,0.00112222011473196,733,33.6192,-114.7169
BLH,2022,8,0.00688705234159779,0.00163401445549757,726,33.6192,-114.7169
BLH,2022,9,0,0.00240261627456049,706,33.6192,-114.7169
BLH,2022,11,0,0.00821034893026687,684,33.6192,-114.7169
BLH,2022,12,0.01947148817802503,0.06638409468556106,719,33.6192,-114.7169
BLH,2023,2,0,0.00342381917226494,663,33.6192,-114.7169
BLH,2023,6,0,3.0497555909027904e-4,653,33.6192,-114.7169
BLH,2023,7,0,2.185077055040024e-4,680,33.6192,-114.7169
BLH,2023,10,0,0.00250673000407334,726,33.6192,-114.7169
BLH,2023,11,0,0.03681170541752789,665,33.6192,-114.7169
BLH,2024,1,0.02103786816269284,0.0796189421635061,713,33.6192,-114.7169
BLH,2024,2,0,0.01365077046294055,654,33.6192,-114.7169
BLH,2024,4,0,0.00360645385428827,665,33.6192,-114.7169
BLH,2024,5,0,2.4589757338331096e-4,741,33.6192,-114.7169
BLH,2024,6,0,2.2618033199600505e-4,719,33.6192,-114.7169
BLU,2019,1,0.2994579945799458,0.07452557714789251,738,39.275,-120.7097
BLU,2019,2,0.5235204855842185,0.08764122695090955,659,39.275,-120.7097
BLU,2019,3,0.3696551724137931,0.07566686027785992,725,39.275,-120.7097
BLU,2019,4,0.18410041841004185,0.04529045270206617,717,39.275,-120.7097
BLU,2019,5,0.22282608695652173,0.04647258232651363,736,39.275,-120.7097
BLU,2019,6,0.00279720279720279,0.00555785931295246,715,39.275,-120.7097
BLU,2019,7,0,0.00273852551903032,743,39.275,-120.7097
BLU,2019,8,0,0.00373939271421973,744,39.275,-120.7097
BLU,2019,9,0.05694444444444444,0.01920785326009591,720,39.275,-120.7097
BLU,2019,10,0.01542776998597475,0.00672554970241926,713,39.275,-120.7097
BLU,2019,11,0.1,0.02510012938326739,710,39.275,-120.7097
BLU,2019,12,0.32075471698113206,0.10966121178076496,742,39.275,-120.7097
BLU,2020,1,0.28746594005449594,0.0763243210009875,734,39.275,-120.7097
BLU,2020,2,0.01007194244604316,0.00653606043296763,695,39.275,-120.7097
BLU,2020,4,0.16736401673640167,0.0310588605834509,717,39.275,-120.7097
BLU,2020,5,0.17069892473118278,0.0305459162147244,744,39.275,-120.7097
BLU,2020,6,0.00836820083682008,0.00572365608504081,717,39.275,-120.7097
BLU,2020,7,0,0.0021107035593231,744,39.275,-120.7097
BLU,2020,8,0,0.00324841651444793,743,39.275,-120.7097
BLU,2020,9,0,0.00204907386624346,717,39.275,-120.7097
BLU,2020,10,0,0.00329347054076064,730,39.275,-120.7097
BLU,2020,11,0.10614525139664804,0.02927581545982073,716,39.275,-120.7097
BLU,2020,12,0.14016172506738545,0.04363694751426131,742,39.275,-120.7097
BLU,2021,1,0.2271505376344086,0.05954888040727104,744,39.275,-120.7097
BLU,2021,2,0.20833333333333337,0.04659298977779728,672,39.275,-120.7097
BLU,2021,3,0.1864864864864865,0.02791183855066708,740,39.275,-120.7097
BLU,2021,4,0.02222222222222222,0.00913345552058137,720,39.275,-120.7097
BLU,2021,5,0.00672043010752688,0.00437516134182137,744,39.275,-120.7097
BLU,2021,6,0,0.00253182869988675,716,39.275,-120.7097
BLU,2021,7,0,0.00150806679183634,743,39.275,-120.7097
BLU,2021,8,0,0.00172267823053256,741,39.275,-120.7097
BLU,2021,9,0.03064066852367688,0.00738133918087184,718,39.275,-120.7097
BLU,2021,10,0.19623655913978497,0.0485690618220528,744,39.275,-120.7097
BLU,2021,11,0.10474860335195532,0.03398883085771292,716,39.275,-120.7097
BLU,2021,12,0.4215827338129496,0.10494895023238784,695,39.275,-120.7097
BLU,2022,1,0.07537012113055182,0.03470254272810738,743,39.275,-120.7097
BLU,2022,2,0.03422619047619048,0.01001680023768898,672,39.275,-120.7097
BLU,2022,3,0.11185983827493262,0.02138447580347728,742,39.275,-120.7097
BLU,2022,4,0.1904761904761905,0.03364804438931145,714,39.275,-120.7097
BLU,2022,5,0.06048387096774194,0.01133738902382281,744,39.275,-120.7097
BLU,2022,6,0.05578800557880056,0.01391248527321213,717,39.275,-120.7097
BLU,2022,7,0,0.00364006804633937,743,39.275,-120.7097
BLU,2022,8,0.00134952766531713,0.00328580827775995,741,39.275,-120.7097
BLU,2022,9,0.04867872044506258,0.01268916090841027,719,39.275,-120.7097
BLU,2022,10,0.0027027027027027,0.0058314719106202,740,39.275,-120.7097
BLU,2022,11,0.1888111888111888,0.04778640703383471,715,39.275,-120.7097
BLU,2022,12,0.3684210526315789,0.10117870425750608,741,39.275,-120.7097
BLU,2023,1,0.3548387096774194,0.08160289891963793,744,39.275,-120.7097
BLU,2023,2,0.28017883755588674,0.0436291438035284,671,39.275,-120.7097
BLU,2023,3,0.4501347708894879,0.0761082915835745,742,39.275,-120.7097
BLU,2023,4,0.09396914446002803,0.02658176015815127,713,39.275,-120.7097
BLU,2023,5,0.1573816155988858,0.03706851846996546,718,39.275,-120.7097
BLU,2023,6,0.03064066852367688,0.01731550367917071,718,39.275,-120.7097
BLU,2023,7,0,0.00139984312581803,684,39.275,-120.7097
BLU,2023,8,0.0094850948509485,0.0092967945052088,738,39.275,-120.7097
BLU,2023,9,0.06638418079096045,0.02242491189156537,708,39.275,-120.7097
BLU,2023,10,0.07356948228882834,0.0162004295224461,734,39.275,-120.7097
BLU,2023,11,0.10919540229885058,0.03630432558963209,696,39.275,-120.7097
BLU,2023,12,0.18059299191374664,0.074767359837903,742,39.275,-120.7097
BLU,2024,1,0.34349030470914127,0.0910766446290576,722,39.275,-120.7097
BLU,2024,2,0.4421875,0.07826076075742247,640,39.275,-120.7097
BLU,2024,3,0.3702185792349727,0.06373217710909854,732,39.275,-120.7097
BLU,2024,4,0.17083333333333334,0.03231970144958889,720,39.275,-120.7097
BLU,2024,5,0.01830985915492957,0.01103866046609279,710,39.275,-120.7097
BLU,2024,6,0,0.00273159786638341,718,39.275,-120.7097
BLU,2024,7,0,0.00102263534749794,741,39.275,-120.7097
BLU,2024,8,0.01478494623655914,0.00597591771125852,744,39.275,-120.7097
BLU,2024,9,0.00279720279720279,0.00466847773900716,715,39.275,-120.7097
BLU,2024,10,0.05586592178770949,0.01336416146754651,716,39.275,-120.7097
BLU,2024,11,0.23496503496503496,0.05957570386632777,715,39.275,-120.7097
BLU,2024,12,0.31874145006839943,0.09355474845908482,731,39.275,-120.7097
CIC,2019,7,0,0.00139392284635077,688,39.7954,-121.8584
CIC,2019,8,0,0.00190503844682729,682,39.7954,-121.8584
CIC,2019,10,0,0.00275006301102238,686,39.7954,-121.8584
CIC,2019,11,0.00306748466257668,0.02629386814693213,652,39.7954,-121.8584
CIC,2019,12,0.08464849354375897,0.18480212065213256,697,39.7954,-121.8584
CIC,2020,1,0.05142857142857143,0.14293900908917634,700,39.7954,-121.8584
CIC,2020,2,0.00311526479750778,0.01550317070806286,642,39.7954,-121.8584
CIC,2020,3,0.01015965166908563,0.02556441878408009,689,39.7954,-121.8584
CIC,2020,4,0,0.01897594679144838,680,39.7954,-121.8584
CIC,2020,5,0.00143061516452074,0.01355870481938674,699,39.7954,-121.8584
CIC,2020,6,0,0.00307351537374801,659,39.7954,-121.8584
CIC,2020,8,0,0.00153073915309589,683,39.7954,-121.8584
CIC,2020,9,0,0.00259328444616138,672,39.7954,-121.8584
CIC,2020,10,0,0.00474541579579834,684,39.7954,-121.8584
CIC,2020,11,0.00306278713629402,0.04713435888705967,653,39.7954,-121.8584
CIC,2020,12,0.05433186490455213,0.09736094368780654,681,39.7954,-121.8584
CIC,2021,1,0.0291970802919708,0.11312538131316913,685,39.7954,-121.8584
CIC,2021,2,0.01916932907348242,0.04365087798022619,626,39.7954,-121.8584
CIC,2021,4,0,0.00622674361334053,668,39.7954,-121.8584
CIC,2021,5,0,0.0018890154892252,683,39.7954,-121.8584
CIC,2021,6,0,9.421694587177304e-4,652,39.7954,-121.8584
DLO,2019,1,0.21370967741935484,0.17883470614541466,744,35.7456,-119.2365
DLO,2019,2,0.01494768310911808,0.06684589311890753,669,35.7456,-119.2365
DLO,2019,3,0.00707213578500707,0.04315262341959012,707,35.7456,-119.2365
DLO,2019,4,0,0.00949530243534227,720,35.7456,-119.2365
DLO,2019,5,0,0.02504938568181929,744,35.7456,-119.2365
DLO,2019,6,0,0.00185295564278799,720,35.7456,-119.2365
DLO,2020,1,0.32166890982503366,0.21103902656482673,743,35.7456,-119.2365
DLO,2020,2,0.03735632183908046,0.02329550334211514,696,35.7456,-119.2365
DLO,2020,3,0.00961538461538461,0.02872794468906047,728,35.7456,-119.2365
DLO,2020,7,0,6.619452691049258e-4,742,35.7456,-119.2365
DLO,2020,8,0,8.041552962890179e-4,730,35.7456,-119.2365
DLO,2020,9,0,0.00129692068748632,718,35.7456,-119.2365
DLO,2020,10,0,0.00597940496417968,744,35.7456,-119.2365
DLO,2020,11,0.09691011235955056,0.05336142965770291,712,35.7456,-119.2365
DLO,2020,12,0.18438761776581428,0.1343081604709633,743,35.7456,-119.2365
DLO,2021,1,0.17893217893217894,0.1237562528121106,693,35.7456,-119.2365
DLO,2021,2,0.04207119741100323,0.03764405662489291,618,35.7456,-119.2365
DLO,2021,3,0,0.02043130351411691,740,35.7456,-119.2365
DLO,2021,7,0,4.817851072520021e-4,742,35.7456,-119.2365
DLO,2021,8,0,8.576826145422165e-4,721,35.7456,-119.2365
DLO,2021,9,0,0.00114772159699792,718,35.7456,-119.2365
DLO,2021,10,0.0564516129032258,0.02220883376693701,744,35.7456,-119.2365
DLO,2021,11,0.36731843575418993,0.120912839896424,716,35.7456,-119.2365
DLO,2022,3,0,0.02407544275337446,741,35.7456,-119.2365
DLO,2022,4,0.00139082058414464,0.00912500467568027,719,35.7456,-119.2365
DLO,2023,4,0,0.01454644507567548,718,35.7456,-119.2365
DLO,2023,5,0,0.00577095483085746,738,35.7456,-119.2365
DLO,2023,6,0,0.00773101271503045,688,35.7456,-119.2365
DLO,2023,7,0,5.430858696473314e-4,740,35.7456,-119.2365
DLO,2023,9,0,0.00505398677093288,709,35.7456,-119.2365
DLO,2023,10,0.0013531799729364,0.01286410440372592,739,35.7456,-119.2365
DLO,2023,11,0.0157593123209169,0.03545309619989223,698,35.7456,-119.2365
DLO,2023,12,0.14189189189189189,0.19002579865309943,740,35.7456,-119.2365
DLO,2024,1,0.21236559139784947,0.20699576349305313,744,35.7456,-119.2365
DLO,2024,2,0.02183406113537117,0.10380772447274982,687,35.7456,-119.2365
DLO,2024,3,0,0.04593104443301338,739,35.7456,-119.2365
DLO,2024,4,0.00557880055788005,0.02378625502848026,717,35.7456,-119.2365
DLO,2024,5,0,0.00585517088071131,740,35.7456,-119.2365
DLO,2024,6,0,0.00136683958429754,719,35.7456,-119.2365
DLO,2024,7,0,8.456812058542209e-4,739,35.7456,-119.2365
DLO,2024,8,0,0.00108426641250026,742,35.7456,-119.2365
DLO,2024,9,0,0.00251335071399387,720,35.7456,-119.2365
DLO,2024,10,0,0.01194793586339513,744,35.7456,-119.2365
DLO,2024,11,0.0947075208913649,0.12019625032786438,718,35.7456,-119.2365
DWA,2021,3,0,0.02802450147648038,709,38.5794,-121.8569
DWA,2021,4,0.00694444444444444,0.00939513599533611,720,38.5794,-121.8569
DWA,2021,5,0,0.00453287788213673,738,38.5794,-121.8569
DWA,2021,7,0,0.00656790356254439,676,38.5794,-121.8569
DWA,2021,8,0,0.01072484264518572,692,38.5794,-121.8569
DWA,2021,10,0.08559782608695653,0.06041500656953463,736,38.5794,-121.8569
DWA,2021,11,0.2824858757062147,0.15141374626657092,708,38.5794,-121.8569
DWA,2021,12,0.4759124087591241,0.2687495240339455,685,38.5794,-121.8569
DWA,2022,9,0.02089136490250696,0.02203081679047323,718,38.5794,-121.8569
DWA,2022,10,0,0.03446486506392164,736,38.5794,-121.8569
DWA,2022,11,0.02231520223152022,0.0651371893742076,717,38.5794,-121.8569
DWA,2022,12,0.4360699865410498,0.2787084069517629,743,38.5794,-121.8569
DWA,2023,1,0.19425444596443228,0.1533729305796966,731,38.5794,-121.8569
DWA,2023,2,0.10944527736131934,0.06656886611054431,667,38.5794,-121.8569
DWA,2023,3,0.16575342465753426,0.09207827212487178,730,38.5794,-121.8569
DWA,2023,4,0.00558659217877095,0.02342129253207798,716,38.5794,-121.8569
DWA,2023,5,0.02713704206241519,0.02650019433202321,737,38.5794,-121.8569
DWA,2023,6,0.00582241630276564,0.01021842302568355,687,38.5794,-121.8569
DWA,2023,7,0.00136054421768707,0.00839468249175369,735,38.5794,-121.8569
DWA,2023,8,0.0040650406504065,0.0098685429110121,738,38.5794,-121.8569
DWA,2023,9,0.01555869872701555,0.02291244240424985,707,38.5794,-121.8569
DWA,2023,12,0.23149394347240915,0.2265165235418878,743,38.5794,-121.8569
DWA,2024,1,0.3243606998654105,0.2398998787806167,743,38.5794,-121.8569
DWA,2024,2,0.14431486880466474,0.11451192475683052,686,38.5794,-121.8569
DWA,2024,3,0.0553306342780027,0.05670440721295145,741,38.5794,-121.8569
DWA,2024,4,0.02089136490250696,0.04098568992536107,718,38.5794,-121.8569
DWA,2024,5,0.00825309491059147,0.01342577094073033,727,38.5794,-121.8569
DWA,2024,6,0.00605143721633888,0.00476395897117528,661,38.5794,-121.8569
DWA,2024,7,0,0.00546041180200215,739,38.5794,-121.8569
DWA,2024,8,0.00139082058414464,0.00896993804816662,719,38.5794,-121.8569
DWA,2024,12,0.3015006821282401,0.2195636710548055,733,38.5794,-121.8569
E16,2019,1,0.11004126547455297,0.1766764119104206,727,37.0816,-121.5968
E16,2019,2,0.0819423368740516,0.09073421210592177,659,37.0816,-121.5968
E16,2019,4,0.03516819571865443,0.07355396718422245,654,37.0816,-121.5968
E16,2019,10,0.0125,0.02096865631484826,720,37.0816,-121.5968
E16,2021,1,0.0955585464333782,0.1622408492511709,743,37.0816,-121.5968
E16,2021,2,0.02529761904761904,0.04964757277279726,672,37.0816,-121.5968
E16,2021,3,0.00942126514131897,0.04274934306897877,743,37.0816,-121.5968
E16,2021,4,0.02094972067039106,0.02380865476149996,716,37.0816,-121.5968
E16,2021,5,0.02688172043010752,0.02502480261849952,744,37.0816,-121.5968
E16,2021,6,0.01666666666666666,0.02279242188016504,720,37.0816,-121.5968
E16,2022,1,0.1117092866756393,0.13234514009671416,743,37.0816,-121.5968
E16,2022,2,0.01345291479820627,0.01624682423537459,669,37.0816,-121.5968
E16,2022,3,0.0161507402422611,0.03882692173408103,743,37.0816,-121.5968
E16,2022,4,0.03611111111111111,0.04015874288576199,720,37.0816,-121.5968
E16,2022,5,0.00134589502018842,0.01984317332733183,743,37.0816,-121.5968
E16,2022,6,0,0.02026844894003897,720,37.0816,-121.5968
E16,2022,7,0.00403225806451612,0.03126144907484742,744,37.0816,-121.5968
E16,2022,8,0.04704301075268817,0.03932708392307064,744,37.0816,-121.5968
E16,2022,9,0.02777777777777777,0.04649900349269981,720,37.0816,-121.5968
E16,2022,10,0.12096774193548387,0.07276853566151689,744,37.0816,-121.5968
E16,2022,11,0.03486750348675035,0.08397701500468475,717,37.0816,-121.5968
E16,2022,12,0.2862903225806452,0.24944309777798615,744,37.0816,-121.5968
E16,2023,1,0.13844086021505375,0.14176466791996767,744,37.0816,-121.5968
E16,2023,2,0.07335329341317365,0.05207178128765602,668,37.0816,-121.5968
E16,2023,3,0.13593539703903096,0.09869358028468882,743,37.0816,-121.5968
E16,2023,4,0.02253521126760563,0.04363075721676912,710,37.0816,-121.5968
E16,2023,5,0.02018842530282637,0.05349395976253868,743,37.0816,-121.5968
E16,2023,6,0.02414772727272727,0.03816629232905232,704,37.0816,-121.5968
E16,2023,7,0.04054054054054054,0.03404080152392032,740,37.0816,-121.5968
E16,2023,8,0.0282258064516129,0.04368362760420326,744,37.0816,-121.5968
E16,2024,2,0.16448326055312956,0.10022999723328536,687,37.0816,-121.5968
E16,2024,3,0.12244897959183672,0.06944567090766043,735,37.0816,-121.5968
E16,2024,4,0.06666666666666667,0.05839270624822441,720,37.0816,-121.5968
E16,2024,5,0.10080645161290322,0.03912568862990983,744,37.0816,-121.5968
E16,2024,6,0.08228730822873083,0.02923837930067401,717,37.0816,-121.5968
E16,2024,7,0.02032520325203252,0.03136973303224154,738,37.0816,-121.5968
E16,2024,8,0.00683994528043775,0.03742300893978599,731,37.0816,-121.5968
E16,2024,9,0.03472222222222222,0.04783874914570942,720,37.0816,-121.5968
E16,2024,10,0.01478494623655914,0.04574616099559195,744,37.0816,-121.5968
E16,2024,11,0.05586592178770949,0.1168880496634853,716,37.0816,-121.5968
E16,2024,12,0.19293478260869565,0.19122645396405552,736,37.0816,-121.5968
EED,2019,1,0.01944444444444444,0.03558819570233581,720,34.7664,-114.6233
EED,2019,2,0.01043219076005961,0.01402873800821701,671,34.7664,-114.6233
EED,2019,3,0.0013477088948787,0.0017432743978703,742,34.7664,-114.6233
EED,2019,4,0,4.263531625385694e-4,719,34.7664,-114.6233
EED,2019,5,0,4.087952259988332e-4,743,34.7664,-114.6233
EED,2019,6,0,6.508266772031774e-5,720,34.7664,-114.6233
EED,2020,1,0,0.00944418916522567,732,34.7664,-114.6233
EED,2020,2,0.0043103448275862,0.00108511638453214,696,34.7664,-114.6233
EED,2020,3,0.02425876010781671,0.00899603121209617,742,34.7664,-114.6233
EED,2020,4,0.00416666666666666,0.00122793037667787,720,34.7664,-114.6233
EED,2020,5,0,7.719664603242666e-5,743,34.7664,-114.6233
EED,2020,6,0,6.678868448219506e-5,718,34.7664,-114.6233
EED,2021,1,0,0.01004816324353255,744,34.7664,-114.6233
EED,2021,2,0,7.665638778766953e-4,666,34.7664,-114.6233
EED,2021,3,0,0.00119853211642689,743,34.7664,-114.6233
EED,2021,4,0,1.7090309829038974e-4,712,34.7664,-114.6233
EED,2021,5,0,6.422838347539355e-5,742,34.7664,-114.6233
EED,2021,6,0,8.687778205512617e-5,718,34.7664,-114.6233
EED,2021,7,0,5.31474618817446e-4,726,34.7664,-114.6233
EED,2021,8,0,2.5319182763803666e-4,719,34.7664,-114.6233
EED,2021,9,0,9.638067131564024e-4,716,34.7664,-114.6233
EED,2021,12,0,0.01963178852986295,742,34.7664,-114.6233
EED,2022,1,0,0.00211013216182996,744,34.7664,-114.6233
EED,2022,2,0,0.00119443184760122,671,34.7664,-114.6233
EED,2022,3,0,0.00125682335961137,742,34.7664,-114.6233
EED,2022,4,0,1.7685190788164302e-4,720,34.7664,-114.6233
EED,2022,5,0,6.054397756081323e-5,742,34.7664,-114.6233
EED,2022,6,0,8.255149109694629e-5,719,34.7664,-114.6233
EED,2023,1,0.00403225806451612,0.02558394879403985,744,34.7664,-114.6233
EED,2023,2,0,0.00257023719385423,618,34.7664,-114.6233
EED,2023,3,0.00539811066126855,0.00542411859417335,741,34.7664,-114.6233
EED,2023,4,0,1.049881233009552e-4,714,34.7664,-114.6233
EED,2023,5,0,1.411894148379938e-4,744,34.7664,-114.6233
EED,2023,6,0,8.359420728084238e-5,719,34.7664,-114.6233
EED,2023,7,0,8.565149230196372e-5,744,34.7664,-114.6233
EED,2023,8,0.00269541778975741,0.00139524513901148,742,34.7664,-114.6233
EED,2023,9,0.00138888888888888,0.0014778368815664,720,34.7664,-114.6233
EED,2023,10,0,4.551107843352505e-4,743,34.7664,-114.6233
EED,2023,11,0,0.00963110732262163,718,34.7664,-114.6233
EED,2023,12,0,0.01418460747353948,743,34.7664,-114.6233
EED,2024,1,0.00944669365721997,0.03008679596989616,741,34.7664,-114.6233
EED,2024,2,0.00301204819277108,0.01100025690912465,664,34.7664,-114.6233
EED,2024,3,0.00405405405405405,0.00257819268088974,740,34.7664,-114.6233
EED,2024,4,0,7.738656595001581e-4,719,34.7664,-114.6233
EED,2024,5,0,7.397894656355488e-5,743,34.7664,-114.6233
EED,2024,6,0,8.103337867475448e-5,719,34.7664,-114.6233
EED,2024,7,0,1.0419681019527804e-4,744,34.7664,-114.6233
EED,2024,8,0,1.452875131693969e-4,744,34.7664,-114.6233
EED,2024,9,0,1.2564922351930477e-4,720,34.7664,-114.6233
EED,2024,10,0,2.882929940085968e-4,742,34.7664,-114.6233
EED,2024,11,0,8.639983516684204e-4,668,34.7664,-114.6233
EED,2024,12,0,0.00194123033786583,729,34.7664,-114.6233
FAT,2019,1,0.1975806451612903,0.12439753064683982,744,36.78,-119.7194
FAT,2019,2,0.04910714285714285,0.07006700716034958,672,36.78,-119.7194
FAT,2019,3,0.0215633423180593,0.0490296416209325,742,36.78,-119.7194
FAT,2019,4,0.00972222222222222,0.0251335129031455,720,36.78,-119.7194
FAT,2019,5,0.01747311827956989,0.02739842710974922,744,36.78,-119.7194
FAT,2019,6,0,0.00470443939967967,715,36.78,-119.7194
FAT,2019,7,0,0.00112536037278131,744,36.78,-119.7194
FAT,2019,8,0,0.0012806226948072,743,36.78,-119.7194
FAT,2019,9,0,0.00296539653638033,719,36.78,-119.7194
FAT,2019,10,0.00134408602150537,0.00570154147475604,744,36.78,-119.7194
FAT,2019,11,0.01398601398601398,0.04670306592994056,715,36.78,-119.7194
FAT,2019,12,0.2620967741935484,0.1589913575609168,744,36.78,-119.7194
FAT,2020,1,0.4422043010752688,0.1800472134841588,744,36.78,-119.7194
FAT,2020,2,0.02877697841726619,0.03047398635809408,695,36.78,-119.7194
FAT,2020,3,0.02422611036339165,0.03351627156034419,743,36.78,-119.7194
FAT,2020,4,0.01825842696629213,0.03355395189506555,712,36.78,-119.7194
FAT,2020,5,0,0.00439766737042285,741,36.78,-119.7194
FAT,2020,6,0,0.00139396438081054,718,36.78,-119.7194
FAT,2020,7,0,0.00101784082733029,742,36.78,-119.7194
FAT,2020,8,0,0.00132108687780993,743,36.78,-119.7194
FAT,2020,9,0,0.00403114118534521,719,36.78,-119.7194
FAT,2020,10,0,0.01005051075921236,744,36.78,-119.7194
FAT,2020,11,0.04456824512534819,0.04758215894253099,718,36.78,-119.7194
FAT,2020,12,0.27088948787061995,0.13461624229742702,742,36.78,-119.7194
FAT,2021,1,0.23149394347240915,0.1264798504459216,743,36.78,-119.7194
FAT,2021,2,0.01785714285714285,0.048107673968492,672,36.78,-119.7194
FAT,2021,3,0.0094722598105548,0.02579752088560291,739,36.78,-119.7194
FAT,2021,4,0,0.00756842715321775,717,36.78,-119.7194
FAT,2021,5,0,0.00167091159184838,742,36.78,-119.7194
FAT,2021,6,0,8.363462236534047e-4,720,36.78,-119.7194
FAT,2021,7,0,5.596976991538165e-4,726,36.78,-119.7194
FAT,2021,8,0,0.00106693869259478,741,36.78,-119.7194
FAT,2021,9,0,0.00217032392830191,718,36.78,-119.7194
FAT,2021,10,0.03903095558546433,0.03328388818181818,743,36.78,-119.7194
FAT,2021,11,0.40807799442896936,0.12606437366490522,718,36.78,-119.7194
FAT,2021,12,0.3951612903225806,0.19042657933740215,744,36.78,-119.7194
FAT,2022,1,0.37347767253044656,0.15184098580934086,739,36.78,-119.7194
FAT,2022,2,0.03720238095238095,0.02827289234021728,672,36.78,-119.7194
FAT,2022,3,0.0175913396481732,0.02247119381622677,739,36.78,-119.7194
FAT,2022,4,0.00139082058414464,0.00942296688689411,719,36.78,-119.7194
FAT,2022,5,0,0.001252848848269,742,36.78,-119.7194
FAT,2022,6,0,7.17992492685111e-4,719,36.78,-119.7194
FAT,2022,7,0,7.273733723550145e-4,744,36.78,-119.7194
FAT,2022,8,0,7.795697058649878e-4,735,36.78,-119.7194
FAT,2022,9,0,0.00649277707422174,717,36.78,-119.7194
FAT,2022,10,0,0.00954534840901862,744,36.78,-119.7194
FAT,2022,11,0.07391910739191074,0.06202108488913214,717,36.78,-119.7194
FAT,2022,12,0.4771505376344086,0.21039327371158772,744,36.78,-119.7194
FAT,2023,1,0.22010869565217392,0.13151007625164884,736,36.78,-119.7194
FAT,2023,2,0.11458333333333331,0.07857529311979772,672,36.78,-119.7194
FAT,2023,3,0.04353741496598639,0.07633905713838718,735,36.78,-119.7194
FAT,2023,4,0,0.01635518800040547,717,36.78,-119.7194
FAT,2023,5,0.0027063599458728,0.00849135503290889,739,36.78,-119.7194
FAT,2023,6,0,0.00946349582477989,720,36.78,-119.7194
FAT,2023,7,0,9.723618816801428e-4,744,36.78,-119.7194
FAT,2023,8,0.00403225806451612,0.00543644192461762,744,36.78,-119.7194
FAT,2023,9,0,0.00789908735273716,720,36.78,-119.7194
FAT,2023,10,0,0.01713199486734354,744,36.78,-119.7194
FAT,2023,11,0.00139275766016713,0.04539150986689323,718,36.78,-119.7194
FAT,2023,12,0.13306451612903225,0.1582810944832604,744,36.78,-119.7194
FAT,2024,1,0.28897849462365593,0.15689581076819925,744,36.78,-119.7194
FAT,2024,2,0.04166666666666666,0.08803863776007415,696,36.78,-119.7194
FAT,2024,3,0.01486486486486486,0.04362381154468618,740,36.78,-119.7194
FAT,2024,4,0.01527777777777777,0.03338704437769201,720,36.78,-119.7194
FAT,2024,5,0.00403225806451612,0.00743977342248664,744,36.78,-119.7194
FAT,2024,6,0,0.00188298479173524,720,36.78,-119.7194
FAT,2024,7,0,0.00142033532887406,742,36.78,-119.7194
FAT,2024,8,0,0.00191983912303681,744,36.78,-119.7194
FAT,2024,9,0,0.00497949244346384,720,36.78,-119.7194
FAT,2024,10,0.0053763440860215,0.01424420797151087,744,36.78,-119.7194
FAT,2024,11,0.12534818941504178,0.07956444190612383,718,36.78,-119.7194
FAT,2024,12,0.4619565217391304,0.2123037903397615,736,36.78,-119.7194
FCH,2019,2,0.0916030534351145,0.05427630585072574,655,36.7321,-119.8203
FCH,2019,3,0.04377564979480164,0.03985152070814174,731,36.7321,-119.8203
FCH,2019,4,0.00979020979020979,0.01939628657368132,715,36.7321,-119.8203
FCH,2019,5,0.03918918918918919,0.02060311027889105,740,36.7321,-119.8203
FCH,2019,6,0,0.00285359612024388,720,36.7321,-119.8203
FCH,2019,7,0,8.625692505722515e-4,731,36.7321,-119.8203
FCH,2019,8,0,0.001127878265248,741,36.7321,-119.8203
FCH,2019,9,0,0.0026411121511324,717,36.7321,-119.8203
FCH,2019,10,0.00135685210312075,0.00656682042935229,737,36.7321,-119.8203
FCH,2019,12,0.3013513513513513,0.2944447933160244,740,36.7321,-119.8203
FCH,2020,4,0.03097345132743362,0.02665599665793566,678,36.7321,-119.8203
FCH,2023,12,0.2354533152909337,0.29521964947919327,739,36.7321,-119.8203
FCH,2024,1,0.35618279569892475,0.26533389393316564,744,36.7321,-119.8203
FCH,2024,2,0.12354651162790696,0.09268232113173527,688,36.7321,-119.8203
FCH,2024,3,0.04588394062078273,0.03841564968496502,741,36.7321,-119.8203
FCH,2024,4,0.02225312934631432,0.02917961754542051,719,36.7321,-119.8203
FCH,2024,5,0.0059347181008902,0.00518333188675989,674,36.7321,-119.8203
FCH,2024,6,0,0.00128734115773707,720,36.7321,-119.8203
FCH,2024,7,0,0.00116959208144075,743,36.7321,-119.8203
FCH,2024,8,0,0.00155122569362427,726,36.7321,-119.8203
IPL,2019,2,0.00149253731343283,0.01332303820496243,670,32.8342,-115.5787
IPL,2019,3,0.00135685210312075,0.00418337068430906,737,32.8342,-115.5787
IPL,2019,4,0,9.89182481827057e-4,714,32.8342,-115.5787
IPL,2019,5,0,0.00141405662061226,699,32.8342,-115.5787
IPL,2019,6,0,5.593435049635929e-4,668,32.8342,-115.5787
IPL,2019,7,0,4.824590941296236e-4,742,32.8342,-115.5787
IPL,2019,8,0,7.442949989402832e-4,744,32.8342,-115.5787
IPL,2019,9,0.00138888888888888,0.00341557137441576,720,32.8342,-115.5787
IPL,2019,10,0,0.00106479232796691,743,32.8342,-115.5787
IPL,2019,11,0.00836820083682008,0.01083474012603386,717,32.8342,-115.5787
IPL,2019,12,0.0472972972972973,0.05219942189802273,740,32.8342,-115.5787
IPL,2020,3,0.03301237964236588,0.0159979046265204,727,32.8342,-115.5787
IPL,2020,4,0.00711237553342816,0.00506227084194765,703,32.8342,-115.5787
IPL,2020,5,0,5.410727625631071e-4,744,32.8342,-115.5787
IPL,2020,6,0,3.664412117140709e-4,720,32.8342,-115.5787
IPL,2021,1,0.01747311827956989,0.01433531721527853,744,32.8342,-115.5787
IPL,2021,2,0,0.00309969858862342,669,32.8342,-115.5787
IPL,2021,3,0,0.00212169357261355,739,32.8342,-115.5787
IPL,2021,4,0,7.340141459773987e-4,718,32.8342,-115.5787
IPL,2021,5,0,6.024864905443337e-4,743,32.8342,-115.5787
IPL,2021,6,0,3.281028004823654e-4,720,32.8342,-115.5787
IPL,2021,7,0,6.536073959597817e-4,743,32.8342,-115.5787
IPL,2021,8,0.00134408602150537,8.513605791348234e-4,744,32.8342,-115.5787
IPL,2021,9,0.00278551532033426,0.00178927834128271,718,32.8342,-115.5787
IPL,2021,10,0.0053763440860215,0.00420523499427464,744,32.8342,-115.5787
IPL,2021,11,0,0.00427645589646384,715,32.8342,-115.5787
IPL,2021,12,0.00134408602150537,0.01958769994790981,744,32.8342,-115.5787
IPL,2022,1,0,0.00419766174436226,744,32.8342,-115.5787
IPL,2022,2,0,0.00117179220126801,670,32.8342,-115.5787
IPL,2022,3,0,0.00107655507851316,743,32.8342,-115.5787
IPL,2022,4,0,9.824770444928296e-4,719,32.8342,-115.5787
IPL,2022,5,0,4.6684888424134184e-4,744,32.8342,-115.5787
IPL,2022,6,0,3.788725901595374e-4,720,32.8342,-115.5787
IPL,2023,1,0.01211305518169582,0.01622880874427573,743,32.8342,-115.5787
IPL,2023,2,0,0.00405872844426109,662,32.8342,-115.5787
IPL,2023,3,0.00134589502018842,0.00436250148110888,743,32.8342,-115.5787
IPL,2023,4,0,8.233019894901386e-4,716,32.8342,-115.5787
IPL,2023,5,0,8.108174034356787e-4,743,32.8342,-115.5787
IPL,2023,6,0,6.356044946947202e-4,720,32.8342,-115.5787
IPL,2023,8,0.0100864553314121,0.00509920267833171,694,32.8342,-115.5787
IPL,2023,9,0.0044378698224852,0.00300884520286119,676,32.8342,-115.5787
IPL,2023,10,0,0.00265493008516504,741,32.8342,-115.5787
IPL,2023,11,0.03203342618384401,0.01296929642088971,718,32.8342,-115.5787
IPL,2023,12,0.00673854447439353,0.03386911581862583,742,32.8342,-115.5787
L08,2019,1,0.07084468664850137,0.07716822535814012,734,33.259,-116.321
L08,2019,2,0.0044776119402985,0.03994686089143771,670,33.259,-116.321
L08,2019,3,0.00279720279720279,0.01070210385166693,715,33.259,-116.321
L08,2019,4,0,0.00176747747703936,720,33.259,-116.321
L08,2019,5,0,0.00267289076257788,743,33.259,-116.321
L08,2019,8,0,3.7990983881400344e-4,742,33.259,-116.321
L08,2019,9,0,0.00276907528723397,708,33.259,-116.321
L08,2019,10,0,0.00110370274557487,744,33.259,-116.321
L08,2019,11,0,0.03667126422596721,718,33.259,-116.321
L08,2019,12,0.0336021505376344,0.12632709641180587,744,33.259,-116.321
L08,2020,1,0,0.02839778848049982,741,33.259,-116.321
L08,2020,2,0,0.00489436341171157,692,33.259,-116.321
L08,2020,3,0.01643835616438356,0.02311107320395846,730,33.259,-116.321
L08,2020,4,0,0.01214571426929631,718,33.259,-116.321
L08,2020,5,0,9.677308782900262e-4,743,33.259,-116.321
L08,2020,6,0,4.919923437787065e-4,720,33.259,-116.321
L08,2021,1,0,0.03095221421440504,735,33.259,-116.321
L08,2021,2,0,0.00520429926242607,667,33.259,-116.321
L08,2021,3,0,0.00502644699027612,742,33.259,-116.321
L08,2021,4,0,0.00102037047280909,715,33.259,-116.321
L08,2021,5,0,0.00100413954921782,741,33.259,-116.321
L08,2021,6,0,2.6266175209588934e-4,717,33.259,-116.321
L08,2021,7,0,0.00146404493112667,744,33.259,-116.321
L08,2021,8,0,7.448795534422203e-4,736,33.259,-116.321
L08,2021,9,0,0.0014802707559259,718,33.259,-116.321
L08,2021,10,0,0.00440417593737827,728,33.259,-116.321
L08,2021,11,0,0.0026442225269085,709,33.259,-116.321
L08,2021,12,0,0.073133728355056285,740,33.259,-116.321
L08,2022,7,0,7.835825375568703e-4,743,33.259,-116.321
L08,2022,8,0,0.00201310684886049,744,33.259,-116.321
L08,2022,9,0.00138888888888888,0.00627738942459446,720,33.259,-116.321
L08,2022,10,0,0.00563150350062574,744,33.259,-116.321
L08,2022,11,0,0.01364803076561402,717,33.259,-116.321
L08,2022,12,0.00134589502018842,0.03994765124834208,743,33.259,-116.321
L08,2023,1,0.00403768506056527,0.08139307556953983,743,33.259,-116.321
L08,2023,2,0.00455235204855842,0.01456526835070556,659,33.259,-116.321
L08,2023,3,0,0.02450003315541523,740,33.259,-116.321
L08,2023,4,0,0.00143073223972562,720,33.259,-116.321
L08,2023,5,0,0.00129326203862243,736,33.259,-116.321
L08,2023,6,0,7.952582022401444e-4,707,33.259,-116.321
L08,2024,1,0.01907356948228883,0.06753174762651307,734,33.259,-116.321
L08,2024,2,0,0.03385420915403044,687,33.259,-116.321
L08,2024,3,0.00404858299595141,0.01108539172524989,741,33.259,-116.321
L08,2024,4,0,0.00305758599392573,720,33.259,-116.321
L08,2024,5,0,9.37131394475557e-4,732,33.259,-116.321
L08,2024,6,0,2.985532681188116e-4,719,33.259,-116.321
L08,2024,7,0,2.8052007483141757e-4,736,33.259,-116.321
L08,2024,8,0,4.444854922480008e-4,738,33.259,-116.321
L08,2024,9,0,8.917388046582092e-4,720,33.259,-116.321
L08,2024,10,0,0.00170030193604929,744,33.259,-116.321
L08,2024,11,0,0.00805244357392342,717,33.259,-116.321
L08,2024,12,0,0.0097049823349063,693,33.259,-116.321
L52,2019,1,0.1935483870967742,0.14104501660610824,744,35.1015,-120.6224
L52,2019,2,0.14477611940298507,0.0681483787064924,670,35.1015,-120.6224
L52,2019,3,0.1837837837837838,0.0755118104705447,740,35.1015,-120.6224
L52,2019,4,0.35555555555555557,0.0762844872785474,720,35.1015,-120.6224
L52,2019,5,0.1657681940700809,0.08249499933830506,742,35.1015,-120.6224
L52,2019,6,0.2863187588152327,0.07115499194221808,709,35.1015,-120.6224
L52,2019,8,0.4670255720053836,0.07271764833944523,743,35.1015,-120.6224
L52,2019,9,0.21974965229485396,0.04951015103488079,719,35.1015,-120.6224
L52,2019,10,0.14650537634408603,0.02217459106160298,744,35.1015,-120.6224
L52,2019,11,0.27019498607242337,0.08124073924199178,718,35.1015,-120.6224
L52,2019,12,0.13844086021505375,0.12472229952201729,744,35.1015,-120.6224
L52,2020,1,0.063257065948856,0.07547432343656953,743,35.1015,-120.6224
L52,2020,2,0.14121037463976946,0.04558572005975899,694,35.1015,-120.6224
L52,2020,3,0.1284153005464481,0.07038143462822288,732,35.1015,-120.6224
L52,2020,4,0.19444444444444445,0.0583845011730587,720,35.1015,-120.6224
L52,2020,5,0.42934051144010765,0.04860676747947305,743,35.1015,-120.6224
L52,2020,6,0.3370473537604457,0.04775669098419127,718,35.1015,-120.6224
L52,2021,1,0.1891891891891892,0.09289200001163704,740,35.1015,-120.6224
L52,2021,2,0.1592261904761905,0.0481418901719054,672,35.1015,-120.6224
L52,2021,3,0.3364737550471063,0.04609664626432426,743,35.1015,-120.6224
L52,2021,4,0.2881118881118881,0.04094200186675318,715,35.1015,-120.6224
L52,2021,5,0.46226415094339623,0.03999670347079448,742,35.1015,-120.6224
L52,2021,6,0.407510431154381,0.04752450726715427,719,35.1015,-120.6224
L52,2021,7,0.41935483870967744,0.05288711793785249,744,35.1015,-120.6224
L52,2021,8,0.4669365721997301,0.06741221891697552,741,35.1015,-120.6224
L52,2021,9,0.6236111111111111,0.07367890126836847,720,35.1015,-120.6224
L52,2021,10,0.456043956043956,0.06199895941666251,728,35.1015,-120.6224
L52,2021,11,0.27450980392156865,0.08905277497774423,714,35.1015,-120.6224
L52,2021,12,0.26180836707152494,0.1330397413707193,741,35.1015,-120.6224
L52,2022,1,0.2560646900269542,0.07628356004583713,742,35.1015,-120.6224
L52,2022,2,0.1845238095238095,0.02140009202958111,672,35.1015,-120.6224
L52,2022,3,0.32476319350473615,0.04402761169261372,739,35.1015,-120.6224
L52,2022,4,0.33611111111111114,0.03773772444635855,720,35.1015,-120.6224
L52,2022,5,0.4522207267833109,0.02301211623245275,743,35.1015,-120.6224
L52,2022,6,0.5412587412587413,0.02492541681267377,715,35.1015,-120.6224
L52,2022,7,0.3787061994609165,0.05111310322904437,742,35.1015,-120.6224
L52,2022,8,0.4663978494623656,0.05681875273669453,744,35.1015,-120.6224
L52,2022,9,0.45416666666666666,0.06993678720316507,720,35.1015,-120.6224
L52,2022,10,0.42219215155615697,0.07550752060244843,739,35.1015,-120.6224
L52,2022,11,0.19134078212290503,0.05413964243751121,716,35.1015,-120.6224
L52,2022,12,0.5243243243243243,0.1479786258921894,740,35.1015,-120.6224
L52,2023,1,0.566621803499327,0.10093743780173736,743,35.1015,-120.6224
L52,2023,2,0.18137254901960784,0.04301959726701802,612,35.1015,-120.6224
MCC,2019,1,0.3115646258503401,0.09000756024094372,735,38.667,-121.4006
MCC,2019,3,0.05248990578734858,0.03929488174860034,743,38.667,-121.4006
MCC,2019,5,0.01747311827956989,0.01354698120086444,744,38.667,-121.4006
MCC,2019,6,0.00138888888888888,0.00237902069642358,720,38.667,-121.4006
MCC,2019,7,0,0.00182202351737643,744,38.667,-121.4006
MCC,2019,9,0.00138888888888888,0.00500391318393852,720,38.667,-121.4006
MCC,2019,10,0,0.0040255338925296,744,38.667,-121.4006
MCC,2019,11,0.02785515320334261,0.02734575073742122,718,38.667,-121.4006
MCC,2019,12,0.23994452149791956,0.1030171438800406,721,38.667,-121.4006
MCC,2020,1,0.33951497860199714,0.08851662006531744,701,38.667,-121.4006
MCC,2020,2,0.04748201438848921,0.01901943382156517,695,38.667,-121.4006
MCC,2020,4,0.02089136490250696,0.0149060648156798,718,38.667,-121.4006
MCC,2020,5,0.00546448087431694,0.00667989465807384,732,38.667,-121.4006
MCC,2020,6,0,0.00124074292775154,718,38.667,-121.4006
MCC,2021,1,0.30148048452220727,0.07735081277161275,743,38.667,-121.4006
MCC,2021,2,0.04947526236881559,0.02696951961623753,667,38.667,-121.4006
MCC,2021,3,0.00285714285714285,0.01438654902704494,700,38.667,-121.4006
MCC,2021,4,0.00694444444444444,0.00320378849382157,720,38.667,-121.4006
MCC,2021,5,0,0.00168494555346626,743,38.667,-121.4006
MCC,2021,6,0,0.00136747188456251,654,38.667,-121.4006
MCC,2021,7,0,0.00186096712615909,744,38.667,-121.4006
MCC,2021,8,0,0.0024463256959835,744,38.667,-121.4006
MCC,2021,11,0.3732394366197183,0.09111406137539638,710,38.667,-121.4006
MCC,2021,12,0.521505376344086,0.1342476112330173,744,38.667,-121.4006
MCC,2022,1,0.3162853297442799,0.09334468411915708,743,38.667,-121.4006
MCC,2022,2,0.03422619047619048,0.01531048690300156,672,38.667,-121.4006
MCC,2022,3,0.03581267217630854,0.01304797949975784,726,38.667,-121.4006
MCC,2022,4,0.03055555555555555,0.01196707414360351,720,38.667,-121.4006
MCC,2022,5,0,0.00197372380388156,742,38.667,-121.4006
MCC,2022,6,0.00416666666666666,0.00185735165299308,720,38.667,-121.4006
MCC,2022,7,0,0.00220143665488803,744,38.667,-121.4006
MCC,2022,8,0,0.00228186712904019,744,38.667,-121.4006
MCC,2022,9,0.00833333333333333,0.00667500030007553,720,38.667,-121.4006
MCC,2022,10,0,0.0079311417841502491,744,38.667,-121.4006
MCC,2022,11,0.05153203342618384,0.03318660910398122,718,38.667,-121.4006
MCC,2022,12,0.5349462365591398,0.15166599697504535,744,38.667,-121.4006
MCC,2023,1,0.19236016371077763,0.06780234950046603,733,38.667,-121.4006
MCC,2023,2,0.1033434650455927,0.03581522052711426,658,38.667,-121.4006
MCC,2023,3,0.10242587601078168,0.04298385007044444,742,38.667,-121.4006
MCC,2023,4,0.00416666666666666,0.00896417462755798,720,38.667,-121.4006
MCC,2023,5,0.01482479784366576,0.00885435257890534,742,38.667,-121.4006
MCC,2023,6,0,0.00296634229103308,720,38.667,-121.4006
MCC,2023,7,0,0.00211766870859026,744,38.667,-121.4006
MCC,2023,8,0,0.00276271220220782,743,38.667,-121.4006
MCC,2023,9,0.00841514726507713,0.00628326747260458,713,38.667,-121.4006
MCC,2023,10,0.0107671601615074,0.01451262680230706,743,38.667,-121.4006
MCC,2023,12,0.10668563300142248,0.10249953018402932,703,38.667,-121.4006
MCC,2024,1,0.05539772727272727,0.09667562892043166,704,38.667,-121.4006
MCC,2024,2,0.05606060606060606,0.04981642426702543,660,38.667,-121.4006
MCC,2024,3,0.04993252361673414,0.02359400059756967,741,38.667,-121.4006
MCC,2024,4,0.0238095238095238,0.01689294453967208,714,38.667,-121.4006
MCC,2024,5,0.01344086021505376,0.00523508260817924,744,38.667,-121.4006
MCC,2024,6,0,0.00125906586716969,720,38.667,-121.4006
MCC,2024,7,0,0.00145701585858009,743,38.667,-121.4006
MCC,2024,8,0,0.00203668647507487,715,38.667,-121.4006
MCC,2024,10,0.00674763832658569,0.00755707190858494,741,38.667,-121.4006
MCC,2024,11,0.1159217877094972,0.05093671260744249,716,38.667,-121.4006
MCC,2024,12,0.4565217391304347,0.1184038491099332,736,38.667,-121.4006
MHV,2019,1,0.05034013605442176,0.050530755773023,735,35.059,-118.152
MHV,2019,2,0.05952380952380952,0.0340926090919923,672,35.059,-118.152
MHV,2019,3,0.02560646900269541,0.01139180947373201,742,35.059,-118.152
MHV,2019,4,0,0.00138876608263568,720,35.059,-118.152
MHV,2019,5,0,0.00545945354071082,739,35.059,-118.152
MHV,2019,6,0,2.037099879118016e-4,720,35.059,-118.152
MHV,2019,7,0,1.427953527415673e-4,743,35.059,-118.152
MHV,2019,8,0,2.298883961097019e-4,736,35.059,-118.152
MHV,2019,9,0,4.900515922664771e-4,720,35.059,-118.152
MHV,2019,10,0,5.981069260400528e-4,744,35.059,-118.152
MHV,2019,11,0.04323570432357043,0.02730622114715303,717,35.059,-118.152
MHV,2019,12,0.07407407407407407,0.07629372965747076,729,35.059,-118.152
MHV,2020,1,0,0.03127560078666657,743,35.059,-118.152
MHV,2020,2,0,0.0032311701021894,695,35.059,-118.152
MHV,2020,3,0.04710632570659488,0.01338442000015115,743,35.059,-118.152
MHV,2020,4,0.07670850767085077,0.01572913112869923,717,35.059,-118.152
MHV,2020,5,0,5.019514218720169e-4,731,35.059,-118.152
MHV,2020,6,0,2.4467381999949245e-4,715,35.059,-118.152
MHV,2020,7,0,1.465640124518977e-4,738,35.059,-118.152
MHV,2020,8,0,1.9604446216003136e-4,695,35.059,-118.152
MHV,2020,9,0,3.925632230453432e-4,717,35.059,-118.152
MHV,2020,10,0,0.00106268786424456,744,35.059,-118.152
MHV,2020,11,0.00557103064066852,0.00586868415870767,718,35.059,-118.152
MHV,2020,12,0.00737463126843657,0.01843795155226963,678,35.059,-118.152
MHV,2021,2,0.00297619047619047,0.00760154587483386,672,35.059,-118.152
MHV,2021,4,0,4.315517534667168e-4,720,35.059,-118.152
MHV,2021,5,0,2.108273561939977e-4,742,35.059,-118.152
MHV,2021,6,0,1.188369268133893e-4,676,35.059,-118.152
MHV,2021,7,0,2.130109961043581e-4,741,35.059,-118.152
MHV,2021,8,0,2.1818142197169415e-4,743,35.059,-118.152
MHV,2022,2,0.00446428571428571,0.0020086948966133,672,35.059,-118.152
MHV,2022,3,0.00550206327372764,0.00326858862673921,727,35.059,-118.152
MHV,2022,5,0,3.1368017202060175e-4,693,35.059,-118.152
MHV,2022,6,0,3.7396331131210814e-4,648,35.059,-118.152
MHV,2022,7,0,1.9630396025268495e-4,685,35.059,-118.152
MHV,2022,10,0,0.00102219049942484,742,35.059,-118.152
MHV,2022,11,0.00976290097629009,0.0124838285693864,717,35.059,-118.152
MHV,2022,12,0.02553763440860215,0.04686479376483654,744,35.059,-118.152
MHV,2023,1,0.04993252361673414,0.06283774009758936,741,35.059,-118.152
MHV,2023,3,0.04979811574697174,0.02783029968264434,743,35.059,-118.152
MHV,2023,4,0,0.00255679751827623,717,35.059,-118.152
MHV,2023,5,0,0.00141614373239661,741,35.059,-118.152
MHV,2023,6,0,0.00129331894885332,720,35.059,-118.152
MHV,2023,7,0,1.025264003560535e-4,744,35.059,-118.152
MHV,2023,8,0,0.00817899360473007,743,35.059,-118.152
MHV,2023,9,0,0.00347910393724406,720,35.059,-118.152
MHV,2023,10,0,0.00208444922366507,744,35.059,-118.152
MHV,2023,11,0.00557103064066852,0.00578540432150981,718,35.059,-118.152
MHV,2023,12,0.00672043010752688,0.03750467268229953,744,35.059,-118.152
MHV,2024,1,0.00268817204301075,0.04748377688030893,744,35.059,-118.152
MHV,2024,2,0,0.04913920098435076,689,35.059,-118.152
MHV,2024,3,0.00134952766531713,0.01385222546856616,741,35.059,-118.152
MHV,2024,4,0,0.00529614728971386,719,35.059,-118.152
MHV,2024,5,0,6.1528406544059e-4,744,35.059,-118.152
MHV,2024,6,0,2.5139339343337234e-4,720,35.059,-118.152
MHV,2024,7,0,1.5886068619540666e-4,742,35.059,-118.152
MHV,2024,8,0,3.1080832270293884e-4,730,35.059,-118.152
MHV,2024,10,0,0.00165732313709878,722,35.059,-118.152
MHV,2024,11,0,0.01050549610494189,713,35.059,-118.152
MHV,2024,12,0,0.01605203782744883,731,35.059,-118.152
MMH,2019,1,0.02016129032258064,0.10673219810476346,744,37.6241,-118.8388
MMH,2019,2,0.00909090909090909,0.08030559861169131,660,37.6241,-118.8388
MMH,2019,3,0.00674763832658569,0.0457346746172531,741,37.6241,-118.8388
MMH,2019,4,0,0.02679231909254086,720,37.6241,-118.8388
MMH,2019,5,0,0.03259801737809549,744,37.6241,-118.8388
MMH,2019,6,0,0.00783144787623982,720,37.6241,-118.8388
MMH,2019,7,0,0.00571790044174684,743,37.6241,-118.8388
MMH,2019,8,0,0.00241547655083094,743,37.6241,-118.8388
MMH,2019,9,0,0.00534228763947575,710,37.6241,-118.8388
MMH,2019,10,0,0.00242314264023607,735,37.6241,-118.8388
MMH,2019,11,0.00835654596100278,0.03723731786233834,718,37.6241,-118.8388
MMH,2019,12,0.02956989247311828,0.1422578893318343,744,37.6241,-118.8388
MMH,2020,1,0,0.0528212761204346,717,37.6241,-118.8388
MMH,2020,2,0.0015015015015015,0.02162953086725908,666,37.6241,-118.8388
MMH,2020,3,0.0081190798376184,0.03922199284094371,739,37.6241,-118.8388
MMH,2020,4,0,0.04209038589447389,717,37.6241,-118.8388
MMH,2020,5,0,0.00695807276115377,743,37.6241,-118.8388
MMH,2020,6,0,0.00318116384237239,718,37.6241,-118.8388
MMH,2020,7,0,0.00243427977162239,744,37.6241,-118.8388
MMH,2020,8,0,0.00338843044001138,744,37.6241,-118.8388
MMH,2020,9,0,0.00183489473150086,717,37.6241,-118.8388
MMH,2020,10,0,0.00165606776257494,732,37.6241,-118.8388
MMH,2020,11,0,0.02499302519956268,713,37.6241,-118.8388
MMH,2021,1,0.0053835800807537,0.07633142362768307,743,37.6241,-118.8388
MMH,2021,2,0,0.0351221550453672,672,37.6241,-118.8388
MMH,2021,3,0,0.02715168871784765,743,37.6241,-118.8388
MMH,2021,4,0,0.01376297065953813,715,37.6241,-118.8388
MMH,2021,5,0,0.00712193609504884,722,37.6241,-118.8388
MMH,2021,8,0,0.00188107864176151,700,37.6241,-118.8388
MMH,2021,9,0,0.0017644080959367,704,37.6241,-118.8388
MMH,2021,10,0.00418410041841004,0.02641162861627984,717,37.6241,-118.8388
MMH,2021,11,0,0.0374941327037511,715,37.6241,-118.8388
MMH,2021,12,0.00708215297450424,0.12278228165029265,706,37.6241,-118.8388
MMH,2022,1,0,0.05036582779132345,722,37.6241,-118.8388
MMH,2022,3,0,0.02976644307268906,720,37.6241,-118.8388
MMH,2022,4,0,0.01487137556911371,715,37.6241,-118.8388
MMH,2022,5,0,0.00436000764348337,686,37.6241,-118.8388
MMH,2022,8,0,0.01124254924113799,744,37.6241,-118.8388
MMH,2022,10,0,0.0028942441670886,696,37.6241,-118.8388
MMH,2022,11,0.00279329608938547,0.05217039095724684,716,37.6241,-118.8388
MMH,2023,1,0.02960969044414535,0.1259280877467445,743,37.6241,-118.8388
MMH,2023,2,0.00151057401812688,0.04834314213916125,662,37.6241,-118.8388
MMH,2023,3,0.01079622132253711,0.07038464979200802,741,37.6241,-118.8388
MMH,2023,4,0,0.02291478011230192,720,37.6241,-118.8388
MMH,2023,5,0,0.03298166382657952,741,37.6241,-118.8388
MMH,2023,6,0,0.01786552588410811,718,37.6241,-118.8388
MMH,2023,7,0,0.00201257176466948,744,37.6241,-118.8388
MMH,2023,8,0.00403768506056527,0.01462927431409427,743,37.6241,-118.8388
MMH,2023,9,0,0.00792911845894469,720,37.6241,-118.8388
MMH,2023,10,0.02162162162162162,0.00926034096723095,740,37.6241,-118.8388
MMH,2023,11,0,0.02502074867075585,716,37.6241,-118.8388
MMH,2023,12,0.00672947510094212,0.0721948548601903,743,37.6241,-118.8388
MMH,2024,1,0,0.09049021910545609,744,37.6241,-118.8388
MMH,2024,2,0.01017441860465116,0.07460040392890385,688,37.6241,-118.8388
MMH,2024,3,0.00277008310249307,0.05000546431866386,722,37.6241,-118.8388
MMH,2024,4,0,0.02803608343594954,719,37.6241,-118.8388
MMH,2024,5,0,0.0175065347387405,740,37.6241,-118.8388
MMH,2024,6,0,0.00434115930587761,719,37.6241,-118.8388
MMH,2024,7,0,0.00301678417811476,737,37.6241,-118.8388
MMH,2024,8,0,0.00194689581764779,742,37.6241,-118.8388
MMH,2024,9,0,0.00498791050250411,720,37.6241,-118.8388
MMH,2024,10,0.00272108843537414,0.00341773399219099,735,37.6241,-118.8388
MMH,2024,11,0.05742296918767507,0.04408695426423951,714,37.6241,-118.8388
MMH,2024,12,0.02038043478260869,0.0846023723071462,736,37.6241,-118.8388
MRY,2019,1,0.03225806451612903,0.05781906393930143,744,36.5904,-121.8488
MRY,2019,2,0.07898658718330849,0.04750318343002613,671,36.5904,-121.8488
MRY,2019,3,0.04851752021563342,0.04827237359328687,742,36.5904,-121.8488
MRY,2019,4,0.075,0.05574963942057801,720,36.5904,-121.8488
MRY,2019,5,0.05937921727395411,0.05849424503751932,741,36.5904,-121.8488
MRY,2019,6,0.08472222222222223,0.05334766654847765,720,36.5904,-121.8488
MRY,2019,7,0.10810810810810811,0.06495450265219391,740,36.5904,-121.8488
MRY,2019,8,0.14131897711978467,0.07600903653424838,743,36.5904,-121.8488
MRY,2019,9,0.0379746835443038,0.06769916244751222,711,36.5904,-121.8488
MRY,2019,10,0.02688172043010752,0.03846428877721186,744,36.5904,-121.8488
MRY,2019,11,0.17712691771269176,0.07523241507226555,717,36.5904,-121.8488
MRY,2019,12,0.07547169811320754,0.07140144104820012,742,36.5904,-121.8488
MRY,2020,1,0.05376344086021505,0.04899208578466046,744,36.5904,-121.8488
MRY,2020,2,0.03597122302158273,0.03721707256353977,695,36.5904,-121.8488
MRY,2020,3,0.03913630229419703,0.04349527532201801,741,36.5904,-121.8488
MRY,2020,4,0.08519553072625698,0.04598272584091734,716,36.5904,-121.8488
MRY,2020,5,0.02679830747531735,0.05511617311338553,709,36.5904,-121.8488
MRY,2020,6,0.07222222222222222,0.05171843818929993,720,36.5904,-121.8488
MRY,2020,7,0.08264462809917356,0.05543392473555701,726,36.5904,-121.8488
MRY,2020,8,0.0228494623655914,0.06756425258078513,744,36.5904,-121.8488
MRY,2020,10,0.18319559228650137,0.06433704722616072,726,36.5904,-121.8488
MRY,2020,11,0.07391910739191074,0.05211556469071686,717,36.5904,-121.8488
MRY,2020,12,0.06873315363881402,0.05267376339569211,742,36.5904,-121.8488
MRY,2021,1,0.08613728129205922,0.05788266566012506,743,36.5904,-121.8488
MRY,2021,2,0.06994047619047619,0.03988858090246813,672,36.5904,-121.8488
MRY,2021,3,0.03913630229419703,0.03209165880172322,741,36.5904,-121.8488
MRY,2021,4,0.04444444444444444,0.03471224262348595,720,36.5904,-121.8488
MRY,2021,5,0.08172362555720654,0.04125025420077696,673,36.5904,-121.8488
MRY,2021,6,0.10555555555555556,0.05195085963286263,720,36.5904,-121.8488
MRY,2021,7,0.1763085399449036,0.05322033923051878,726,36.5904,-121.8488
MRY,2021,8,0.13172043010752688,0.07734516370457015,744,36.5904,-121.8488
MRY,2021,9,0.12517385257301808,0.08580841363771724,719,36.5904,-121.8488
MRY,2021,10,0.06191117092866756,0.06639036560356748,743,36.5904,-121.8488
MRY,2021,11,0.10181311018131102,0.0633544999081699,717,36.5904,-121.8488
MRY,2021,12,0.12382234185733512,0.06709509353280445,743,36.5904,-121.8488
MRY,2022,1,0.07258064516129033,0.04861630959782819,744,36.5904,-121.8488
MRY,2022,2,0.03576751117734724,0.03001938011367064,671,36.5904,-121.8488
MRY,2022,3,0.10569105691056913,0.04784001238117862,738,36.5904,-121.8488
MRY,2022,4,0.04722222222222222,0.03916150922671702,720,36.5904,-121.8488
MRY,2022,5,0.0564516129032258,0.03723189277783086,744,36.5904,-121.8488
MRY,2022,6,0.10416666666666669,0.04762036445107431,720,36.5904,-121.8488
MRY,2022,7,0.14650537634408603,0.06289472449189645,744,36.5904,-121.8488
MRY,2022,8,0.1480484522207268,0.06732170781908428,743,36.5904,-121.8488
MRY,2022,9,0.1125,0.06438414488193775,720,36.5904,-121.8488
MRY,2022,10,0.20698924731182797,0.07740849749876656,744,36.5904,-121.8488
MRY,2022,11,0.03203342618384401,0.04120931099386339,718,36.5904,-121.8488
MRY,2022,12,0.1303763440860215,0.07849506159812404,744,36.5904,-121.8488
MRY,2023,1,0.05284552845528455,0.04825938462148889,738,36.5904,-121.8488
MRY,2023,2,0.04464285714285714,0.03330930935019018,672,36.5904,-121.8488
MRY,2023,3,0.11185983827493262,0.0549404542928987,742,36.5904,-121.8488
MRY,2023,4,0.10555555555555556,0.03599198514749618,720,36.5904,-121.8488
MRY,2023,5,0.14650537634408603,0.05050141742489076,744,36.5904,-121.8488
MRY,2023,6,0.0763888888888889,0.05452674729514877,720,36.5904,-121.8488
MRY,2023,7,0.2271505376344086,0.05475944257990874,744,36.5904,-121.8488
MRY,2023,8,0.12962962962962962,0.07494319722599449,702,36.5904,-121.8488
MRY,2023,9,0.10138888888888888,0.07768983055655286,720,36.5904,-121.8488
MRY,2023,10,0.09543010752688172,0.07485332782530758,744,36.5904,-121.8488
MRY,2023,11,0.02367688022284122,0.05472504307229635,718,36.5904,-121.8488
MRY,2023,12,0.0739247311827957,0.06963201219909125,744,36.5904,-121.8488
MRY,2024,1,0.07816711590296496,0.06041698869515787,742,36.5904,-121.8488
MRY,2024,2,0.05747126436781609,0.0558465043972117,696,36.5904,-121.8488
MRY,2024,3,0.04864864864864865,0.04252316588757357,740,36.5904,-121.8488
MRY,2024,4,0.05138888888888889,0.04294246467095155,720,36.5904,-121.8488
MRY,2024,5,0.07744565217391304,0.04435107622256538,736,36.5904,-121.8488
MRY,2024,6,0.07464788732394366,0.04686615897718026,710,36.5904,-121.8488
MRY,2024,7,0.1791044776119403,0.06194628571687879,737,36.5904,-121.8488
MRY,2024,8,0.15456989247311828,0.06759896772873918,744,36.5904,-121.8488
MRY,2024,9,0.1736111111111111,0.07894336428285104,720,36.5904,-121.8488
MRY,2024,10,0.10029498525073746,0.05985214111465009,678,36.5904,-121.8488
MRY,2024,12,0.10096818810511755,0.06303075063735716,723,36.5904,-121.8488
NTD,2019,1,0.13728129205921938,0.1626212459634412,743,34.12,-119.12
NTD,2019,2,0.06845238095238096,0.04792528246771408,672,34.12,-119.12
NTD,2019,3,0.05787348586810229,0.04041625021969296,743,34.12,-119.12
NTD,2019,4,0.15524475524475526,0.03710792839102806,715,34.12,-119.12
NTD,2019,5,0.09946236559139784,0.04009909631611187,744,34.12,-119.12
NTD,2019,6,0.2763888888888889,0.04005735039415929,720,34.12,-119.12
NTD,2019,7,0.2567204301075269,0.04384106408053065,744,34.12,-119.12
NTD,2019,8,0.24393530997304583,0.04438592065996209,742,34.12,-119.12
NTD,2019,9,0.1375,0.04379129871980142,720,34.12,-119.12
NTD,2019,10,0.03225806451612903,0.04195810698333592,744,34.12,-119.12
NTD,2019,11,0.17548746518105848,0.13500707593505354,718,34.12,-119.12
NTD,2019,12,0.08412483039348712,0.17535961471770806,737,34.12,-119.12
NTD,2020,2,0.10647482014388487,0.03847709242261467,695,34.12,-119.12
NTD,2020,3,0.07267833109017496,0.04063841784789431,743,34.12,-119.12
NTD,2020,4,0.16411682892906815,0.04099298426670641,719,34.12,-119.12
NTD,2020,5,0.1426648721399731,0.03646491529694937,743,34.12,-119.12
NTD,2020,6,0.06397774687065369,0.03022521391707013,719,34.12,-119.12
NTD,2020,7,0.16037735849056603,0.03278526320189381,742,34.12,-119.12
NTD,2020,8,0.180349932705249,0.03764292543973471,743,34.12,-119.12
NTD,2020,9,0.29583333333333334,0.05020074520399598,720,34.12,-119.12
NTD,2020,10,0.16666666666666666,0.05948640590358796,744,34.12,-119.12
NTD,2020,11,0.12813370473537605,0.13250475804930725,718,34.12,-119.12
NTD,2020,12,0.02553763440860215,0.11628557258067558,744,34.12,-119.12
NTD,2021,1,0.03633916554508748,0.10672058416898408,743,34.12,-119.12
NTD,2021,2,0.06110283159463487,0.0362601851035098,671,34.12,-119.12
NTD,2021,3,0.02422611036339165,0.03004647929816605,743,34.12,-119.12
NTD,2021,4,0.04027777777777778,0.02977247781699654,720,34.12,-119.12
NTD,2021,5,0.05390835579514825,0.03073497690706686,742,34.12,-119.12
NTD,2021,6,0.09444444444444444,0.03300000952554435,720,34.12,-119.12
NTD,2021,7,0.04301075268817204,0.03648630087686227,744,34.12,-119.12
NTD,2021,8,0.1129032258064516,0.04482066712758853,744,34.12,-119.12
NTD,2021,9,0.16246498599439776,0.04702398151814611,714,34.12,-119.12
NTD,2021,10,0.09274193548387095,0.05765384201716693,744,34.12,-119.12
NTD,2021,11,0.21368715083798884,0.17483634232016967,716,34.12,-119.12
NTD,2021,12,0.19400855920114124,0.23454662730430104,701,34.12,-119.12
NTD,2022,1,0.0646900269541779,0.1303781263500587,742,34.12,-119.12
NTD,2022,2,0.01639344262295082,0.01607783834718602,671,34.12,-119.12
NTD,2022,3,0.09851551956815116,0.02780460299705319,741,34.12,-119.12
NTD,2022,4,0.06451612903225806,0.03192987674009109,713,34.12,-119.12
NTD,2022,5,0.05668016194331984,0.0319124608504161,741,34.12,-119.12
NTD,2022,6,0.1736111111111111,0.03290789300101797,720,34.12,-119.12
NTD,2022,7,0.21370967741935484,0.03864221877715743,744,34.12,-119.12
NTD,2022,8,0.18353576248313092,0.03877511127127693,741,34.12,-119.12
NTD,2022,10,0.2020497803806735,0.0729051560418522,683,34.12,-119.12
NTD,2022,11,0.07909604519774012,0.11978585962968914,708,34.12,-119.12
NTD,2022,12,0.1711590296495957,0.2509529313029583,742,34.12,-119.12
NTD,2023,1,0.1509433962264151,0.12431043951755666,742,34.12,-119.12
NTD,2023,2,0.08682634730538923,0.0378953476646315,668,34.12,-119.12
NTD,2023,5,0.4017341040462428,0.04660143212318557,692,34.12,-119.12
NTD,2023,6,0.3240611961057024,0.04052030508678652,719,34.12,-119.12
NTD,2023,7,0.3148148148148148,0.04542868867054973,702,34.12,-119.12
NTD,2023,8,0.3411602209944751,0.05694171501486931,724,34.12,-119.12
NTD,2023,9,0.17385257301808066,0.04818479650166006,719,34.12,-119.12
NTD,2023,10,0.11693548387096774,0.07201736195233088,744,34.12,-119.12
NTD,2023,11,0.07142857142857142,0.12561985389704977,714,34.12,-119.12
NTD,2023,12,0.11740890688259108,0.18695833970872877,741,34.12,-119.12
NTD,2024,1,0.16666666666666666,0.16008703745246966,744,34.12,-119.12
NTD,2024,2,0.18273381294964028,0.07622113432525275,695,34.12,-119.12
NTD,2024,3,0.12533692722371967,0.05393800624953376,742,34.12,-119.12
NTD,2024,4,0.17270194986072424,0.04055958019965813,718,34.12,-119.12
NTD,2024,5,0.2658569500674764,0.04314131483594552,741,34.12,-119.12
NTD,2024,6,0.33520336605890605,0.04282764577367206,713,34.12,-119.12
NTD,2024,7,0.3510928961748634,0.03855563468198097,732,34.12,-119.12
NTD,2024,8,0.2381596752368065,0.05142390728662152,739,34.12,-119.12
NTD,2024,9,0.19690576652601968,0.04550349852843784,711,34.12,-119.12
NTD,2024,10,0.3542234332425068,0.08663848134664776,734,34.12,-119.12
NTD,2024,11,0.10181311018131102,0.1488735629976085,717,34.12,-119.12
NTD,2024,12,0.3392857142857143,0.26781029298128955,672,34.12,-119.12
NXP,2019,1,0,0.02035140633230448,736,34.2962,-116.1622
NXP,2019,2,0,0.01427824315875539,670,34.2962,-116.1622
NXP,2019,3,0,0.00328446499903031,739,34.2962,-116.1622
NXP,2019,4,0,6.150809440296225e-4,718,34.2962,-116.1622
NXP,2019,5,0,0.00118241769772388,744,34.2962,-116.1622
NXP,2019,6,0,1.801145459184649e-4,720,34.2962,-116.1622
NXP,2019,7,0.00137362637362637,1.6834113720465591e-4,728,34.2962,-116.1622
NXP,2019,8,0,1.1849433315958868e-4,742,34.2962,-116.1622
NXP,2019,9,0,7.014714168306371e-4,716,34.2962,-116.1622
NXP,2019,10,0,1.6986058624084534e-4,741,34.2962,-116.1622
NXP,2019,11,0,0.00671002825493504,659,34.2962,-116.1622
NXP,2020,1,0,0.00592100366467949,743,34.2962,-116.1622
NXP,2020,2,0,0.00134986276992778,695,34.2962,-116.1622
NXP,2020,3,0.01356852103120759,0.00959187740358679,737,34.2962,-116.1622
NXP,2020,4,0.00976290097629009,0.00681369344366526,717,34.2962,-116.1622
NXP,2020,5,0,2.24857608082919e-4,737,34.2962,-116.1622
NXP,2020,6,0,1.6180742762138403e-4,716,34.2962,-116.1622
NXP,2020,7,0,8.334129995281285e-5,723,34.2962,-116.1622
NXP,2020,8,0,1.683475816679645e-4,739,34.2962,-116.1622
NXP,2020,9,0,7.540413541822653e-5,701,34.2962,-116.1622
NXP,2020,10,0,3.849749194711366e-4,734,34.2962,-116.1622
NXP,2020,11,0,0.00111069114858382,711,34.2962,-116.1622
NXP,2020,12,0,0.00370530246251334,741,34.2962,-116.1622
NXP,2021,1,0.00136239782016348,0.0072906973903011,734,34.2962,-116.1622
NXP,2021,2,0,9.855107678944388e-4,669,34.2962,-116.1622
NXP,2021,3,0,0.00154092649194657,732,34.2962,-116.1622
NXP,2021,4,0,3.0751888091798136e-4,719,34.2962,-116.1622
NXP,2021,5,0,2.1323240367386836e-4,741,34.2962,-116.1622
NXP,2021,6,0,1.085415478764592e-4,677,34.2962,-116.1622
NXP,2021,7,0.00145137880986937,5.664922269747741e-4,689,34.2962,-116.1622
NXP,2021,8,0,2.5078380846005327e-4,702,34.2962,-116.1622
NXP,2021,9,0,4.354287437869859e-4,719,34.2962,-116.1622
NXP,2021,10,0,0.00120541407818653,741,34.2962,-116.1622
NXP,2021,11,0,5.333203967222548e-4,708,34.2962,-116.1622
NXP,2021,12,0,0.0281191784283509,705,34.2962,-116.1622
NXP,2022,1,0,0.00198262684399755,739,34.2962,-116.1622
NXP,2022,3,0,8.340267973599794e-4,725,34.2962,-116.1622
NXP,2022,4,0,3.156803705345961e-4,720,34.2962,-116.1622
NXP,2022,5,0,1.6281426991819083e-4,742,34.2962,-116.1622
NXP,2022,6,0,1.5211547225466357e-4,719,34.2962,-116.1622
NXP,2022,7,0,2.336862373288994e-4,744,34.2962,-116.1622
NXP,2023,5,0,4.1943278299343817e-4,735,34.2962,-116.1622
NXP,2023,6,0,3.5794231391885227e-4,711,34.2962,-116.1622
NXP,2023,7,0,9.733887110861506e-5,741,34.2962,-116.1622
NXP,2023,8,0.01040118870728083,0.00447978570194806,673,34.2962,-116.1622
NXP,2023,9,0,0.0019363629879952,709,34.2962,-116.1622
NXP,2023,10,0,9.1898757213293e-4,739,34.2962,-116.1622
NXP,2023,11,0.00291120815138282,0.0064350947147243,687,34.2962,-116.1622
NXP,2023,12,0.00557103064066852,0.01647896090410227,718,34.2962,-116.1622
NXP,2024,1,0.00953678474114441,0.01897454579231581,734,34.2962,-116.1622
NXP,2024,2,0.01594202898550724,0.01673466063059008,690,34.2962,-116.1622
NXP,2024,3,0,0.00443285982146965,739,34.2962,-116.1622
NXP,2024,4,0,8.197601879113033e-4,693,34.2962,-116.1622
NXP,2024,5,0,2.770714632360186e-4,734,34.2962,-116.1622
NXP,2024,6,0,1.2263834719339909e-4,693,34.2962,-116.1622
NXP,2024,7,0,9.179269588033655e-5,708,34.2962,-116.1622
NXP,2024,8,0,1.2983004701612504e-4,724,34.2962,-116.1622
NXP,2024,9,0,2.6151834398306683e-4,700,34.2962,-116.1622
NXP,2024,11,0,0.00200946778535523,703,34.2962,-116.1622
NXP,2024,12,0,0.00289692279626009,708,34.2962,-116.1622
NZY,2019,1,0.04588394062078273,0.17342576583394012,741,32.6922,-117.2098
NZY,2019,2,0.0374251497005988,0.07542547582208625,668,32.6922,-117.2098
NZY,2019,3,0.01617250673854447,0.08641894673726476,742,32.6922,-117.2098
NZY,2019,4,0.03894297635605007,0.06989014923080265,719,32.6922,-117.2098
NZY,2019,5,0.02553763440860215,0.04247899890690903,744,32.6922,-117.2098
NZY,2019,6,0.03059805285118219,0.04821676568368732,719,32.6922,-117.2098
NZY,2019,7,0.04032258064516129,0.07270669562132144,744,32.6922,-117.2098
NZY,2019,8,0.02419354838709677,0.08959297631132165,744,32.6922,-117.2098
NZY,2019,9,0.03194444444444444,0.07969246706327636,720,32.6922,-117.2098
NZY,2019,10,0.02288021534320323,0.06919478057960353,743,32.6922,-117.2098
NZY,2019,11,0.11064425770308124,0.18454750045589305,714,32.6922,-117.2098
NZY,2019,12,0.07816711590296496,0.1834006831069499,742,32.6922,-117.2098
NZY,2020,1,0.09029649595687332,0.16783445713419548,742,32.6922,-117.2098
NZY,2020,2,0.05619596541786743,0.07902476591766587,694,32.6922,-117.2098
NZY,2020,3,0.03913630229419703,0.08869704719928559,741,32.6922,-117.2098
NZY,2020,4,0.12100139082058414,0.09008015187828036,719,32.6922,-117.2098
NZY,2020,5,0.02422611036339165,0.05863025465547598,743,32.6922,-117.2098
NZY,2020,6,0.02228412256267409,0.04456592807048148,718,32.6922,-117.2098
NZY,2020,7,0.01881720430107527,0.06464279475213829,744,32.6922,-117.2098
NZY,2020,8,0.05779569892473118,0.08107315156192767,744,32.6922,-117.2098
NZY,2020,9,0.075,0.08654746018202251,720,32.6922,-117.2098
NZY,2020,10,0.13844086021505375,0.0920026694717951,744,32.6922,-117.2098
NZY,2020,11,0.11977715877437324,0.17651560292152366,718,32.6922,-117.2098
NZY,2020,12,0.04037685060565275,0.10691248441766972,743,32.6922,-117.2098
NZY,2021,1,0.1303763440860215,0.11632206242772324,744,32.6922,-117.2098
NZY,2021,2,0.06708268330733229,0.08400825186469041,641,32.6922,-117.2098
NZY,2021,3,0.01617250673854447,0.06324677864600883,742,32.6922,-117.2098
NZY,2021,4,0.00833333333333333,0.04979068282187716,720,32.6922,-117.2098
NZY,2021,5,0.0228494623655914,0.04403929315651388,744,32.6922,-117.2098
NZY,2021,6,0.04027777777777778,0.05038770187464687,720,32.6922,-117.2098
NZY,2021,7,0.01886792452830188,0.05583304217935112,742,32.6922,-117.2098
NZY,2021,8,0.06191117092866756,0.06471356145835049,743,32.6922,-117.2098
NZY,2021,9,0.02086230876216968,0.06777575448104671,719,32.6922,-117.2098
NZY,2021,10,0.03252032520325203,0.07850498672988193,738,32.6922,-117.2098
NZY,2021,11,0.17737430167597765,0.19271028215607033,716,32.6922,-117.2098
NZY,2021,12,0.10190217391304349,0.18458624490864653,736,32.6922,-117.2098
NZY,2022,1,0.0421195652173913,0.12091895943279272,736,32.6922,-117.2098
NZY,2022,2,0.01799100449775112,0.03260050526766562,667,32.6922,-117.2098
NZY,2022,3,0.05548037889039242,0.06955827732466408,739,32.6922,-117.2098
NZY,2022,4,0.05138888888888889,0.04977136064478624,720,32.6922,-117.2098
NZY,2022,5,0.02688172043010752,0.03910236234803823,744,32.6922,-117.2098
NZY,2022,6,0.03616133518776078,0.0557716096188192,719,32.6922,-117.2098
NZY,2022,7,0.02306648575305291,0.05322570672406948,737,32.6922,-117.2098
NZY,2022,8,0.03494623655913978,0.0542686741263808,744,32.6922,-117.2098
NZY,2022,9,0.12916666666666668,0.07760633343794147,720,32.6922,-117.2098
NZY,2022,10,0.07123655913978495,0.09091387032398313,744,32.6922,-117.2098
NZY,2022,11,0.05571030640668523,0.10692982407083432,718,32.6922,-117.2098
NZY,2022,12,0.11978465679676983,0.16306144626382393,743,32.6922,-117.2098
NZY,2023,1,0.13121546961325967,0.1333214929147377,724,32.6922,-117.2098
NZY,2023,2,0.02831594634873323,0.04655364164276816,671,32.6922,-117.2098
NZY,2023,3,0.1489655172413793,0.11316149394637706,725,32.6922,-117.2098
NZY,2023,4,0.14484679665738162,0.05857092973860117,718,32.6922,-117.2098
NZY,2023,5,0.03230148048452221,0.0374906856029438,743,32.6922,-117.2098
NZY,2023,6,0.01111111111111111,0.04219509577530437,720,32.6922,-117.2098
NZY,2023,7,0.11693548387096774,0.06693204143368413,744,32.6922,-117.2098
NZY,2023,8,0.09446693657219972,0.08628405165027624,741,32.6922,-117.2098
NZY,2023,9,0.05710306406685236,0.06595566672714144,718,32.6922,-117.2098
NZY,2023,10,0.13844086021505375,0.1100272722688578,744,32.6922,-117.2098
NZY,2023,11,0.07402234636871509,0.13877909168262317,716,32.6922,-117.2098
NZY,2023,12,0.1417004048582996,0.2102063936831901,741,32.6922,-117.2098
NZY,2024,1,0.09264305177111716,0.17541663469355345,734,32.6922,-117.2098
NZY,2024,2,0.06027820710973725,0.12010466509809244,647,32.6922,-117.2098
NZY,2024,4,0.03879310344827586,0.07179551629382971,696,32.6922,-117.2098
NZY,2024,5,0.00552486187845303,0.03974843372501653,724,32.6922,-117.2098
NZY,2024,6,0.03498542274052478,0.04596707679265652,686,32.6922,-117.2098
NZY,2024,7,0.07123287671232877,0.05784944783289147,730,32.6922,-117.2098
NZY,2024,8,0.04619565217391304,0.07205183830195097,736,32.6922,-117.2098
NZY,2024,9,0.05034965034965035,0.06694512401829612,715,32.6922,-117.2098
NZY,2024,10,0.2862903225806452,0.11227161766347311,744,32.6922,-117.2098
NZY,2024,11,0.07938718662952646,0.13916929972061787,718,32.6922,-117.2098
NZY,2024,12,0.3446866485013624,0.22221827167956543,734,32.6922,-117.2098
O05,2021,7,0.01639344262295082,0.00204436737035322,732,40.2824,-121.2412
O05,2021,10,0.155049786628734,0.09510274494091188,703,40.2824,-121.2412
O05,2021,11,0.0676056338028169,0.0838236233713946,710,40.2824,-121.2412
O05,2021,12,0.33047210300429186,0.19353980840513588,699,40.2824,-121.2412
O05,2022,1,0.10483870967741936,0.08107859359864639,744,40.2824,-121.2412
O05,2022,2,0.02083333333333333,0.01034868461854227,672,40.2824,-121.2412
O05,2022,3,0.04413793103448275,0.03018563353932404,725,40.2824,-121.2412
O05,2022,4,0.10028248587570622,0.05282543741049671,708,40.2824,-121.2412
O05,2022,5,0.02578018995929443,0.01415508122258125,737,40.2824,-121.2412
O05,2022,6,0.02528089887640449,0.01320775893101179,712,40.2824,-121.2412
O05,2022,8,0,0.00423962425150546,730,40.2824,-121.2412
O05,2022,9,0.02228412256267409,0.01618130371721114,718,40.2824,-121.2412
O05,2022,10,0.00544217687074829,0.00796172329330961,735,40.2824,-121.2412
O05,2022,11,0.12691771269177127,0.09525519993059887,717,40.2824,-121.2412
O05,2022,12,0.4350828729281768,0.22140416847403133,724,40.2824,-121.2412
O05,2023,1,0.3263785394932936,0.16972637256987785,671,40.2824,-121.2412
O05,2023,2,0.1696,0.06190000450493645,625,40.2824,-121.2412
O05,2023,3,0.2847124824684432,0.09763689699390864,713,40.2824,-121.2412
O05,2023,4,0.04195804195804196,0.03100618265060643,715,40.2824,-121.2412
O05,2023,9,0.02339181286549707,0.02380600728486889,684,40.2824,-121.2412
O05,2023,10,0.01506849315068493,0.0158665242642133,730,40.2824,-121.2412
O05,2023,11,0.08764367816091954,0.07555142452544839,696,40.2824,-121.2412
O05,2023,12,0.1601615074024226,0.1856010200731554,743,40.2824,-121.2412
O05,2024,1,0.2271505376344086,0.2237195995472202,744,40.2824,-121.2412
O05,2024,2,0.3119533527696793,0.12021517019617578,686,40.2824,-121.2412
O05,2024,3,0.2591093117408907,0.07919116239403516,741,40.2824,-121.2412
O05,2024,4,0.06288343558282208,0.04624879548011791,652,40.2824,-121.2412
O05,2024,6,0,0.0031944718905673,719,40.2824,-121.2412
O05,2024,7,0,0.00160485638066607,724,40.2824,-121.2412
O05,2024,8,0.0053763440860215,0.01156117677182416,744,40.2824,-121.2412
O05,2024,10,0.02162162162162162,0.01703661895182543,740,40.2824,-121.2412
O05,2024,11,0.16017316017316016,0.13821850024361604,693,40.2824,-121.2412
O05,2024,12,0.2646657571623465,0.19641223298495167,733,40.2824,-121.2412
O22,2019,1,0.1814516129032258,0.09970849640116572,744,38.0304,-120.4146
O22,2019,3,0.16946778711484595,0.05975673292927799,714,38.0304,-120.4146
O22,2019,4,0.02364394993045897,0.02293348595969951,719,38.0304,-120.4146
O22,2019,5,0.2503382949932341,0.03854046750646153,739,38.0304,-120.4146
O22,2019,6,0.02702702702702703,0.00689644723000705,703,38.0304,-120.4146
O22,2019,7,0,0.00452427541990234,741,38.0304,-120.4146
O22,2019,8,0,0.00422115011783366,743,38.0304,-120.4146
O22,2019,9,0.00418994413407821,0.01029944607815117,716,38.0304,-120.4146
O22,2019,10,0,0.00421834113005086,685,38.0304,-120.4146
O22,2019,11,0.05734265734265734,0.03675573023395223,715,38.0304,-120.4146
O22,2019,12,0.2163978494623656,0.13694660970884157,744,38.0304,-120.4146
O22,2020,7,0,0.002841734594739,743,38.0304,-120.4146
O22,2020,8,0,0.00330221720029364,744,38.0304,-120.4146
O22,2020,11,0.06591865357643759,0.03868014007172669,713,38.0304,-120.4146
O22,2020,12,0.15188172043010753,0.06611020623491667,744,38.0304,-120.4146
O22,2021,1,0.2425068119891008,0.08762000001712908,734,38.0304,-120.4146
O22,2021,2,0.09077380952380952,0.03594730971620054,672,38.0304,-120.4146
O22,2021,3,0.08221024258760108,0.02855992052598704,742,38.0304,-120.4146
O22,2021,4,0.00558659217877095,0.01017459132520155,716,38.0304,-120.4146
O22,2021,5,0,0.0044613615194546,742,38.0304,-120.4146
O22,2021,6,0,0.00292820617192239,719,38.0304,-120.4146
O22,2021,7,0,0.00162872638228097,739,38.0304,-120.4146
O22,2021,8,0,0.00236612889002032,725,38.0304,-120.4146
O22,2021,9,0.00139082058414464,0.00391705327217169,719,38.0304,-120.4146
O22,2021,10,0.06740027510316368,0.03330303322999396,727,38.0304,-120.4146
O22,2021,11,0.11484593837535012,0.04885172625940195,714,38.0304,-120.4146
O22,2021,12,0.3724696356275304,0.17293047299469214,741,38.0304,-120.4146
O22,2023,1,0.24226110363391656,0.11866539053716348,743,38.0304,-120.4146
O22,2023,2,0.1592261904761905,0.05700996807871938,672,38.0304,-120.4146
O22,2023,3,0.24830393487109903,0.07680452380146041,737,38.0304,-120.4146
O22,2023,4,0.00277777777777777,0.01247005246317372,720,38.0304,-120.4146
O22,2023,5,0.02564102564102564,0.02070392382791253,741,38.0304,-120.4146
O22,2023,6,0.00417827298050139,0.01273814235857787,718,38.0304,-120.4146
O22,2023,7,0,0.00195233199383427,742,38.0304,-120.4146
O22,2023,8,0.0013531799729364,0.00579797359177395,739,38.0304,-120.4146
O22,2023,9,0.00280504908835904,0.01866374899151607,713,38.0304,-120.4146
O22,2023,10,0.0242914979757085,0.01569108228115441,741,38.0304,-120.4146
O22,2023,11,0.04888268156424581,0.0420921595686513,716,38.0304,-120.4146
O22,2023,12,0.04710632570659488,0.0958892134244468,743,38.0304,-120.4146
O22,2024,1,0.1628222523744912,0.13122108219111484,737,38.0304,-120.4146
O22,2024,2,0.14119359534206696,0.06538369804995896,687,38.0304,-120.4146
O22,2024,3,0.12672176308539945,0.04320820109029175,726,38.0304,-120.4146
O22,2024,4,0.05694444444444444,0.02456655043324462,720,38.0304,-120.4146
O22,2024,5,0.0215343203230148,0.01118678822139536,743,38.0304,-120.4146
O22,2024,6,0,0.00376058960898329,719,38.0304,-120.4146
O22,2024,7,0,0.00158123322226686,740,38.0304,-120.4146
O22,2024,8,0,0.00364783428525874,742,38.0304,-120.4146
O22,2024,9,0,0.00367286012625365,718,38.0304,-120.4146
O22,2024,12,0.16870748299319727,0.107342421044126,735,38.0304,-120.4146
O32,2019,3,0.01621621621621621,0.07534876666445471,740,36.671,-119.451
O32,2019,4,0.00416666666666666,0.05033697665479773,720,36.671,-119.451
O32,2019,8,0,0.00601786014043085,743,36.671,-119.451
O32,2019,9,0.00139275766016713,0.01225470228477592,718,36.671,-119.451
O32,2019,10,0.00672043010752688,0.01490620922457183,744,36.671,-119.451
O32,2019,11,0.07103064066852367,0.07867724390360864,718,36.671,-119.451
O32,2019,12,0.20967741935483872,0.2321666023710128,744,36.671,-119.451
O32,2020,1,0.4952893674293405,0.25514029537025135,743,36.671,-119.451
O32,2020,2,0.08201438848920864,0.05355896255948431,695,36.671,-119.451
O32,2020,3,0.0269179004037685,0.05643113750304209,743,36.671,-119.451
O32,2020,4,0.02649930264993026,0.0632920985255999,717,36.671,-119.451
O32,2020,6,0.02364394993045897,0.00968673994027854,719,36.671,-119.451
O32,2020,7,0,0.00363496497342031,744,36.671,-119.451
O32,2020,8,0.02150537634408602,0.00498912973851308,744,36.671,-119.451
O32,2020,9,0.08194444444444444,0.01365802361483054,720,36.671,-119.451
O32,2020,11,0.1573816155988858,0.09279752443267256,718,36.671,-119.451
O32,2020,12,0.4059139784946236,0.2165000511356601,744,36.671,-119.451
O32,2021,1,0.33781965006729475,0.18188806690229764,743,36.671,-119.451
O32,2021,7,0,0.00194015357179765,744,36.671,-119.451
O32,2021,8,0.0042796005706134,0.00305749676415595,701,36.671,-119.451
O32,2021,9,0.00725689404934688,0.00672375841421906,689,36.671,-119.451
O32,2022,8,0,0.00229919581470781,744,36.671,-119.451
O32,2022,9,0.00277777777777777,0.01303457567554932,720,36.671,-119.451
O32,2022,10,0.00403225806451612,0.02003716035164025,744,36.671,-119.451
O32,2022,11,0.29707112970711297,0.10152524415580703,717,36.671,-119.451
O32,2022,12,0.458950201884253,0.27916560293115006,743,36.671,-119.451
O32,2023,1,0.2213225371120108,0.19438475224827328,741,36.671,-119.451
O32,2023,2,0.09431137724550898,0.09186286378991416,668,36.671,-119.451
O32,2023,3,0.10405405405405406,0.10788736810796966,740,36.671,-119.451
O32,2023,4,0.01388888888888888,0.0407336417359995,720,36.671,-119.451
O32,2023,5,0.01214574898785425,0.02724965646068763,741,36.671,-119.451
O32,2023,6,0.01390820584144645,0.03038764224680224,719,36.671,-119.451
O32,2023,7,0,0.00367276500664849,740,36.671,-119.451
O32,2023,8,0.02960969044414535,0.01460505928078742,743,36.671,-119.451
O32,2023,9,0.00972222222222222,0.0241238262098649,720,36.671,-119.451
O32,2023,10,0.15561569688768606,0.04154545864262232,739,36.671,-119.451
O32,2023,11,0.2783216783216783,0.08607263820531333,715,36.671,-119.451
O32,2023,12,0.2557200538358008,0.25231443188259906,743,36.671,-119.451
O32,2024,1,0.28225806451612906,0.21913119301725437,744,36.671,-119.451
O32,2024,2,0.17612809315866085,0.11623400681890528,687,36.671,-119.451
O32,2024,3,0.0796221322537112,0.07085497020937088,741,36.671,-119.451
O32,2024,4,0.03703703703703703,0.05838802780315025,702,36.671,-119.451
O32,2024,5,0.02960969044414535,0.03114845190245722,743,36.671,-119.451
O32,2024,6,0,0.00973123050968619,719,36.671,-119.451
O32,2024,7,0,0.00569472226759574,740,36.671,-119.451
O32,2024,8,0,0.00740935056322902,741,36.671,-119.451
O32,2024,9,0.02086230876216968,0.01748140183036662,719,36.671,-119.451
O32,2024,10,0.09005376344086022,0.03680169885741111,744,36.671,-119.451
O32,2024,11,0.26441631504922647,0.12991047668512343,711,36.671,-119.451
O32,2024,12,0.45516304347826086,0.31419256713634075,736,36.671,-119.451
O54,2019,1,0,0.1983875684955601,733,40.7473,-122.9223
O54,2019,4,0,0.05773960087969123,719,40.7473,-122.9223
O54,2019,5,0,0.05440358146349555,743,40.7473,-122.9223
O54,2019,6,0,0.01084770883434046,713,40.7473,-122.9223
O54,2019,7,0,0.00748311794310516,742,40.7473,-122.9223
O54,2019,8,0,0.01015205974916278,739,40.7473,-122.9223
O54,2019,9,0,0.02180879039856564,718,40.7473,-122.9223
O54,2019,10,0,0.01466539615730274,743,40.7473,-122.9223
O54,2019,11,0,0.06524372230837035,712,40.7473,-122.9223
O54,2019,12,0,0.2727057865121079,742,40.7473,-122.9223
O54,2020,1,0,0.21447754607112335,736,40.7473,-122.9223
O54,2020,2,0,0.01958479068960819,692,40.7473,-122.9223
O54,2020,3,0,0.05334500215512807,724,40.7473,-122.9223
O54,2020,4,0,0.03449047407760417,716,40.7473,-122.9223
O54,2020,5,0,0.04268646043848628,743,40.7473,-122.9223
O54,2020,6,0,0.01415864151859563,715,40.7473,-122.9223
O54,2020,7,0,0.00346571637331867,737,40.7473,-122.9223
O54,2023,10,0.08137931034482758,0.03798290184222597,725,40.7473,-122.9223
O54,2023,12,0.5974025974025974,0.2505650883381624,693,40.7473,-122.9223
O54,2024,1,0.5121951219512195,0.2777289534920521,738,40.7473,-122.9223
O54,2024,2,0.433587786259542,0.13689401303147658,655,40.7473,-122.9223
O54,2024,4,0.05094614264919941,0.04228397368170979,687,40.7473,-122.9223
O54,2024,6,0,0.00518970019864667,656,40.7473,-122.9223
O54,2024,7,0,0.00469470164023223,742,40.7473,-122.9223
O54,2024,10,0.02560455192034139,0.03028648082314275,703,40.7473,-122.9223
O86,2019,1,0,0.20967053179155612,700,40.9828,-122.6937
O86,2019,2,0,0.1546333926586692,656,40.9828,-122.6937
O86,2019,3,0,0.08979951357888642,736,40.9828,-122.6937
O86,2019,4,0,0.06590790929595859,699,40.9828,-122.6937
O86,2019,5,0,0.04776093576162443,731,40.9828,-122.6937
O86,2019,6,0,0.004760673152776,690,40.9828,-122.6937
O86,2019,7,0,0.0032431574079057,729,40.9828,-122.6937
O86,2019,8,0,0.0045817399917586,738,40.9828,-122.6937
O86,2019,9,0,0.01561757347629142,709,40.9828,-122.6937
O86,2019,10,0,0.01243838647788121,733,40.9828,-122.6937
O86,2019,11,0,0.05156424655899751,698,40.9828,-122.6937
O86,2020,2,0,0.01240201305952596,690,40.9828,-122.6937
O86,2020,3,0,0.04890101557609767,730,40.9828,-122.6937
O86,2020,4,0,0.02599587474890037,709,40.9828,-122.6937
O86,2020,5,0,0.03542909002417811,725,40.9828,-122.6937
O86,2020,6,0,0.00899725189987261,703,40.9828,-122.6937
O86,2020,7,0,0.00133743630680846,697,40.9828,-122.6937
O86,2020,8,0,0.00264094880150862,716,40.9828,-122.6937
O86,2021,10,0,0.08523866080870719,742,40.9828,-122.6937
O86,2021,11,0,0.10757557526175122,692,40.9828,-122.6937
O86,2021,12,0,0.18803758401268375,689,40.9828,-122.6937
O86,2023,4,0.05980528511821974,0.03770381358448755,719,40.9828,-122.6937
O86,2023,5,0.04189189189189189,0.03514053398054145,740,40.9828,-122.6937
O86,2023,6,0.00976290097629009,0.01490664380745249,717,40.9828,-122.6937
O86,2023,7,0,0.0028454077108995,743,40.9828,-122.6937
O86,2023,8,0.02422611036339165,0.01074723219223476,743,40.9828,-122.6937
O86,2023,9,0.0217391304347826,0.01880931276616166,690,40.9828,-122.6937
O86,2023,11,0.15459610027855153,0.07267403283981273,718,40.9828,-122.6937
O86,2023,12,0.4314516129032258,0.24942811966956252,744,40.9828,-122.6937
O86,2024,1,0.4986413043478261,0.2607414644580066,736,40.9828,-122.6937
O86,2024,2,0.31540697674418605,0.1353546827816203,688,40.9828,-122.6937
O86,2024,3,0.30800542740841247,0.09053725374538724,737,40.9828,-122.6937
O86,2024,4,0.03899721448467967,0.03594005951369862,718,40.9828,-122.6937
O86,2024,5,0.02016129032258064,0.01135740160086336,744,40.9828,-122.6937
O86,2024,6,0.00419580419580419,0.00259685963812095,715,40.9828,-122.6937
O86,2024,7,0,0.00184480215599733,734,40.9828,-122.6937
O86,2024,8,0.00945945945945946,0.00937721964312262,740,40.9828,-122.6937
O86,2024,10,0.02564102564102564,0.02002810090629456,741,40.9828,-122.6937
OXR,2019,1,0.13055181695827725,0.17918050941812735,743,34.2008,-119.2072
OXR,2019,2,0.07772795216741404,0.07359465665584203,669,34.2008,-119.2072
OXR,2019,3,0.08027210884353742,0.05442773849120661,735,34.2008,-119.2072
OXR,2019,4,0.08344923504867872,0.0370584622866327,719,34.2008,-119.2072
OXR,2019,5,0.03091397849462365,0.05374961171957982,744,34.2008,-119.2072
OXR,2019,6,0.12100139082058414,0.04751220989206713,719,34.2008,-119.2072
OXR,2019,7,0.10887096774193548,0.04395636781036347,744,34.2008,-119.2072
OXR,2019,8,0.14650537634408603,0.04076120344661502,744,34.2008,-119.2072
OXR,2019,9,0.06666666666666667,0.04199272831678781,720,34.2008,-119.2072
OXR,2019,10,0.00806451612903225,0.03860584370298012,744,34.2008,-119.2072
OXR,2019,11,0.10027855153203342,0.10728465734977076,718,34.2008,-119.2072
OXR,2019,12,0.07452574525745258,0.16462624158337766,738,34.2008,-119.2072
OXR,2020,7,0.10767160161507404,0.04259034945937087,743,34.2008,-119.2072
OXR,2020,8,0.15746971736204576,0.0425942489007698,743,34.2008,-119.2072
OXR,2020,9,0.3194444444444444,0.05043601839158464,720,34.2008,-119.2072
OXR,2020,10,0.15591397849462366,0.0670648170404864,744,34.2008,-119.2072
OXR,2020,11,0.0993006993006993,0.10274258564754994,715,34.2008,-119.2072
OXR,2020,12,0.02781844802342606,0.07942443523431567,683,34.2008,-119.2072
OXR,2021,1,0.03668478260869565,0.08949282128143984,736,34.2008,-119.2072
OXR,2021,2,0.05663189269746647,0.03460883726301573,671,34.2008,-119.2072
OXR,2021,3,0.02826379542395693,0.03000023932679817,743,34.2008,-119.2072
OXR,2021,4,0.05702364394993046,0.02303871407846068,719,34.2008,-119.2072
OXR,2021,5,0.05376344086021505,0.03280556880409786,744,34.2008,-119.2072
OXR,2021,6,0.13194444444444445,0.03411507559935833,720,34.2008,-119.2072
OXR,2021,7,0.07123655913978495,0.04414688711941719,744,34.2008,-119.2072
OXR,2021,8,0.180349932705249,0.05128426319337709,743,34.2008,-119.2072
OXR,2021,9,0.25558659217877094,0.04937300090391737,716,34.2008,-119.2072
OXR,2021,10,0.08389715832205684,0.06349340059503805,739,34.2008,-119.2072
OXR,2021,11,0.28451882845188287,0.1400158633389414,717,34.2008,-119.2072
OXR,2021,12,0.22849462365591397,0.21797344870908783,744,34.2008,-119.2072
OXR,2022,1,0.05929919137466307,0.12112988512486143,742,34.2008,-119.2072
OXR,2022,2,0.00297619047619047,0.0166883900623886,672,34.2008,-119.2072
OXR,2022,3,0.1063257065948856,0.02948735777125427,743,34.2008,-119.2072
OXR,2022,4,0.08888888888888889,0.02890970665004679,720,34.2008,-119.2072
OXR,2022,5,0.10887096774193548,0.03062545871142472,744,34.2008,-119.2072
OXR,2022,6,0.175,0.03211129525726249,720,34.2008,-119.2072
OXR,2022,7,0.10887096774193548,0.04644276749287412,744,34.2008,-119.2072
OXR,2022,8,0.15053763440860216,0.04110300120475318,744,34.2008,-119.2072
OXR,2022,9,0.04305555555555555,0.05011509409490519,720,34.2008,-119.2072
OXR,2022,10,0.1386271870794078,0.08397335632807626,743,34.2008,-119.2072
OXR,2022,11,0.02797202797202797,0.10332199610952672,715,34.2008,-119.2072
OXR,2022,12,0.1426648721399731,0.22828203753997903,743,34.2008,-119.2072
OXR,2023,8,0.18830242510699,0.06557646926935948,701,34.2008,-119.2072
OXR,2023,9,0.04722222222222222,0.06198215548804692,720,34.2008,-119.2072
OXR,2023,10,0.08879781420765027,0.07737467244610048,732,34.2008,-119.2072
OXR,2023,11,0.02785515320334261,0.11541778224457024,718,34.2008,-119.2072
OXR,2023,12,0.0739247311827957,0.1840198135292153,744,34.2008,-119.2072
OXR,2024,1,0.11693548387096774,0.14786925835047457,744,34.2008,-119.2072
OXR,2024,2,0.15561959654178675,0.11737771748700536,694,34.2008,-119.2072
OXR,2024,3,0.0847913862718708,0.06936414891327602,743,34.2008,-119.2072
OXR,2024,4,0.12361111111111112,0.04169987461211787,720,34.2008,-119.2072
OXR,2024,6,0.15481171548117154,0.05262421318865565,717,34.2008,-119.2072
OXR,2024,7,0.3010752688172043,0.03969805173213098,744,34.2008,-119.2072
OXR,2024,8,0.13440860215053765,0.058138055618261,744,34.2008,-119.2072
OXR,2024,9,0.16666666666666666,0.05602430118158503,720,34.2008,-119.2072
OXR,2024,10,0.28091397849462363,0.0938000596412051,744,34.2008,-119.2072
OXR,2024,11,0.1213389121338912,0.1475864966513976,717,34.2008,-119.2072
OXR,2024,12,0.2051630434782609,0.201282885004938,736,34.2008,-119.2072
PRB,2019,1,0.1720430107526882,0.08069771506727828,744,35.6694,-120.6291
PRB,2019,2,0.06408345752608048,0.03895981692799752,671,35.6694,-120.6291
PRB,2019,3,0.07557354925775979,0.04184414365811299,741,35.6694,-120.6291
PRB,2019,4,0.02749638205499276,0.02557977948895155,691,35.6694,-120.6291
PRB,2019,5,0.04172274562584118,0.02783105074708214,743,35.6694,-120.6291
PRB,2019,6,0.00555555555555555,0.01781167463420168,720,35.6694,-120.6291
PRB,2019,7,0.02016129032258064,0.01531101611648077,744,35.6694,-120.6291
PRB,2019,8,0.00940860215053763,0.02249676748068522,744,35.6694,-120.6291
PRB,2019,9,0.0056338028169014,0.01336684429473287,710,35.6694,-120.6291
PRB,2019,10,0.00412654745529573,0.00898788870029177,727,35.6694,-120.6291
PRB,2019,11,0.05160390516039052,0.0390198407035075,717,35.6694,-120.6291
PRB,2019,12,0.14131897711978467,0.09179891724871744,743,35.6694,-120.6291
PRB,2020,1,0.17876344086021506,0.07486486789192166,744,35.6694,-120.6291
PRB,2020,2,0.07227138643067847,0.01624101524595251,678,35.6694,-120.6291
PRB,2020,3,0.10901749663526245,0.03930424869333453,743,35.6694,-120.6291
PRB,2020,4,0.06573426573426573,0.03074394134016314,715,35.6694,-120.6291
PRB,2020,5,0.01345895020188425,0.01043091656742799,743,35.6694,-120.6291
PRB,2020,6,0.00556328233657858,0.01128610075738211,719,35.6694,-120.6291
PRB,2020,7,0.01345895020188425,0.01904830344283589,743,35.6694,-120.6291
PRB,2020,8,0.01612903225806451,0.01544147069896163,744,35.6694,-120.6291
PRB,2020,9,0.01527777777777777,0.02154151656873786,720,35.6694,-120.6291
PRB,2020,10,0.00672043010752688,0.03136416203233615,744,35.6694,-120.6291
PRB,2020,11,0.01534170153417015,0.02195394503044622,717,35.6694,-120.6291
PRB,2020,12,0.07951482479784366,0.04018287667825274,742,35.6694,-120.6291
PRB,2021,1,0.1078167115902965,0.05592528185536274,742,35.6694,-120.6291
PRB,2021,2,0.03125,0.0254185727379184,672,35.6694,-120.6291
PRB,2021,3,0.02162162162162162,0.02600850932890324,740,35.6694,-120.6291
PRB,2021,4,0.0446927374301676,0.01656447310396425,716,35.6694,-120.6291
PRB,2021,5,0.0228494623655914,0.01194210969639673,744,35.6694,-120.6291
PRB,2021,6,0.0043103448275862,0.01334427337799516,696,35.6694,-120.6291
PRB,2021,7,0.01246537396121883,0.01822301367207141,722,35.6694,-120.6291
PRB,2021,8,0.02956989247311828,0.0280524619287859,744,35.6694,-120.6291
PRB,2021,9,0.02642559109874826,0.03070211869569633,719,35.6694,-120.6291
PRB,2021,10,0.04634831460674157,0.02414939206497105,712,35.6694,-120.6291
PRB,2021,11,0.1184407796101949,0.04114761824524664,667,35.6694,-120.6291
PRB,2021,12,0.17876344086021506,0.0938582265108622,744,35.6694,-120.6291
PRB,2022,1,0.15363881401617252,0.04721743035421402,742,35.6694,-120.6291
PRB,2022,2,0.01636904761904762,0.0071916517848546,672,35.6694,-120.6291
PRB,2022,3,0.01219512195121951,0.01501267120807293,738,35.6694,-120.6291
PRB,2022,4,0.00972222222222222,0.01200566079223282,720,35.6694,-120.6291
PRB,2022,5,0,0.00463462954649959,742,35.6694,-120.6291
PRB,2022,6,0,0.00474196824991075,720,35.6694,-120.6291
PRB,2022,7,0.00268817204301075,0.01580098496056206,744,35.6694,-120.6291
PRB,2022,8,0.00806451612903225,0.01888910704227822,744,35.6694,-120.6291
PRB,2022,9,0.03380281690140845,0.02300553682876294,710,35.6694,-120.6291
PRB,2022,10,0.0431266846361186,0.03655602201278819,742,35.6694,-120.6291
PRB,2022,11,0.03776223776223776,0.02396695517787347,715,35.6694,-120.6291
PRB,2022,12,0.2401129943502825,0.10528687550818816,708,35.6694,-120.6291
PRB,2023,2,0.07993730407523511,0.03484290024463211,638,35.6694,-120.6291
PRB,2023,3,0.11305518169582772,0.05611312087655904,743,35.6694,-120.6291
PRB,2023,4,0.03546099290780142,0.01954335942358883,705,35.6694,-120.6291
PRB,2023,5,0.04037685060565275,0.02572223299938225,743,35.6694,-120.6291
PRB,2023,6,0.00416666666666666,0.02372569119691442,720,35.6694,-120.6291
PRB,2023,7,0.01678321678321678,0.01545070681570938,715,35.6694,-120.6291
PRB,2023,8,0.02016129032258064,0.02200781861771397,744,35.6694,-120.6291
PRB,2023,9,0.02985074626865671,0.0291179054917545,670,35.6694,-120.6291
PRB,2023,10,0.02599179206566347,0.02381932256930349,731,35.6694,-120.6291
PRB,2023,11,0.02506963788300835,0.03732075022476434,718,35.6694,-120.6291
PRB,2023,12,0.1280323450134771,0.07896161694216869,742,35.6694,-120.6291
PRB,2024,1,0.15477792732166892,0.07717543508614587,743,35.6694,-120.6291
PRB,2024,2,0.12661870503597122,0.06774443343583071,695,35.6694,-120.6291
PRB,2024,3,0.07422402159244265,0.03722099721880612,741,35.6694,-120.6291
PRB,2024,4,0.0693815987933635,0.02700689937834685,663,35.6694,-120.6291
PRB,2024,5,0.04177897574123989,0.0209481192503818,742,35.6694,-120.6291
PRB,2024,6,0.00418994413407821,0.01669394173466384,716,35.6694,-120.6291
PRB,2024,7,0,0.02265983462711193,741,35.6694,-120.6291
PRB,2024,8,0.00672043010752688,0.0197059681301805,744,35.6694,-120.6291
PRB,2024,9,0.00278164116828929,0.03244603553464657,719,35.6694,-120.6291
PRB,2024,10,0.02956989247311828,0.02997923432870025,744,35.6694,-120.6291
PRB,2024,11,0.09078212290502792,0.05092578653616221,716,35.6694,-120.6291
PRB,2024,12,0.22916666666666663,0.07969173503236353,720,35.6694,-120.6291
RIV,2019,1,0.11700680272108845,0.10323073518328568,735,33.9,-117.25
RIV,2019,2,0.07022900763358779,0.09722605702280568,655,33.9,-117.25
RIV,2019,3,0.05341246290801187,0.07234417754531548,674,33.9,-117.25
RIV,2019,4,0.02683615819209039,0.03142752041467162,708,33.9,-117.25
RIV,2019,5,0.06868131868131869,0.06548111581251893,728,33.9,-117.25
RIV,2019,6,0.1546099290780142,0.04359456978092948,705,33.9,-117.25
RIV,2019,7,0.07554945054945054,0.02474723878946978,728,33.9,-117.25
RIV,2019,8,0.03688524590163934,0.0200287415849421,732,33.9,-117.25
RIV,2019,9,0.01702127659574468,0.02815267683337105,705,33.9,-117.25
RIV,2019,10,0.01652892561983471,0.01260207778525788,726,33.9,-117.25
RIV,2019,11,0.07605633802816901,0.04535406384999872,710,33.9,-117.25
RIV,2019,12,0.0811554332874828,0.11581382684675146,727,33.9,-117.25
RIV,2020,1,0.121418826739427,0.07324773549149648,733,33.9,-117.25
RIV,2020,2,0.0364963503649635,0.02574517818284613,685,33.9,-117.25
RIV,2020,3,0.03804347826086957,0.07051469214322784,736,33.9,-117.25
RIV,2020,4,0.06442577030812324,0.07339971702591717,714,33.9,-117.25
RIV,2020,5,0.02159244264507422,0.04147602164946541,741,33.9,-117.25
RIV,2020,6,0.06136680613668061,0.0254852353105307,717,33.9,-117.25
RIV,2020,7,0.03112313937753721,0.02581865134507576,739,33.9,-117.25
RIV,2020,8,0.00272851296043656,0.01766930506960924,733,33.9,-117.25
RIV,2020,9,0.01115760111576011,0.01320898780451623,717,33.9,-117.25
RIV,2020,10,0.05256064690026954,0.0304094857790758,742,33.9,-117.25
RIV,2020,11,0.02941176470588235,0.02953558668392467,714,33.9,-117.25
RIV,2020,12,0.03494623655913978,0.03773178763679008,744,33.9,-117.25
RIV,2021,2,0.0906148867313916,0.03375838854132872,618,33.9,-117.25
RIV,2021,3,0.02989130434782608,0.04143848117663436,736,33.9,-117.25
RIV,2021,4,0.02401129943502825,0.0213511329685535,708,33.9,-117.25
RIV,2021,5,0.07448275862068965,0.02839995985941085,725,33.9,-117.25
RIV,2021,6,0.00713266761768901,0.01553026758793301,701,33.9,-117.25
RIV,2021,7,0.00136798905608755,0.01549160090127469,731,33.9,-117.25
RIV,2021,8,0,0.01975925636192463,728,33.9,-117.25
RIV,2021,9,0.0465444287729196,0.02446763617359472,709,33.9,-117.25
RIV,2021,10,0.05818673883626522,0.04024503120150627,739,33.9,-117.25
RIV,2021,11,0.10378681626928472,0.03834778216977636,713,33.9,-117.25
RIV,2021,12,0.16916780354706684,0.1376885443861856,733,33.9,-117.25
RIV,2022,7,0,0.0183665190687957,743,33.9,-117.25
RIV,2022,8,0,0.01297075539721944,739,33.9,-117.25
RIV,2022,9,0.00835654596100278,0.03813684275438521,718,33.9,-117.25
RIV,2022,10,0.10349462365591398,0.05910001314640646,744,33.9,-117.25
RIV,2022,11,0.03927068723702665,0.05579333355727856,713,33.9,-117.25
RIV,2022,12,0.05787348586810229,0.10945622104201642,743,33.9,-117.25
RIV,2023,1,0.08882907133243607,0.1363173132810947,743,33.9,-117.25
RIV,2023,2,0.01972685887708649,0.0618585795954878,659,33.9,-117.25
RIV,2023,3,0.0740242261103634,0.10801229235028204,743,33.9,-117.25
RIV,2023,4,0.04915730337078652,0.03778753366052941,712,33.9,-117.25
RIV,2023,5,0.09066305818673884,0.05260150971518182,739,33.9,-117.25
RIV,2023,6,0.06433566433566433,0.04536814706465132,715,33.9,-117.25
RIV,2023,7,0.00817438692098092,0.01425618559964547,734,33.9,-117.25
RIV,2023,8,0.01756756756756757,0.04618640811249226,740,33.9,-117.25
RIV,2023,9,0.06970128022759602,0.0653737823528471,703,33.9,-117.25
RIV,2023,10,0.02452316076294278,0.0410642679262794,734,33.9,-117.25
RIV,2023,11,0.05225988700564971,0.05716723763334905,708,33.9,-117.25
RIV,2023,12,0.11917808219178082,0.08125261045525635,730,33.9,-117.25
RIV,2024,1,0.08660351826792964,0.1040169537083005,739,33.9,-117.25
RIV,2024,2,0.1746031746031746,0.1234602638788938,693,33.9,-117.25
RIV,2024,3,0.05427408412483039,0.06394385857638861,737,33.9,-117.25
RIV,2024,4,0.06675938803894298,0.04016881203046801,719,33.9,-117.25
RIV,2024,5,0.14073071718538566,0.04358230033510876,739,33.9,-117.25
RIV,2024,6,0.0893854748603352,0.03150594744016644,716,33.9,-117.25
RIV,2024,7,0,0.01158196474650865,742,33.9,-117.25
RIV,2024,8,0.00271370420624151,0.01795142449669742,737,33.9,-117.25
RIV,2024,9,0.01944444444444444,0.03175302019453313,720,33.9,-117.25
RIV,2024,10,0.02964959568733153,0.02335292298915188,742,33.9,-117.25
RIV,2024,11,0.02384291725105189,0.04810772031543154,713,33.9,-117.25
RIV,2024,12,0.05616438356164383,0.04052575100200067,730,33.9,-117.25
SAC,2019,1,0.33198924731182794,0.099016173227331,744,38.5069,-121.495
SAC,2019,2,0.10416666666666669,0.05390008120710887,672,38.5069,-121.495
SAC,2019,3,0.07681940700808626,0.04226475163145102,742,38.5069,-121.495
SAC,2019,4,0.01668984700973574,0.01969613219709532,719,38.5069,-121.495
SAC,2019,5,0.0407055630936228,0.01381206250656347,737,38.5069,-121.495
SAC,2019,6,0,0.00274111443476265,720,38.5069,-121.495
SAC,2020,1,0.34589502018842533,0.10331247221254772,743,38.5069,-121.495
SAC,2020,2,0.0617816091954023,0.02512901000113292,696,38.5069,-121.495
SAC,2020,3,0.03903095558546433,0.02234540178169301,743,38.5069,-121.495
SAC,2020,4,0.04033379694019471,0.01628811006997408,719,38.5069,-121.495
SAC,2020,5,0.00940860215053763,0.00692718121155352,744,38.5069,-121.495
SAC,2020,6,0,0.00178494042588043,720,38.5069,-121.495
SAC,2020,7,0.00134589502018842,0.00274981430414559,743,38.5069,-121.495
SAC,2020,8,0,0.00277068508795785,743,38.5069,-121.495
SAC,2020,9,0.02638888888888889,0.0060188275827357,720,38.5069,-121.495
SAC,2020,10,0.0053763440860215,0.01137617363136686,744,38.5069,-121.495
SAC,2020,11,0.11142061281337048,0.04042954267687562,718,38.5069,-121.495
SAC,2020,12,0.2728494623655914,0.07894994539885686,744,38.5069,-121.495
SAC,2021,1,0.32661290322580644,0.08098116846387239,744,38.5069,-121.495
SAC,2021,2,0.07291666666666667,0.02873260236723009,672,38.5069,-121.495
SAC,2021,3,0.02571428571428571,0.01607712485655216,700,38.5069,-121.495
SAC,2021,4,0.00277777777777777,0.00358437912036099,720,38.5069,-121.495
SAC,2021,5,0,0.00207020654867936,743,38.5069,-121.495
SAC,2021,6,0,0.00215458421468435,720,38.5069,-121.495
SAC,2021,7,0,0.00308426686290127,744,38.5069,-121.495
SAC,2021,8,0.00807537012113055,0.00410522028700163,743,38.5069,-121.495
SAC,2021,9,0.00138888888888888,0.00461016841547146,720,38.5069,-121.495
SAC,2021,10,0.07816711590296496,0.04040357143326585,742,38.5069,-121.495
SAC,2021,11,0.4554317548746518,0.112603489951118,718,38.5069,-121.495
SAC,2021,12,0.4939271255060729,0.15752530396806028,741,38.5069,-121.495
SAC,2022,1,0.362339514978602,0.10588716537068904,701,38.5069,-121.495
SAC,2022,2,0.07302533532041729,0.01783217973807019,671,38.5069,-121.495
SAC,2022,3,0.03908355795148248,0.01513432582500329,742,38.5069,-121.495
SAC,2022,4,0.02361111111111111,0.01108384197681312,720,38.5069,-121.495
SAC,2022,5,0,0.0022797955202137,731,38.5069,-121.495
SAC,2022,6,0.00139082058414464,0.00210163303215173,719,38.5069,-121.495
SAC,2022,7,0,0.00358044587898924,744,38.5069,-121.495
SAC,2022,8,0,0.00412063131812652,743,38.5069,-121.495
SAC,2022,9,0.00138888888888888,0.01012104514517492,720,38.5069,-121.495
SAC,2022,10,0,0.01519407066759006,744,38.5069,-121.495
SAC,2022,11,0.03851640513552068,0.03176747874616942,701,38.5069,-121.495
SAC,2023,1,0.1276297335203366,0.06798817985543394,713,38.5069,-121.495
SAC,2023,2,0.09538002980625931,0.03879349926402169,671,38.5069,-121.495
SAC,2023,3,0.07152875175315568,0.04784134352953108,713,38.5069,-121.495
SAC,2023,4,0.0014388489208633,0.01065944390535876,695,38.5069,-121.495
SAC,2023,5,0.00403225806451612,0.01158017783692899,744,38.5069,-121.495
SAC,2023,6,0,0.00390812130899132,719,38.5069,-121.495
SAC,2023,7,0,0.00343337584201511,744,38.5069,-121.495
SAC,2023,8,0,0.00419253087217139,744,38.5069,-121.495
SAC,2023,9,0.00972222222222222,0.00827967161787401,720,38.5069,-121.495
SAC,2023,10,0.00806451612903225,0.01894092624620105,744,38.5069,-121.495
SAC,2023,11,0.03899721448467967,0.0350766242902565,718,38.5069,-121.495
SAC,2023,12,0.25268817204301075,0.11994765328009482,744,38.5069,-121.495
SAC,2024,7,0,0.00235880946282556,742,38.5069,-121.495
SAC,2024,8,0,0.00318217679659949,744,38.5069,-121.495
SAC,2024,9,0.00139082058414464,0.00670171697509894,719,38.5069,-121.495
SAC,2024,10,0.00268817204301075,0.01113403936448665,744,38.5069,-121.495
SAC,2024,11,0.12534818941504178,0.05831998979315234,718,38.5069,-121.495
SAC,2024,12,0.3959183673469387,0.13872621507860225,735,38.5069,-121.495
SAN,2019,1,0.04301075268817204,0.1684990576111441,744,32.7339,-117.1845
SAN,2019,2,0.01785714285714285,0.07469656608311112,672,32.7339,-117.1845
SAN,2019,3,0.02826379542395693,0.08582804284734051,743,32.7339,-117.1845
SAN,2019,4,0.02916666666666666,0.06639983851268762,720,32.7339,-117.1845
SAN,2019,5,0.00268817204301075,0.04537648698846576,744,32.7339,-117.1845
SAN,2019,6,0.03333333333333333,0.04948768016433476,720,32.7339,-117.1845
SAN,2019,7,0.06586021505376344,0.07596301437147912,744,32.7339,-117.1845
SAN,2019,8,0.02419354838709677,0.09258768340002144,744,32.7339,-117.1845
SAN,2019,9,0.01666666666666666,0.08590843580311827,720,32.7339,-117.1845
SAN,2019,10,0.02150537634408602,0.07424747485763762,744,32.7339,-117.1845
SAN,2019,11,0.14623955431754876,0.17601605604320608,718,32.7339,-117.1845
SAN,2019,12,0.08064516129032258,0.1814463716692828,744,32.7339,-117.1845
SAN,2020,1,0.14516129032258066,0.163394616515926,744,32.7339,-117.1845
SAN,2020,2,0.06321839080459771,0.07645663946971142,696,32.7339,-117.1845
SAN,2020,3,0.02826379542395693,0.08866492232187584,743,32.7339,-117.1845
SAN,2020,4,0.1043115438108484,0.09035874574497908,719,32.7339,-117.1845
SAN,2020,5,0.02553763440860215,0.06046061361362089,744,32.7339,-117.1845
SAN,2020,6,0.02222222222222222,0.04648248584781031,720,32.7339,-117.1845
SAN,2020,7,0.00806451612903225,0.06830965839831556,744,32.7339,-117.1845
SAN,2020,8,0.03494623655913978,0.08530195009501518,744,32.7339,-117.1845
SAN,2020,9,0.05972222222222222,0.09359682471550052,720,32.7339,-117.1845
SAN,2020,10,0.10483870967741936,0.10344049150535194,744,32.7339,-117.1845
SAN,2020,11,0.11002785515320336,0.1643822264138113,718,32.7339,-117.1845
SAN,2020,12,0.03091397849462365,0.101882119099228,744,32.7339,-117.1845
SAN,2021,1,0.10349462365591398,0.11403401656924754,744,32.7339,-117.1845
SAN,2021,2,0.06547619047619048,0.08381286170370762,672,32.7339,-117.1845
SAN,2021,3,0.01211305518169582,0.06123707520367082,743,32.7339,-117.1845
SAN,2021,4,0.01666666666666666,0.04568417239347264,720,32.7339,-117.1845
SAN,2021,5,0.01881720430107527,0.04435878572475355,744,32.7339,-117.1845
SAN,2021,6,0.03611111111111111,0.05281592935605696,720,32.7339,-117.1845
SAN,2021,7,0.01075268817204301,0.05935168312932025,744,32.7339,-117.1845
SAN,2021,8,0.04704301075268817,0.06766576974712422,744,32.7339,-117.1845
SAN,2021,9,0.02083333333333333,0.0749759025647867,720,32.7339,-117.1845
SAN,2021,10,0.04032258064516129,0.08546040726591012,744,32.7339,-117.1845
SAN,2021,11,0.17548746518105848,0.18199015368366597,718,32.7339,-117.1845
SAN,2021,12,0.13306451612903225,0.1813809586830257,744,32.7339,-117.1845
SAN,2022,1,0.05241935483870968,0.1187848410854337,744,32.7339,-117.1845
SAN,2022,2,0.02678571428571428,0.03120703432583622,672,32.7339,-117.1845
SAN,2022,3,0.05383580080753701,0.0660321993505432,743,32.7339,-117.1845
SAN,2022,4,0.03055555555555555,0.04814849090666571,720,32.7339,-117.1845
SAN,2022,5,0.03225806451612903,0.03952961088349423,744,32.7339,-117.1845
SAN,2022,6,0.05138888888888889,0.06031240135625534,720,32.7339,-117.1845
SAN,2022,7,0.01747311827956989,0.05755813884479251,744,32.7339,-117.1845
SAN,2022,8,0.0053763440860215,0.05635897930118221,744,32.7339,-117.1845
SAN,2022,9,0.0375,0.08612669549360638,720,32.7339,-117.1845
SAN,2022,10,0.03629032258064516,0.10259513719796316,744,32.7339,-117.1845
SAN,2022,11,0.02785515320334261,0.10212579972394537,718,32.7339,-117.1845
SAN,2022,12,0.0913978494623656,0.159387670846914,744,32.7339,-117.1845
SAN,2023,1,0.08198924731182795,0.1359841410615599,744,32.7339,-117.1845
SAN,2023,2,0.01488095238095238,0.0472932450524162,672,32.7339,-117.1845
SAN,2023,3,0.126514131897712,0.10835129771522702,743,32.7339,-117.1845
SAN,2023,4,0.08888888888888889,0.05867063202560011,720,32.7339,-117.1845
SAN,2023,5,0.01612903225806451,0.03662148489448581,744,32.7339,-117.1845
SAN,2023,6,0.00835654596100278,0.04248161536800499,718,32.7339,-117.1845
SAN,2023,7,0.05518169582772544,0.0717547204529473,743,32.7339,-117.1845
SAN,2023,8,0.05913978494623656,0.08972221362139388,744,32.7339,-117.1845
SAN,2023,9,0.03472222222222222,0.07233736523793129,720,32.7339,-117.1845
SAN,2023,10,0.1303763440860215,0.1187424380382144,744,32.7339,-117.1845
SAN,2023,11,0.05292479108635097,0.13495124108005024,718,32.7339,-117.1845
SAN,2023,12,0.12634408602150538,0.2053640624103374,744,32.7339,-117.1845
SAN,2024,1,0.10497981157469716,0.17677258778486693,743,32.7339,-117.1845
SAN,2024,2,0.0617816091954023,0.1242551796360956,696,32.7339,-117.1845
SAN,2024,3,0.03633916554508748,0.09399594653425108,743,32.7339,-117.1845
SAN,2024,4,0.02222222222222222,0.07219630676352826,720,32.7339,-117.1845
SAN,2024,5,0.01478494623655914,0.04142621526306665,744,32.7339,-117.1845
SAN,2024,6,0.02222222222222222,0.05221613279430506,720,32.7339,-117.1845
SAN,2024,7,0.04301075268817204,0.06351099130226258,744,32.7339,-117.1845
SAN,2024,8,0.01209677419354838,0.07669939552167955,744,32.7339,-117.1845
SAN,2024,9,0.02777777777777777,0.0743398104980036,720,32.7339,-117.1845
SAN,2024,10,0.24059139784946235,0.12437837422379434,744,32.7339,-117.1845
SAN,2024,11,0.05292479108635097,0.12829830644869303,718,32.7339,-117.1845
SAN,2024,12,0.2418478260869565,0.2037875119685865,736,32.7339,-117.1845
SCK,2019,1,0.36239782016348776,0.2860052231970477,734,37.8942,-121.2383
SCK,2019,2,0.04783258594917788,0.10905536176800076,669,37.8942,-121.2383
SCK,2019,3,0.06359945872801083,0.0916152875403645,739,37.8942,-121.2383
SCK,2019,4,0.01673640167364016,0.07014445432820063,717,37.8942,-121.2383
SCK,2019,5,0.01630434782608695,0.05689228303191233,736,37.8942,-121.2383
SCK,2019,6,0,0.015532575072056,718,37.8942,-121.2383
SCK,2019,7,0,0.01745884195466093,743,37.8942,-121.2383
SCK,2019,8,0,0.02067879708002823,743,37.8942,-121.2383
SCK,2019,9,0.00278940027894002,0.02713107104483715,717,37.8942,-121.2383
SCK,2019,10,0,0.03696687455314102,744,37.8942,-121.2383
SCK,2019,11,0.04775280898876404,0.2129120628048158,712,37.8942,-121.2383
SCK,2019,12,0.3347050754458162,0.31684688427481833,729,37.8942,-121.2383
SCK,2020,1,0.4418604651162791,0.3621593183584223,731,37.8942,-121.2383
SCK,2020,2,0.06195965417867435,0.10547088496207144,694,37.8942,-121.2383
SCK,2020,3,0.02465753424657534,0.08784858930661338,730,37.8942,-121.2383
SCK,2020,4,0.03212290502793296,0.0560315435509239,716,37.8942,-121.2383
SCK,2020,5,0,0.0235020158769349,738,37.8942,-121.2383
SCK,2020,6,0.00139082058414464,0.01070224507566749,719,37.8942,-121.2383
SCK,2020,7,0,0.01673393101492904,744,37.8942,-121.2383
SCK,2020,8,0,0.01914021522947897,738,37.8942,-121.2383
SCK,2020,9,0.00140252454417952,0.04095699906425199,713,37.8942,-121.2383
SCK,2020,10,0.00814111261872455,0.08375293886522821,737,37.8942,-121.2383
SCK,2020,11,0.06610407876230662,0.19772255335743852,711,37.8942,-121.2383
SCK,2020,12,0.27419354838709675,0.3354898477624453,744,37.8942,-121.2383
SCK,2021,1,0.3131720430107527,0.3304157171180777,744,37.8942,-121.2383
SCK,2021,2,0.04613095238095238,0.09899650472518418,672,37.8942,-121.2383
SCK,2021,3,0.0215343203230148,0.06002714426838178,743,37.8942,-121.2383
SCK,2021,4,0,0.02437264979797438,715,37.8942,-121.2383
SCK,2021,5,0.00134408602150537,0.01184650916303182,744,37.8942,-121.2383
SCK,2021,6,0,0.01153222897906533,718,37.8942,-121.2383
SCK,2021,7,0,0.01270339886082447,686,37.8942,-121.2383
SCK,2021,8,0.01075268817204301,0.02257076158323896,744,37.8942,-121.2383
SCK,2021,9,0.00556328233657858,0.03106255132202303,719,37.8942,-121.2383
SCK,2021,10,0.05953991880920163,0.11958545098794504,739,37.8942,-121.2383
SCK,2021,11,0.4064245810055866,0.3633129036995576,716,37.8942,-121.2383
SCK,2021,12,0.3521505376344086,0.4127992658206644,744,37.8942,-121.2383
SCK,2022,1,0.44086021505376344,0.4195454804672487,744,37.8942,-121.2383
SCK,2022,2,0.09672619047619048,0.09626945891798128,672,37.8942,-121.2383
SCK,2022,3,0.00673854447439353,0.0500537538008856,742,37.8942,-121.2383
SCK,2022,4,0.00694444444444444,0.04116989556604433,720,37.8942,-121.2383
SCK,2022,5,0,0.01214885738951434,744,37.8942,-121.2383
SCK,2022,6,0,0.00938906197050754,720,37.8942,-121.2383
SCK,2022,7,0,0.0150030937838896,693,37.8942,-121.2383
SCK,2022,8,0,0.0228512849430587,744,37.8942,-121.2383
SCK,2022,9,0,0.04286956309166025,718,37.8942,-121.2383
SCK,2022,10,0.00134408602150537,0.105000000599926,744,37.8942,-121.2383
SCK,2022,11,0.08217270194986072,0.2411569347253735,718,37.8942,-121.2383
SCK,2022,12,0.5196211096075778,0.4611382047912781,739,37.8942,-121.2383
SCK,2023,1,0.14809590973201692,0.2146677228257304,709,37.8942,-121.2383
SCK,2023,2,0.1402439024390244,0.11935827208909902,656,37.8942,-121.2383
SCK,2023,3,0.07671601615074024,0.1042380925810024,743,37.8942,-121.2383
SCK,2023,4,0.00138888888888888,0.04823383649046061,720,37.8942,-121.2383
SCK,2023,5,0.00134408602150537,0.0563800416202129,744,37.8942,-121.2383
SCK,2023,6,0.00138888888888888,0.02439731005575501,720,37.8942,-121.2383
SCK,2023,7,0,0.02296762627269679,744,37.8942,-121.2383
SCK,2023,8,0,0.02295423039148299,744,37.8942,-121.2383
SCK,2023,9,0.00139082058414464,0.04249092353691604,719,37.8942,-121.2383
SCK,2023,10,0.00809716599190283,0.09725596670603912,741,37.8942,-121.2383
SCK,2023,11,0.08495821727019498,0.2092449138846027,718,37.8942,-121.2383
SCK,2023,12,0.3293010752688172,0.4062698961566665,744,37.8942,-121.2383
SCK,2024,1,0.28225806451612906,0.30918148478672336,744,37.8942,-121.2383
SCK,2024,2,0.16115107913669063,0.15655058990725426,695,37.8942,-121.2383
SCK,2024,3,0.01349527665317139,0.088451091955657,741,37.8942,-121.2383
SCK,2024,4,0.02638888888888889,0.0713207889986258,720,37.8942,-121.2383
SCK,2024,5,0.00268817204301075,0.02974878324518646,744,37.8942,-121.2383
SCK,2024,6,0,0.01302944748661021,719,37.8942,-121.2383
SCK,2024,7,0,0.01660120363715997,744,37.8942,-121.2383
SCK,2024,8,0,0.01877413804595284,744,37.8942,-121.2383
SCK,2024,9,0,0.03671758204768205,720,37.8942,-121.2383
SCK,2024,10,0.00134408602150537,0.07368981616440233,744,37.8942,-121.2383
SCK,2024,11,0.1309192200557103,0.19319620240204535,718,37.8942,-121.2383
SCK,2024,12,0.485054347826087,0.4024672753426394,736,37.8942,-121.2383
SDM,2019,1,0.14650537634408603,0.11039503952034248,744,32.57,-116.98
SDM,2019,2,0.11607142857142858,0.05655850851228829,672,32.57,-116.98
SDM,2019,3,0.1117092866756393,0.05280212166972497,743,32.57,-116.98
SDM,2019,4,0.10584958217270196,0.05374297135349063,718,32.57,-116.98
SDM,2019,5,0.06182795698924731,0.05281137922789599,744,32.57,-116.98
SDM,2019,6,0.14583333333333334,0.04882448404340685,720,32.57,-116.98
SDM,2019,7,0.19784656796769853,0.04485553948491137,743,32.57,-116.98
SDM,2019,8,0.21024258760107817,0.04300219123404777,742,32.57,-116.98
SDM,2019,9,0.10277777777777776,0.0455971983907433,720,32.57,-116.98
SDM,2019,10,0.06191117092866756,0.04032859250084209,743,32.57,-116.98
SDM,2019,11,0.21074964639321075,0.10162802258105934,707,32.57,-116.98
SDM,2019,12,0.11424731182795698,0.12699804302389955,744,32.57,-116.98
SDM,2020,1,0.16285329744279947,0.09947851557160892,743,32.57,-116.98
SDM,2020,2,0.1307471264367816,0.03747397624267219,696,32.57,-116.98
SDM,2020,3,0.13055181695827725,0.06183368733405436,743,32.57,-116.98
SDM,2020,4,0.16527777777777777,0.07032992402398955,720,32.57,-116.98
SDM,2020,5,0.09543010752688172,0.04872401507571419,744,32.57,-116.98
SDM,2020,6,0.07777777777777778,0.03546340739268094,720,32.57,-116.98
SDM,2020,7,0.08209959623149395,0.03718211255029974,743,32.57,-116.98
SDM,2020,8,0.13844086021505375,0.02827059582478057,744,32.57,-116.98
SDM,2020,9,0.1825962910128388,0.03451937145461816,701,32.57,-116.98
SDM,2020,10,0.06998654104979811,0.04129047515996594,743,32.57,-116.98
SDM,2020,11,0.16852367688022285,0.0902326316618177,718,32.57,-116.98
SDM,2020,12,0.04704301075268817,0.05910629420202736,744,32.57,-116.98
SDM,2021,1,0.08870967741935484,0.06452703874307789,744,32.57,-116.98
SDM,2021,2,0.14583333333333334,0.04483576832671087,672,32.57,-116.98
SDM,2021,3,0.04441453566621804,0.03768487053921687,743,32.57,-116.98
SDM,2021,4,0.07083333333333333,0.02816515569059087,720,32.57,-116.98
SDM,2021,5,0.03763440860215054,0.03275311540209175,744,32.57,-116.98
SDM,2021,6,0.03899721448467967,0.02935995676641075,718,32.57,-116.98
SDM,2021,7,0.03638814016172507,0.03405751168205168,742,32.57,-116.98
SDM,2021,8,0.05937921727395411,0.03412799248723379,741,32.57,-116.98
SDM,2021,9,0.10252808988764044,0.03706437338711062,712,32.57,-116.98
SDM,2021,10,0.08097165991902834,0.0505793475220422,741,32.57,-116.98
SDM,2021,11,0.23537604456824512,0.0834575692963669,718,32.57,-116.98
SDM,2021,12,0.23687752355316288,0.10987578091757312,743,32.57,-116.98
SDM,2022,1,0.07806191117092867,0.067326516975189,743,32.57,-116.98
SDM,2022,2,0.04910714285714285,0.01859589276548645,672,32.57,-116.98
SDM,2022,3,0.1224764468371467,0.04120443784827496,743,32.57,-116.98
SDM,2022,4,0.07361111111111111,0.03219519118805309,720,32.57,-116.98
SDM,2022,5,0.06317204301075269,0.02844303411265773,744,32.57,-116.98
SDM,2022,6,0.12691771269177127,0.03681610949909161,717,32.57,-116.98
SDM,2022,7,0.07816711590296496,0.03312567100822233,742,32.57,-116.98
SDM,2022,8,0.04435483870967742,0.02985890161588726,744,32.57,-116.98
SDM,2022,9,0.09027777777777778,0.04394939349278998,720,32.57,-116.98
SDM,2022,10,0.18733153638814015,0.06207967960472895,742,32.57,-116.98
SDM,2022,11,0.06005586592178771,0.06967308186528863,716,32.57,-116.98
SDM,2022,12,0.0847913862718708,0.10457235991923576,743,32.57,-116.98
SDM,2023,1,0.1238095238095238,0.10591680087819497,735,32.57,-116.98
SDM,2023,2,0.05216095380029806,0.03149604481988105,671,32.57,-116.98
SDM,2023,3,0.18758434547908232,0.08286377537352513,741,32.57,-116.98
SDM,2023,4,0.22777777777777777,0.03784849207192178,720,32.57,-116.98
SDM,2023,5,0.1426648721399731,0.04320529530438469,743,32.57,-116.98
SDM,2023,6,0.04027777777777778,0.03483418456614883,720,32.57,-116.98
SDM,2023,7,0.24596774193548387,0.03264606677063012,744,32.57,-116.98
SDM,2023,8,0.1895161290322581,0.04907280586825061,744,32.57,-116.98
SDM,2023,9,0.12361111111111112,0.04482592608590015,720,32.57,-116.98
SDM,2023,10,0.14650537634408603,0.05951198998859329,744,32.57,-116.98
SDM,2023,11,0.08507670850767085,0.08929890365713489,717,32.57,-116.98
SDM,2023,12,0.18010752688172044,0.1216818512774134,744,32.57,-116.98
SDM,2024,1,0.17092866756393002,0.12111793588842153,743,32.57,-116.98
SDM,2024,2,0.17510853835021709,0.08269378725843211,691,32.57,-116.98
SDM,2024,3,0.17362045760430686,0.06182571658189705,743,32.57,-116.98
SDM,2024,4,0.19166666666666668,0.05227948011577206,720,32.57,-116.98
SDM,2024,5,0.08736559139784947,0.03928462234027185,744,32.57,-116.98
SDM,2024,6,0.1527777777777778,0.04183607954368244,720,32.57,-116.98
SDM,2024,7,0.2217741935483871,0.03553218715316008,744,32.57,-116.98
SDM,2024,8,0.2029569892473118,0.03792596662516469,744,32.57,-116.98
SDM,2024,9,0.17083333333333334,0.03465147136286619,720,32.57,-116.98
SDM,2024,10,0.2849462365591398,0.05006968515510063,744,32.57,-116.98
SDM,2024,11,0.08356545961002786,0.07531480680430476,718,32.57,-116.98
SDM,2024,12,0.2962962962962963,0.10340030672162144,729,32.57,-116.98
SIY,2019,1,0.02828854314002828,0.110949029682872,707,41.7737,-122.4682
SIY,2019,2,0.11094452773613192,0.08840976741168427,667,41.7737,-122.4682
SIY,2019,3,0.0163265306122449,0.0360055187785711,735,41.7737,-122.4682
SIY,2019,4,0.00972222222222222,0.03013246207544144,720,41.7737,-122.4682
SIY,2019,5,0.00404858299595141,0.02280149546613896,741,41.7737,-122.4682
SIY,2019,6,0,0.00481282189898557,720,41.7737,-122.4682
SIY,2019,7,0,0.00250800597555256,742,41.7737,-122.4682
SIY,2019,8,0.00269541778975741,0.00350225759845927,742,41.7737,-122.4682
SIY,2019,9,0.00833333333333333,0.01501493799836155,720,41.7737,-122.4682
SIY,2019,10,0.01079622132253711,0.01225391217185933,741,41.7737,-122.4682
SIY,2019,11,0.03212290502793296,0.0487051929263932,716,41.7737,-122.4682
SIY,2019,12,0.11994609164420485,0.14795487052132306,742,41.7737,-122.4682
SIY,2020,1,0.11320754716981132,0.13926216566225075,742,41.7737,-122.4682
SIY,2020,2,0.03591954022988505,0.01792281597326138,696,41.7737,-122.4682
SIY,2020,3,0.00942126514131897,0.02411062036336435,743,41.7737,-122.4682
SIY,2020,4,0.00278164116828929,0.01246505770882363,719,41.7737,-122.4682
SIY,2020,5,0.00808625336927223,0.02061935621475058,742,41.7737,-122.4682
SIY,2020,6,0,0.00985858693299208,720,41.7737,-122.4682
SIY,2020,7,0,0.00145548431128862,743,41.7737,-122.4682
SIY,2020,8,0.00135135135135135,0.00160643393397465,740,41.7737,-122.4682
SIY,2020,9,0,0.00326260661182142,720,41.7737,-122.4682
SIY,2020,10,0,0.00846541762261506,734,41.7737,-122.4682
SIY,2020,11,0.07799442896935933,0.05438414714432043,718,41.7737,-122.4682
SIY,2020,12,0.1532258064516129,0.09225394059033136,744,41.7737,-122.4682
SIY,2021,1,0.1857335127860027,0.0951904671183397,743,41.7737,-122.4682
SIY,2021,2,0.04769001490312966,0.05096015139865174,671,41.7737,-122.4682
SIY,2021,3,0.02995720399429386,0.01965597425917185,701,41.7737,-122.4682
SIY,2021,4,0,0.00542118356938996,718,41.7737,-122.4682
SIY,2021,5,0,0.00426119377826341,739,41.7737,-122.4682
SIY,2021,6,0.00138888888888888,0.00599587979645505,720,41.7737,-122.4682
SIY,2021,7,0,0.00124075114602855,743,41.7737,-122.4682
SIY,2021,8,0,0.00183226599034975,741,41.7737,-122.4682
SIY,2021,9,0.0125,0.00797486623051512,720,41.7737,-122.4682
SIY,2021,10,0.03773584905660377,0.03877665736055474,742,41.7737,-122.4682
SIY,2021,11,0.1671309192200557,0.06943176761629472,718,41.7737,-122.4682
SIY,2021,12,0.21216216216216216,0.13119716488691854,740,41.7737,-122.4682
SIY,2022,1,0.03897849462365591,0.07659593245389998,744,41.7737,-122.4682
SIY,2022,2,0.01788375558867362,0.00847534515712395,671,41.7737,-122.4682
SIY,2022,3,0.00269179004037685,0.01550086691333954,743,41.7737,-122.4682
SIY,2022,4,0.00555555555555555,0.02354831909507595,720,41.7737,-122.4682
SIY,2022,5,0.0054054054054054,0.00934952655866662,740,41.7737,-122.4682
SIY,2022,6,0,0.01188869845916572,719,41.7737,-122.4682
SIY,2022,7,0.00134952766531713,0.00400306997791742,741,41.7737,-122.4682
SIY,2022,8,0,0.00230252895138453,742,41.7737,-122.4682
SIY,2022,9,0.00138888888888888,0.00865362102745271,720,41.7737,-122.4682
SIY,2022,10,0.00272108843537414,0.00819018027035144,735,41.7737,-122.4682
SIY,2022,11,0.03076923076923077,0.0492782807929305,715,41.7737,-122.4682
SIY,2022,12,0.1386271870794078,0.16736628252394392,743,41.7737,-122.4682
SIY,2023,1,0.04177897574123989,0.0941484893357569,742,41.7737,-122.4682
SIY,2023,2,0.05547226386806597,0.03344858647752881,667,41.7737,-122.4682
SIY,2023,3,0.04576043068640646,0.06248973736087979,743,41.7737,-122.4682
SIY,2023,4,0.00140449438202247,0.02054252391025907,712,41.7737,-122.4682
SIY,2023,5,0.00825309491059147,0.02708360036329592,727,41.7737,-122.4682
SIY,2023,6,0,0.01032477734917052,720,41.7737,-122.4682
SIY,2023,7,0,0.00155264840217558,734,41.7737,-122.4682
SIY,2023,8,0.013531799729364,0.00660507182571781,739,41.7737,-122.4682
SIY,2023,9,0.00277777777777777,0.01252349782052047,720,41.7737,-122.4682
SIY,2023,10,0.01486486486486486,0.0214218938570946,740,41.7737,-122.4682
SIY,2023,11,0.03770949720670391,0.0472997218736467,716,41.7737,-122.4682
SIY,2023,12,0.125,0.14962319238619518,744,41.7737,-122.4682
SIY,2024,1,0.10349462365591398,0.1814161582976516,744,41.7737,-122.4682
SIY,2024,2,0.03591954022988505,0.05767304015397613,696,41.7737,-122.4682
SIY,2024,3,0.02288021534320323,0.03574260859746171,743,41.7737,-122.4682
SIY,2024,4,0.03194444444444444,0.01903319155369492,720,41.7737,-122.4682
SIY,2024,5,0.00944669365721997,0.01442368333026883,741,41.7737,-122.4682
SIY,2024,6,0,0.00297663646075873,704,41.7737,-122.4682
SIY,2024,7,0,0.00185492152610826,739,41.7737,-122.4682
SIY,2024,8,0.00272851296043656,0.0071847010698951,733,41.7737,-122.4682
SIY,2024,9,0,0.00598285409247683,714,41.7737,-122.4682
SIY,2024,10,0.00945945945945946,0.01501244006766532,740,41.7737,-122.4682
SIY,2024,11,0.04984894259818731,0.11163190470050904,662,41.7737,-122.4682
SIY,2024,12,0.17551020408163265,0.15015993311353387,735,41.7737,-122.4682
SLI,2019,1,0.16238159675236807,0.17217249884720562,739,33.79,-118.052
SLI,2019,2,0.09763779527559056,0.06579478945052757,635,33.79,-118.052
SLI,2019,3,0.07496463932107496,0.07824257001732307,707,33.79,-118.052
SLI,2019,4,0.04067321178120617,0.05157249465509802,713,33.79,-118.052
SLI,2019,5,0.03940217391304348,0.0416636173015915,736,33.79,-118.052
SLI,2019,6,0.03138373751783167,0.03371205086320966,701,33.79,-118.052
SLI,2019,7,0.03566529492455418,0.04294705168821818,729,33.79,-118.052
SLI,2019,8,0.02841677943166441,0.06400779479945468,739,33.79,-118.052
SLI,2019,9,0.05189340813464235,0.05543689527206962,713,33.79,-118.052
SLI,2019,10,0.0380952380952381,0.06618199634079881,735,33.79,-118.052
SLI,2019,11,0.16901408450704225,0.17393460772265762,710,33.79,-118.052
SLI,2019,12,0.11684782608695651,0.16958891150553582,736,33.79,-118.052
SLI,2020,1,0.16846361185983827,0.19278932005707344,742,33.79,-118.052
SLI,2020,2,0.10869565217391304,0.0820905106904644,690,33.79,-118.052
SLI,2020,3,0.07044198895027624,0.07218022581013206,724,33.79,-118.052
SLI,2020,4,0.08531468531468532,0.0804872719883631,715,33.79,-118.052
SLI,2020,5,0.1008174386920981,0.0513341501469613,734,33.79,-118.052
SLI,2020,11,0.18828451882845187,0.1532740701457586,717,33.79,-118.052
SLI,2020,12,0.03551912568306011,0.09893553444571564,732,33.79,-118.052
SLI,2021,3,0.03673469387755102,0.04733652476392919,735,33.79,-118.052
SLI,2021,4,0.01825842696629213,0.04107927119982222,712,33.79,-118.052
SLI,2021,5,0.01641586867305061,0.03302444563277289,731,33.79,-118.052
SLI,2021,6,0.0546218487394958,0.03694681353713013,714,33.79,-118.052
SLI,2021,7,0.02754820936639118,0.04064984340159292,726,33.79,-118.052
SLI,2021,8,0.04172461752433936,0.05281876655889969,719,33.79,-118.052
SLI,2021,9,0.05006954102920723,0.05396955248018426,719,33.79,-118.052
SLI,2021,10,0.05277401894451962,0.07457086214269477,739,33.79,-118.052
SLI,2021,11,0.2928870292887029,0.19168993316975144,717,33.79,-118.052
SLI,2021,12,0.25757575757575757,0.21001124015936695,726,33.79,-118.052
SLI,2022,1,0.11813186813186811,0.13580377615191125,728,33.79,-118.052
SLI,2022,2,0.0029940119760479,0.02798015279173594,668,33.79,-118.052
SLI,2022,3,0.05953991880920163,0.05903481251178393,739,33.79,-118.052
SLI,2022,4,0.0364656381486676,0.03990948096725495,713,33.79,-118.052
SLI,2022,5,0.0108254397834912,0.03274967862731127,739,33.79,-118.052
SLI,2022,6,0.01841359773371104,0.04047243113480387,706,33.79,-118.052
SLI,2022,7,0.07661290322580645,0.03935551489299722,744,33.79,-118.052
SLI,2022,8,0.01790633608815427,0.04307234597522619,726,33.79,-118.052
SLI,2022,10,0.03703703703703703,0.08227580886050954,729,33.79,-118.052
SLI,2022,11,0.06039325842696629,0.09806301330669916,712,33.79,-118.052
SLI,2022,12,0.13593539703903096,0.17092604990460852,743,33.79,-118.052
SLI,2023,1,0.15683453237410072,0.13951746097272513,695,33.79,-118.052
SLI,2023,2,0.03726708074534161,0.04439834197158586,644,33.79,-118.052
SLI,2023,3,0.13728129205921938,0.10506779837290756,743,33.79,-118.052
SLI,2023,4,0.07649513212795549,0.05637742821124294,719,33.79,-118.052
SLI,2023,5,0.05810810810810811,0.03949302919319885,740,33.79,-118.052
SLI,2023,6,0.03641456582633053,0.03729601702316842,714,33.79,-118.052
SLI,2023,7,0.0945945945945946,0.04503420627253579,740,33.79,-118.052
SLI,2023,8,0.06105834464043419,0.0804465627681171,737,33.79,-118.052
SLI,2023,9,0.03253182461103253,0.06188914190494649,707,33.79,-118.052
SLI,2023,10,0.10931174089068826,0.1040886729352696,741,33.79,-118.052
SLI,2023,11,0.05099150141643059,0.11799463615741464,706,33.79,-118.052
SLI,2023,12,0.09849521203830368,0.20851974525736972,731,33.79,-118.052
SLI,2024,1,0.1346938775510204,0.1860591028882695,735,33.79,-118.052
SLI,2024,2,0.17485549132947978,0.13987140499966524,692,33.79,-118.052
SLI,2024,3,0.06906077348066299,0.08330944311650716,724,33.79,-118.052
SLI,2024,4,0.1211699164345404,0.06006355148548668,718,33.79,-118.052
SLI,2024,5,0.06858710562414266,0.03183595469874555,729,33.79,-118.052
SLI,2024,6,0.09305555555555556,0.03533152999569143,720,33.79,-118.052
SLI,2024,7,0.18503401360544217,0.0435769061730782,735,33.79,-118.052
SLI,2024,8,0.11444141689373297,0.06061155436408555,734,33.79,-118.052
SLI,2024,9,0.1404728789986092,0.05851919248487453,719,33.79,-118.052
SLI,2024,10,0.27860026917900405,0.10822526586672704,743,33.79,-118.052
SLI,2024,11,0.125,0.14162475543957884,712,33.79,-118.052
SLI,2024,12,0.3136966126656848,0.24865882850532017,679,33.79,-118.052
SMX,2019,1,0.16532258064516128,0.10708351610622265,744,34.9,-120.45
SMX,2019,2,0.08968609865470852,0.05257296897610578,669,34.9,-120.45
SMX,2019,3,0.09959623149394348,0.05050462812620462,743,34.9,-120.45
SMX,2019,4,0.3263888888888889,0.05507742549406148,720,34.9,-120.45
SMX,2019,5,0.19623655913978497,0.06071726023765363,744,34.9,-120.45
SMX,2019,6,0.19914651493598864,0.05934088630967877,703,34.9,-120.45
SMX,2019,7,0.3844086021505376,0.05998660931664795,744,34.9,-120.45
SMX,2019,8,0.30364372469635625,0.07654858364222672,741,34.9,-120.45
SMX,2019,9,0.2141863699582754,0.05207480070516826,719,34.9,-120.45
SMX,2019,10,0.1129032258064516,0.02004456545852574,744,34.9,-120.45
SMX,2019,11,0.20641562064156208,0.0791934258581382,717,34.9,-120.45
SMX,2019,12,0.180349932705249,0.09512617302582782,743,34.9,-120.45
SMX,2020,1,0.09543010752688172,0.05496263448088221,744,34.9,-120.45
SMX,2020,2,0.14511494252873564,0.02719302273526573,696,34.9,-120.45
SMX,2020,3,0.0955585464333782,0.05046880015292614,743,34.9,-120.45
SMX,2020,4,0.16666666666666666,0.04362873301124313,720,34.9,-120.45
SMX,2020,5,0.1532258064516129,0.04060036258804308,744,34.9,-120.45
SMX,2020,6,0.20277777777777775,0.04693991947736893,720,34.9,-120.45
SMX,2020,7,0.31451612903225806,0.06228843624445412,744,34.9,-120.45
SMX,2020,8,0.24865591397849465,0.05608149939046782,744,34.9,-120.45
SMX,2020,9,0.38055555555555554,0.06280064852795385,720,34.9,-120.45
SMX,2020,10,0.19086021505376344,0.05476549941038484,744,34.9,-120.45
SMX,2020,11,0.10724233983286909,0.0371730050618131,718,34.9,-120.45
SMX,2020,12,0.13997308209959622,0.05361844333868341,743,34.9,-120.45
SMX,2021,1,0.15591397849462366,0.07353913821714582,744,34.9,-120.45
SMX,2021,2,0.1324404761904762,0.0280775077483537,672,34.9,-120.45
SMX,2021,3,0.07008086253369272,0.03309507173013126,742,34.9,-120.45
SMX,2021,4,0.2513888888888889,0.03235466718643026,720,34.9,-120.45
SMX,2021,5,0.28225806451612906,0.04410280030493117,744,34.9,-120.45
SMX,2021,6,0.1875,0.05491260606036035,720,34.9,-120.45
SMX,2021,7,0.31586021505376344,0.06674825227579367,744,34.9,-120.45
SMX,2021,8,0.34543010752688175,0.07892129800400917,744,34.9,-120.45
SMX,2021,9,0.36022253129346316,0.07924479766549052,719,34.9,-120.45
SMX,2021,10,0.1854838709677419,0.05010463463931661,744,34.9,-120.45
SMX,2021,11,0.16852367688022285,0.07297706039356049,718,34.9,-120.45
SMX,2021,12,0.1760752688172043,0.13051201831880366,744,34.9,-120.45
SMX,2022,1,0.1129032258064516,0.0557335639921866,744,34.9,-120.45
SMX,2022,2,0.05952380952380952,0.01479394539094138,672,34.9,-120.45
SMX,2022,3,0.15881561238223418,0.03389475290993902,743,34.9,-120.45
SMX,2022,4,0.17246175243393602,0.02909747687205253,719,34.9,-120.45
SMX,2022,5,0.25268817204301075,0.0299880090589877,744,34.9,-120.45
SMX,2022,6,0.25833333333333336,0.03710709700499536,720,34.9,-120.45
SMX,2022,7,0.1881720430107527,0.06460427519902218,744,34.9,-120.45
SMX,2022,8,0.23655913978494625,0.06863395277577856,744,34.9,-120.45
SMX,2022,9,0.2361111111111111,0.06071208450232287,720,34.9,-120.45
SMX,2022,10,0.276566757493188,0.07131112289844982,734,34.9,-120.45
SMX,2022,11,0.03781512605042016,0.04845342922440107,714,34.9,-120.45
SMX,2022,12,0.1989100817438692,0.13399883053333428,734,34.9,-120.45
SMX,2023,1,0.13019390581717452,0.08597037548198008,722,34.9,-120.45
SMX,2023,2,0.0819423368740516,0.03603549184602348,659,34.9,-120.45
SMX,2023,3,0.12602739726027398,0.07492468727016834,730,34.9,-120.45
SMX,2023,4,0.24444444444444444,0.03450206475220568,720,34.9,-120.45
SMX,2023,5,0.19623655913978497,0.0607112830990664,744,34.9,-120.45
SMX,2023,6,0.1571627260083449,0.06286203118284057,719,34.9,-120.45
SMX,2023,7,0.32570659488559894,0.06341275272148864,743,34.9,-120.45
SMX,2023,8,0.3239247311827957,0.07022821639252372,744,34.9,-120.45
SMX,2023,9,0.2638888888888889,0.0773133176164706,720,34.9,-120.45
SMX,2023,10,0.1854838709677419,0.05122042796348303,744,34.9,-120.45
SMX,2023,11,0.06694560669456066,0.05855465915927652,717,34.9,-120.45
SMX,2023,12,0.12113055181695828,0.10204286555121876,743,34.9,-120.45
SMX,2024,1,0.13648648648648648,0.08342029395544495,740,34.9,-120.45
SMX,2024,2,0.09913793103448276,0.07478308021382614,696,34.9,-120.45
SMX,2024,3,0.09959623149394348,0.04956588918310407,743,34.9,-120.45
SMX,2024,4,0.18219749652294853,0.04124829940572643,719,34.9,-120.45
SMX,2024,5,0.23521505376344087,0.04865256355909549,744,34.9,-120.45
SMX,2024,6,0.3402777777777778,0.05642206863015496,720,34.9,-120.45
SMX,2024,7,0.28360215053763443,0.0690514194789394,744,34.9,-120.45
SMX,2024,8,0.2691790040376851,0.0663647860277754,743,34.9,-120.45
SMX,2024,9,0.2875,0.07528822028116244,720,34.9,-120.45
SMX,2024,10,0.26522327469553453,0.06801707202409103,739,34.9,-120.45
SMX,2024,11,0.09610027855153204,0.07013395549581103,718,34.9,-120.45
SMX,2024,12,0.2317241379310345,0.10237027987881872,725,34.9,-120.45
SUU,2019,1,0.19973009446693657,0.26544462125475626,741,38.2627,-121.9275
SUU,2019,2,0.07004470938897168,0.1165462872574218,671,38.2627,-121.9275
SUU,2019,3,0.03988995873452544,0.08607707482837394,727,38.2627,-121.9275
SUU,2019,4,0.00699300699300699,0.052136565076238,715,38.2627,-121.9275
SUU,2019,5,0.01362397820163487,0.04344990226320038,734,38.2627,-121.9275
SUU,2019,6,0,0.0143819764708682,707,38.2627,-121.9275
SUU,2019,7,0,0.01877263097566705,736,38.2627,-121.9275
SUU,2019,8,0,0.02303321718896614,741,38.2627,-121.9275
SUU,2019,9,0,0.02727307474526366,713,38.2627,-121.9275
SUU,2019,10,0.00136798905608755,0.02285723228302952,731,38.2627,-121.9275
SUU,2019,11,0.02237762237762237,0.14154170413111403,715,38.2627,-121.9275
SUU,2019,12,0.31029810298102983,0.30720824558695653,738,38.2627,-121.9275
SUU,2020,1,0.21997300944669365,0.2781144796013977,741,38.2627,-121.9275
SUU,2020,2,0.04796511627906977,0.05317241390475244,688,38.2627,-121.9275
SUU,2020,3,0.01219512195121951,0.05038527628785119,738,38.2627,-121.9275
SUU,2020,4,0.01256983240223463,0.03838941585543519,716,38.2627,-121.9275
SUU,2020,5,0.0081081081081081,0.02498274900183144,740,38.2627,-121.9275
SUU,2020,6,0,0.01000437349300604,718,38.2627,-121.9275
SUU,2020,7,0,0.0173096430368218,737,38.2627,-121.9275
SUU,2020,8,0.00143266475644699,0.01631580742064193,698,38.2627,-121.9275
SUU,2020,9,0.00840336134453781,0.02975969572450409,714,38.2627,-121.9275
SUU,2020,10,0,0.03802739880328636,742,38.2627,-121.9275
SUU,2020,11,0.01820728291316526,0.12935133002099594,714,38.2627,-121.9275
SUU,2020,12,0.1527027027027027,0.1969852672067588,740,38.2627,-121.9275
SUU,2021,1,0.21448087431693988,0.2512071562622107,732,38.2627,-121.9275
SUU,2021,2,0.02907915993537964,0.05806739222339604,619,38.2627,-121.9275
SUU,2021,3,0.0067750677506775,0.03793015553245574,738,38.2627,-121.9275
SUU,2021,4,0,0.01758744167820184,703,38.2627,-121.9275
SUU,2021,5,0,0.01083489216377893,723,38.2627,-121.9275
SUU,2021,6,0,0.01202346790470737,706,38.2627,-121.9275
SUU,2021,7,0,0.02124586925653462,740,38.2627,-121.9275
SUU,2021,8,0,0.0267769270834581,727,38.2627,-121.9275
SUU,2021,9,0,0.02972868003934267,707,38.2627,-121.9275
SUU,2021,10,0.07891156462585033,0.08691772163141534,735,38.2627,-121.9275
SUU,2021,11,0.3202797202797203,0.25028833123801864,715,38.2627,-121.9275
SUU,2021,12,0.39620081411126185,0.32296526751134635,737,38.2627,-121.9275
SUU,2022,1,0.25546448087431695,0.2508959975731589,732,38.2627,-121.9275
SUU,2022,2,0.02111613876319758,0.03239498592305433,663,38.2627,-121.9275
SUU,2022,3,0.00687757909215955,0.04440881918349066,727,38.2627,-121.9275
SUU,2022,4,0.00284900284900284,0.02956322335114744,702,38.2627,-121.9275
SUU,2022,5,0,0.01169315720256046,739,38.2627,-121.9275
SUU,2022,6,0.0028169014084507,0.01065118383261633,710,38.2627,-121.9275
SUU,2022,7,0,0.02326387796481481,743,38.2627,-121.9275
SUU,2022,8,0,0.02886033131663176,741,38.2627,-121.9275
SUU,2022,9,0.00431654676258992,0.03866773672635368,695,38.2627,-121.9275
SUU,2022,10,0.00409276944065484,0.06025824728368927,733,38.2627,-121.9275
SUU,2022,11,0.00979020979020979,0.11687134260132408,715,38.2627,-121.9275
SUU,2022,12,0.3733153638814016,0.3538320986364349,742,38.2627,-121.9275
SUU,2023,1,0.1224764468371467,0.20261487051493385,743,38.2627,-121.9275
SUU,2023,2,0.03686635944700461,0.0839330274676442,651,38.2627,-121.9275
SUU,2023,3,0.05675675675675676,0.10050719738948036,740,38.2627,-121.9275
SUU,2023,4,0.00557880055788005,0.03334321834992757,717,38.2627,-121.9275
SUU,2023,5,0.00135685210312075,0.04260026538477367,737,38.2627,-121.9275
SUU,2023,6,0,0.02363393624189961,707,38.2627,-121.9275
SUU,2023,7,0,0.02064400440734855,738,38.2627,-121.9275
SUU,2023,8,0,0.02430081710476567,737,38.2627,-121.9275
SUU,2023,9,0,0.04486797076694709,701,38.2627,-121.9275
SUU,2023,10,0.01917808219178082,0.05597715877313274,730,38.2627,-121.9275
SUU,2023,11,0.01137980085348506,0.12287343206964034,703,38.2627,-121.9275
SUU,2023,12,0.1771978021978022,0.3062686100158515,728,38.2627,-121.9275
SUU,2024,1,0.2395128552097429,0.29668715975595966,739,38.2627,-121.9275
SUU,2024,2,0.07342143906020558,0.1198800153988537,681,38.2627,-121.9275
SUU,2024,3,0.01917808219178082,0.06538674726899177,730,38.2627,-121.9275
SUU,2024,4,0.00974930362116991,0.05364068725745192,718,38.2627,-121.9275
SUU,2024,5,0.00683994528043775,0.02282376022788533,731,38.2627,-121.9275
SUU,2024,6,0,0.01089418538077191,718,38.2627,-121.9275
SUU,2024,7,0,0.01468493728312398,739,38.2627,-121.9275
SUU,2024,8,0,0.02044753694676713,736,38.2627,-121.9275
SUU,2024,9,0,0.03777371891045146,718,38.2627,-121.9275
SUU,2024,10,0.00269905533063427,0.04569867104320865,741,38.2627,-121.9275
SUU,2024,11,0.12167832167832168,0.16210873417598085,715,38.2627,-121.9275
SUU,2024,12,0.38055555555555554,0.30396989522982315,720,38.2627,-121.9275
SVE,2019,1,0.06500691562932227,0.1747710629609858,723,40.3757,-120.5727
SVE,2019,3,0.05135135135135135,0.06791099727963688,740,40.3757,-120.5727
SVE,2019,4,0.00138888888888888,0.04185033612391394,720,40.3757,-120.5727
SVE,2019,5,0.00539083557951482,0.02317930171324157,742,40.3757,-120.5727
SVE,2019,6,0,0.00575905719030138,666,40.3757,-120.5727
SVE,2019,7,0,0.00318136102553389,744,40.3757,-120.5727
SVE,2019,8,0,0.00551276121072172,741,40.3757,-120.5727
SVE,2019,9,0.00278164116828929,0.01870554817787025,719,40.3757,-120.5727
SVE,2019,10,0,0.01681042321306822,731,40.3757,-120.5727
SVE,2019,11,0.00417827298050139,0.05161441876617624,718,40.3757,-120.5727
SVE,2019,12,0.149025069637883,0.2593388247948247,718,40.3757,-120.5727
SVE,2020,1,0.01398601398601398,0.13589263172529134,715,40.3757,-120.5727
SVE,2020,3,0.0206043956043956,0.040159173399578633,728,40.3757,-120.5727
SVE,2020,5,0,0.01110331020216811,743,40.3757,-120.5727
SVE,2020,6,0,0.00434702678815262,720,40.3757,-120.5727
SVE,2021,1,0.03108108108108108,0.15102238472614624,740,40.3757,-120.5727
SVE,2021,2,0.00297619047619047,0.05295366646123897,672,40.3757,-120.5727
SVE,2021,3,0.00539811066126855,0.02086482501456021,741,40.3757,-120.5727
SVE,2021,4,0,0.00668344922958101,715,40.3757,-120.5727
SVE,2021,5,0.00137741046831955,0.00536695614199987,726,40.3757,-120.5727
SVE,2021,8,0.00136612021857923,0.00221975720306514,732,40.3757,-120.5727
SVE,2022,5,0.00539811066126855,0.00792302926446603,741,40.3757,-120.5727
SVE,2022,6,0,0.00468729317581019,712,40.3757,-120.5727
SVE,2022,8,0,0.00395382743282948,743,40.3757,-120.5727
SVE,2022,9,0.00418410041841004,0.01352913727673529,717,40.3757,-120.5727
SVE,2022,10,0,0.00949644210041125,743,40.3757,-120.5727
SVE,2022,11,0.03304597701149425,0.09329717917021817,696,40.3757,-120.5727
SVE,2023,1,0.06486486486486487,0.15763780783460482,740,40.3757,-120.5727
SVE,2023,2,0.02083333333333333,0.05051697290278866,672,40.3757,-120.5727
SVE,2023,3,0.04189189189189189,0.05870596011169803,740,40.3757,-120.5727
SVE,2023,4,0.00277777777777777,0.0253634320740008,720,40.3757,-120.5727
SVE,2023,5,0.00135135135135135,0.02131745061793226,740,40.3757,-120.5727
SVE,2023,6,0.00278164116828929,0.01429004645847895,719,40.3757,-120.5727
SVE,2023,7,0,0.00147555400780159,744,40.3757,-120.5727
SVE,2023,8,0,0.00875257225063742,743,40.3757,-120.5727
SVE,2023,9,0.01111111111111111,0.01881260088432271,720,40.3757,-120.5727
SVE,2023,10,0,0.01498706272145581,741,40.3757,-120.5727
SVE,2023,11,0.04189944134078212,0.05605222348981366,716,40.3757,-120.5727
SVE,2023,12,0.14150943396226415,0.1559537256403015,742,40.3757,-120.5727
SVE,2024,1,0.06191117092866756,0.17720481384303277,743,40.3757,-120.5727
SVE,2024,2,0.05094614264919941,0.08416180032707106,687,40.3757,-120.5727
SVE,2024,3,0.01756954612005856,0.04269434060290132,683,40.3757,-120.5727
TQS,2024,3,0.09269662921348316,0.0652704087371185,712,34.636,-120.6161
TQS,2024,9,0.324822695035461,0.10893592762762276,705,34.636,-120.6161
TQS,2024,10,0.29379310344827586,0.12870584156259773,725,34.636,-120.6161
TQS,2024,11,0.05932203389830508,0.1079418569293602,708,34.636,-120.6161
TVL,2019,1,0.15591397849462366,0.13778345898420252,744,38.8939,-119.9953
TVL,2019,2,0.3844984802431611,0.09554233759612885,658,38.8939,-119.9953
TVL,2019,3,0.17092866756393002,0.06414726985614058,743,38.8939,-119.9953
TVL,2019,4,0.05586592178770949,0.04976698253122877,716,38.8939,-119.9953
TVL,2019,5,0.06989247311827956,0.06992783152389881,744,38.8939,-119.9953
TVL,2019,6,0,0.02733086899494946,718,38.8939,-119.9953
TVL,2019,7,0,0.01281444900689784,744,38.8939,-119.9953
TVL,2019,8,0,0.01291832190935409,744,38.8939,-119.9953
TVL,2019,9,0.01675977653631285,0.02076129286958656,716,38.8939,-119.9953
TVL,2019,10,0,0.01741885864918343,742,38.8939,-119.9953
TVL,2019,11,0.08926080892608089,0.05463882925135936,717,38.8939,-119.9953
TVL,2019,12,0.2217453505007153,0.1874556010828834,699,38.8939,-119.9953
TVL,2020,1,0.06048387096774194,0.1049870262427645,744,38.8939,-119.9953
TVL,2020,2,0.02453102453102453,0.02828939650921434,693,38.8939,-119.9953
TVL,2020,3,0.16150740242261102,0.05870247712193861,743,38.8939,-119.9953
TVL,2020,4,0.08926080892608089,0.04992754847823913,717,38.8939,-119.9953
TVL,2020,5,0.02702702702702703,0.04080547201028069,740,38.8939,-119.9953
TVL,2020,6,0.00833333333333333,0.01582778656966496,720,38.8939,-119.9953
TVL,2020,7,0,0.0104715159325211,744,38.8939,-119.9953
TVL,2020,8,0.00807537012113055,0.01508553064021512,743,38.8939,-119.9953
TVL,2020,9,0.00558659217877095,0.00875399884390721,716,38.8939,-119.9953
TVL,2020,10,0,0.00968886407820954,744,38.8939,-119.9953
TVL,2020,11,0.04874651810584958,0.09089356350351624,718,38.8939,-119.9953
TVL,2020,12,0.07951482479784366,0.11720241776976958,742,38.8939,-119.9953
TVL,2021,1,0.09959623149394348,0.12002182034099772,743,38.8939,-119.9953
TVL,2021,2,0.06547619047619048,0.05604202531765866,672,38.8939,-119.9953
TVL,2021,3,0.05263157894736842,0.03701197586826966,741,38.8939,-119.9953
TVL,2021,4,0.03138373751783167,0.02587940568733459,701,38.8939,-119.9953
TVL,2021,5,0.02997275204359673,0.02352781838454009,734,38.8939,-119.9953
TVL,2021,6,0,0.00740526162051703,693,38.8939,-119.9953
TVL,2022,1,0.01478494623655914,0.09037068082219402,744,38.8939,-119.9953
TVL,2022,2,0.0208955223880597,0.03144781896516156,670,38.8939,-119.9953
TVL,2022,3,0.0215343203230148,0.04019693872155209,743,38.8939,-119.9953
TVL,2022,4,0.06944444444444445,0.04066825788750197,720,38.8939,-119.9953
TVL,2022,5,0.03274215552523874,0.02531575904290624,733,38.8939,-119.9953
TVL,2022,7,0,0.00867541614543926,740,38.8939,-119.9953
TVL,2022,8,0.0081190798376184,0.01610152745615373,739,38.8939,-119.9953
TVL,2022,9,0.03198887343532684,0.02220370291211493,719,38.8939,-119.9953
TVL,2022,10,0.00134589502018842,0.01590368387675995,743,38.8939,-119.9953
TVL,2022,11,0.0967741935483871,0.11181877005678612,713,38.8939,-119.9953
TVL,2022,12,0.35661218424962854,0.18455583902425485,673,38.8939,-119.9953
TVL,2023,3,0.2601078167115903,0.07286889873589852,742,38.8939,-119.9953
TVL,2023,4,0.01666666666666666,0.03432765313214191,720,38.8939,-119.9953
TVL,2023,5,0.06048387096774194,0.07348922980515349,744,38.8939,-119.9953
TVL,2023,6,0.01388888888888888,0.05545561975620204,720,38.8939,-119.9953
TVL,2023,7,0,0.00638642292520512,744,38.8939,-119.9953
TVL,2023,8,0.00680272108843537,0.02442767236543897,735,38.8939,-119.9953
TVL,2023,9,0.0125173852573018,0.03647808423083423,719,38.8939,-119.9953
TVL,2023,10,0.00403225806451612,0.02651133425500676,744,38.8939,-119.9953
TVL,2023,11,0.04803493449781659,0.08596186415507023,687,38.8939,-119.9953
TVL,2023,12,0.08985507246376812,0.148613412949592,690,38.8939,-119.9953
TVL,2024,1,0.1129032258064516,0.14809325133858206,744,38.8939,-119.9953
TVL,2024,2,0.18397626112759644,0.07992581527801122,674,38.8939,-119.9953
TVL,2024,3,0.1659919028340081,0.06091841848784387,741,38.8939,-119.9953
TVL,2024,4,0.03333333333333333,0.04716051836747502,720,38.8939,-119.9953
TVL,2024,5,0.0161507402422611,0.03526900797394824,743,38.8939,-119.9953
TVL,2024,6,0.00277777777777777,0.01208085140107969,720,38.8939,-119.9953
TVL,2024,7,0.00134408602150537,0.00708924249722539,744,38.8939,-119.9953
TVL,2024,8,0.00269541778975741,0.01043837190990964,742,38.8939,-119.9953
TVL,2024,9,0.01111111111111111,0.01471819454810799,720,38.8939,-119.9953
TVL,2024,10,0.02419354838709677,0.01802025253310931,744,38.8939,-119.9953
TVL,2024,11,0.09243697478991596,0.10189118249794808,714,38.8939,-119.9953
TVL,2024,12,0.18342391304347827,0.14506681298130014,736,38.8939,-119.9953
VCV,2021,11,0,0.00613080418436356,709,34.5975,-117.383
VCV,2021,12,0.03494623655913978,0.04886396559932067,744,34.5975,-117.383
VCV,2022,1,0.01075268817204301,0.02042550041213047,744,34.5975,-117.383
VCV,2022,2,0.0029806259314456,0.00248354586283571,671,34.5975,-117.383
VCV,2022,3,0.00276243093922651,0.00265232294206386,724,34.5975,-117.383
VCV,2022,4,0.00870827285921625,0.00221575435480839,689,34.5975,-117.383
VCV,2022,5,0,7.699884270505565e-4,742,34.5975,-117.383
VCV,2022,8,0,5.165154503284343e-4,744,34.5975,-117.383
VCV,2022,9,0.00138888888888888,0.00292710347183165,720,34.5975,-117.383
VCV,2022,10,0.00134589502018842,0.00383990791094104,743,34.5975,-117.383
VCV,2022,11,0.01532033426183844,0.01193791346888695,718,34.5975,-117.383
VCV,2022,12,0.03401360544217687,0.04506538904977202,735,34.5975,-117.383
VCV,2023,1,0.01955307262569832,0.04924408885905442,716,34.5975,-117.383
VCV,2023,2,0.02402402402402402,0.01321318411944671,666,34.5975,-117.383
VCV,2023,3,0.03504043126684636,0.01810196640470922,742,34.5975,-117.383
VCV,2023,4,0,0.00329464865869362,720,34.5975,-117.383
VCV,2023,5,0.00412654745529573,0.00320091711284169,727,34.5975,-117.383
VCV,2023,6,0,0.00214770069274117,720,34.5975,-117.383
VCV,2023,11,0.0157819225251076,0.01494642312360783,697,34.5975,-117.383
VCV,2024,2,0.10029498525073746,0.0327625149464883,678,34.5975,-117.383
VCV,2024,3,0.0221606648199446,0.01252701774785724,722,34.5975,-117.383
VCV,2024,4,0.00695410292072322,0.00488573378538374,719,34.5975,-117.383
VCV,2024,5,0,0.00178220574543516,735,34.5975,-117.383
VCV,2024,6,0,6.968389103465767e-4,718,34.5975,-117.383
VCV,2024,7,0,2.3376892588162837e-4,727,34.5975,-117.383
VCV,2024,8,0,4.6351040062162993e-4,738,34.5975,-117.383
VCV,2024,10,0,9.82396897479356e-4,737,34.5975,-117.383
VCV,2024,11,0,0.01136703599665031,672,34.5975,-117.383
VCV,2024,12,0,0.01094977515905807,709,34.5975,-117.383
