station,year_local,month_local,obs_freq,pred_freq,n,latitude,longitude
APC,2020,7,0.00831024930747922,0.07285640607194346,722,38.2075,-122.2804
APC,2020,8,0.04736129905277402,0.06321778892586334,739,38.2075,-122.2804
APC,2020,9,0.13649025069637882,0.08134642050376055,718,38.2075,-122.2804
APC,2020,10,0.06284153005464481,0.08067500894691375,732,38.2075,-122.2804
APC,2020,11,0.09612625538020086,0.12437739078404791,697,38.2075,-122.2804
APC,2020,12,0.16307277628032346,0.15897817462680772,742,38.2075,-122.2804
APC,2021,1,0.23149394347240915,0.2378031115966466,743,38.2075,-122.2804
APC,2021,2,0.13095238095238096,0.1157209068124999,672,38.2075,-122.2804
APC,2021,3,0.06043956043956044,0.08156411024656962,728,38.2075,-122.2804
APC,2021,4,0.04142857142857142,0.06342919598386268,700,38.2075,-122.2804
APC,2021,5,0.00806451612903225,0.04704880515582049,744,38.2075,-122.2804
APC,2021,6,0.00277777777777777,0.05730873689750464,720,38.2075,-122.2804
APC,2022,1,0.19623655913978497,0.2207860120462872,744,38.2075,-122.2804
APC,2022,2,0.0431547619047619,0.0764384893824302,672,38.2075,-122.2804
APC,2022,3,0.06010928961748633,0.10458831921295722,732,38.2075,-122.2804
APC,2022,4,0.05285118219749652,0.08145012359735712,719,38.2075,-122.2804
APC,2022,5,0.00940860215053763,0.04510589968798566,744,38.2075,-122.2804
APC,2022,6,0.01388888888888888,0.05086527867965247,720,38.2075,-122.2804
APC,2022,7,0.00269179004037685,0.08191761863211076,743,38.2075,-122.2804
APC,2022,8,0.00807537012113055,0.08920191242386565,743,38.2075,-122.2804
APC,2022,9,0.03059805285118219,0.10357772952601262,719,38.2075,-122.2804
APC,2022,10,0.1196236559139785,0.118063029454577,744,38.2075,-122.2804
APC,2022,11,0.04513399153737658,0.11534718930335744,709,38.2075,-122.2804
APC,2022,12,0.2543741588156124,0.3112703642424722,743,38.2075,-122.2804
APC,2023,1,0.08071135430916553,0.20124865804677733,731,38.2075,-122.2804
APC,2023,2,0.0499194847020934,0.1463693771505929,621,38.2075,-122.2804
APC,2023,3,0.07894736842105263,0.17815852349402356,722,38.2075,-122.2804
APC,2023,5,0.03072625698324022,0.0982986602158092,716,38.2075,-122.2804
APC,2023,6,0.00145772594752186,0.07830666238699976,686,38.2075,-122.2804
APC,2023,7,0.00818553888130968,0.07274115277814161,733,38.2075,-122.2804
APC,2023,8,0.02419354838709677,0.08408218265833232,744,38.2075,-122.2804
APC,2023,9,0.04305555555555555,0.11348285862168216,720,38.2075,-122.2804
APC,2023,10,0.06586021505376344,0.10185015400271578,744,38.2075,-122.2804
APC,2023,11,0.03760445682451253,0.12832585556213716,718,38.2075,-122.2804
APC,2023,12,0.21505376344086025,0.2947177015841123,744,38.2075,-122.2804
APC,2024,1,0.2446236559139785,0.29428255310758966,744,38.2075,-122.2804
APC,2024,2,0.10919540229885058,0.2163134969993608,696,38.2075,-122.2804
APC,2024,3,0.06351351351351352,0.14208662017772947,740,38.2075,-122.2804
APC,2024,4,0.03516174402250351,0.10837577993701056,711,38.2075,-122.2804
APC,2024,5,0.01478494623655914,0.06863396285864319,744,38.2075,-122.2804
APC,2024,6,0.00833333333333333,0.05175053956523608,720,38.2075,-122.2804
BAB,2019,1,0.1445945945945946,0.1796707798267318,740,39.1361,-121.4366
BAB,2019,2,0.14393939393939395,0.13329144397312562,660,39.1361,-121.4366
BAB,2019,3,0.0755813953488372,0.10800528271032264,688,39.1361,-121.4366
BAB,2019,4,0.00985915492957746,0.06028419075481007,710,39.1361,-121.4366
BAB,2019,5,0.04275862068965517,0.05850747513597031,725,39.1361,-121.4366
BAB,2019,6,0.00299850074962518,0.01322668316016904,667,39.1361,-121.4366
BAB,2019,7,0,0.00678463648834019,729,39.1361,-121.4366
BAB,2019,8,0,0.00748434894649082,733,39.1361,-121.4366
BAB,2019,9,0.00283687943262411,0.02418268399730898,705,39.1361,-121.4366
BAB,2019,10,0,0.01312192987106507,729,39.1361,-121.4366
BAB,2019,11,0.01836158192090395,0.05352463877073589,708,39.1361,-121.4366
BAB,2019,12,0.27755102040816326,0.20567680612601155,735,39.1361,-121.4366
BAB,2020,7,0,0.00504248366013071,731,39.1361,-121.4366
BAB,2020,8,0,0.00547463514737409,733,39.1361,-121.4366
BAB,2020,9,0,0.011211103362777,717,39.1361,-121.4366
BAB,2020,10,0.00544217687074829,0.0137729794103288,735,39.1361,-121.4366
BAB,2020,11,0.05857740585774058,0.07486184630111022,717,39.1361,-121.4366
BAB,2020,12,0.15633423180592992,0.13134962722319066,742,39.1361,-121.4366
BAB,2021,1,0.17479674796747968,0.14708530400940936,738,39.1361,-121.4366
BAB,2021,2,0.03889789303079417,0.06754861261100095,617,39.1361,-121.4366
BAB,2021,3,0.02702702702702703,0.04514298910083145,740,39.1361,-121.4366
BAB,2021,4,0.00568990042674253,0.01637225085979334,703,39.1361,-121.4366
BAB,2021,6,0,0.00524086330935251,695,39.1361,-121.4366
BAB,2021,7,0,0.00535146443514644,717,39.1361,-121.4366
BAB,2021,8,0,0.00712451587258547,717,39.1361,-121.4366
BAB,2021,9,0,0.01688363222950908,716,39.1361,-121.4366
BAB,2021,10,0.08748317631224764,0.0805174641063052,743,39.1361,-121.4366
BAB,2021,11,0.2510460251046025,0.17044429557127633,717,39.1361,-121.4366
BAB,2021,12,0.39295392953929537,0.2530006709595589,738,39.1361,-121.4366
BAB,2023,1,0.12113055181695828,0.15299561647654963,743,39.1361,-121.4366
BAB,2023,2,0.06748466257668712,0.09304040919936778,652,39.1361,-121.4366
BAB,2023,3,0.07837837837837838,0.12301330584324718,740,39.1361,-121.4366
BAB,2023,4,0.0088235294117647,0.03340060478629666,680,39.1361,-121.4366
BAB,2023,5,0.03108108108108108,0.03225654672115012,740,39.1361,-121.4366
BAB,2023,6,0,0.0155310177931813,708,39.1361,-121.4366
BAB,2023,7,0,0.00684341507720254,734,39.1361,-121.4366
BAB,2023,8,0,0.01003872899991113,734,39.1361,-121.4366
BAB,2023,9,0.01308139534883721,0.02482252616534403,688,39.1361,-121.4366
BAB,2023,10,0.03287671232876712,0.03840826492714633,730,39.1361,-121.4366
BAB,2023,11,0.03816793893129771,0.08046444646056487,655,39.1361,-121.4366
BAB,2023,12,0.10818307905686546,0.17945152132619188,721,39.1361,-121.4366
BAB,2024,1,0.16361071932299012,0.21790448549149055,709,39.1361,-121.4366
BAB,2024,2,0.05128205128205128,0.12904648107631553,663,39.1361,-121.4366
BAB,2024,3,0.02635431918008785,0.07903383755716469,683,39.1361,-121.4366
BAB,2024,4,0.01004304160688665,0.04874321863679572,697,39.1361,-121.4366
BAB,2024,5,0.01379310344827586,0.02397725283641414,725,39.1361,-121.4366
BAB,2024,6,0,0.00693820120537783,719,39.1361,-121.4366
BLH,2019,1,0.04371584699453552,0.13854210575321663,732,33.6192,-114.7169
BLH,2019,2,0.00303951367781155,0.04637967713599113,658,33.6192,-114.7169
BLH,2019,3,0.00291970802919708,0.02448793571838175,685,33.6192,-114.7169
BLH,2019,4,0.00142450142450142,0.01077571083506945,702,33.6192,-114.7169
BLH,2019,5,0,0.0090853275225253,714,33.6192,-114.7169
BLH,2019,6,0,0.00361741363211951,714,33.6192,-114.7169
BLH,2020,1,0,0.07490095023334235,727,33.6192,-114.7169
BLH,2020,2,0.00150602409638554,0.02934666174006275,664,33.6192,-114.7169
BLH,2020,3,0.02374301675977653,0.05058006823373788,716,33.6192,-114.7169
BLH,2020,4,0.00418410041841004,0.01649028911686145,717,33.6192,-114.7169
BLH,2020,5,0,0.00424330175913396,739,33.6192,-114.7169
BLH,2020,7,0,0.00396897038081805,709,33.6192,-114.7169
BLH,2020,9,0,0.00696581581581581,666,33.6192,-114.7169
BLH,2020,10,0,0.01455251867329332,702,33.6192,-114.7169
BLH,2020,11,0,0.04446606266858183,683,33.6192,-114.7169
BLH,2021,1,0.01385041551246537,0.09164571762396329,722,33.6192,-114.7169
BLH,2021,2,0,0.02563563198001593,671,33.6192,-114.7169
BLH,2021,3,0,0.02327991431035114,741,33.6192,-114.7169
BLH,2021,5,0,0.00538166431593794,709,33.6192,-114.7169
BLH,2021,6,0,0.00392496392496392,693,33.6192,-114.7169
BLH,2021,7,0,0.01111579018067029,709,33.6192,-114.7169
BLH,2021,11,0,0.04173296427247776,664,33.6192,-114.7169
BLH,2022,4,0,0.01058704870283817,703,33.6192,-114.7169
BLH,2022,5,0,0.00552792297111416,727,33.6192,-114.7169
BLH,2022,6,0,0.00438613861386138,707,33.6192,-114.7169
BLH,2022,7,0,0.01000558695510946,733,33.6192,-114.7169
BLH,2022,8,0.00688705234159779,0.02025127902400629,726,33.6192,-114.7169
BLH,2022,9,0,0.02176158299013656,706,33.6192,-114.7169
BLH,2022,11,0,0.04810989152301203,684,33.6192,-114.7169
BLH,2022,12,0.01947148817802503,0.13668568671166623,719,33.6192,-114.7169
BLH,2023,2,0,0.03515423871963182,663,33.6192,-114.7169
BLH,2023,6,0,0.00464128928753737,653,33.6192,-114.7169
BLH,2023,7,0,0.00480294117647058,680,33.6192,-114.7169
BLH,2023,10,0,0.01975622322603823,726,33.6192,-114.7169
BLH,2023,11,0,0.06655662603361655,665,33.6192,-114.7169
BLH,2024,1,0.02103786816269284,0.1297201023883028,713,33.6192,-114.7169
BLH,2024,2,0,0.046373151285306,654,33.6192,-114.7169
BLH,2024,4,0,0.01489616806652603,665,33.6192,-114.7169
BLH,2024,5,0,0.00551658633763896,741,33.6192,-114.7169
BLH,2024,6,0,0.00503616133518776,719,33.6192,-114.7169
BLU,2019,1,0.2994579945799458,0.14711146034765388,738,39.275,-120.7097
BLU,2019,2,0.5235204855842185,0.19729488238691625,659,39.275,-120.7097
BLU,2019,3,0.3696551724137931,0.15873617468728454,725,39.275,-120.7097
BLU,2019,4,0.18410041841004185,0.0960851403072178,717,39.275,-120.7097
BLU,2019,5,0.22282608695652173,0.09757440759138168,736,39.275,-120.7097
BLU,2019,6,0.00279720279720279,0.02078887197312716,715,39.275,-120.7097
BLU,2019,7,0,0.00566580111771769,743,39.275,-120.7097
BLU,2019,8,0,0.00943432613258903,744,39.275,-120.7097
BLU,2019,9,0.05694444444444444,0.04361880041781288,720,39.275,-120.7097
BLU,2019,10,0.01542776998597475,0.01653421605416791,713,39.275,-120.7097
BLU,2019,11,0.1,0.05119136949769198,710,39.275,-120.7097
BLU,2019,12,0.32075471698113206,0.1808169645979668,742,39.275,-120.7097
BLU,2020,1,0.28746594005449594,0.14789077141142914,734,39.275,-120.7097
BLU,2020,2,0.01007194244604316,0.0182711868302034,695,39.275,-120.7097
BLU,2020,4,0.16736401673640167,0.07576540409845157,717,39.275,-120.7097
BLU,2020,5,0.17069892473118278,0.0642051356805371,744,39.275,-120.7097
BLU,2020,6,0.00836820083682008,0.0181317907335561,717,39.275,-120.7097
BLU,2020,7,0,0.0047479638275797,744,39.275,-120.7097
BLU,2020,8,0,0.00817164249540359,743,39.275,-120.7097
BLU,2020,9,0,0.00578479645795566,717,39.275,-120.7097
BLU,2020,10,0,0.00622732125013152,730,39.275,-120.7097
BLU,2020,11,0.10614525139664804,0.06140135641667945,716,39.275,-120.7097
BLU,2020,12,0.14016172506738545,0.08545094509307727,742,39.275,-120.7097
BLU,2021,1,0.2271505376344086,0.12054989299403536,744,39.275,-120.7097
BLU,2021,2,0.20833333333333337,0.1004359773097567,672,39.275,-120.7097
BLU,2021,3,0.1864864864864865,0.0739434986851671,740,39.275,-120.7097
BLU,2021,4,0.02222222222222222,0.02640398515315919,720,39.275,-120.7097
BLU,2021,5,0.00672043010752688,0.01494734617428576,744,39.275,-120.7097
BLU,2021,6,0,0.00810493205732013,716,39.275,-120.7097
BLU,2021,7,0,0.00492002751576036,743,39.275,-120.7097
BLU,2021,8,0,0.00474847777645561,741,39.275,-120.7097
BLU,2021,9,0.03064066852367688,0.01703550377297463,718,39.275,-120.7097
BLU,2021,10,0.19623655913978497,0.09277973309808976,744,39.275,-120.7097
BLU,2021,11,0.10474860335195532,0.06378087013113139,716,39.275,-120.7097
BLU,2021,12,0.4215827338129496,0.18855236244765047,695,39.275,-120.7097
BLU,2022,1,0.07537012113055182,0.07551056133575224,743,39.275,-120.7097
BLU,2022,2,0.03422619047619048,0.03046943769649251,672,39.275,-120.7097
BLU,2022,3,0.11185983827493262,0.05361342845299121,742,39.275,-120.7097
BLU,2022,4,0.1904761904761905,0.08148733574241078,714,39.275,-120.7097
BLU,2022,5,0.06048387096774194,0.03380789461328437,744,39.275,-120.7097
BLU,2022,6,0.05578800557880056,0.02936856848254197,717,39.275,-120.7097
BLU,2022,7,0,0.00692259278964001,743,39.275,-120.7097
BLU,2022,8,0.00134952766531713,0.00799718692796121,741,39.275,-120.7097
BLU,2022,9,0.04867872044506258,0.03231013081152902,719,39.275,-120.7097
BLU,2022,10,0.0027027027027027,0.01239501281370494,740,39.275,-120.7097
BLU,2022,11,0.1888111888111888,0.10268757449291836,715,39.275,-120.7097
BLU,2022,12,0.3684210526315789,0.19217233611421844,741,39.275,-120.7097
BLU,2023,1,0.3548387096774194,0.1668070874294399,744,39.275,-120.7097
BLU,2023,2,0.28017883755588674,0.10984105370317725,671,39.275,-120.7097
BLU,2023,3,0.4501347708894879,0.1842457494380568,742,39.275,-120.7097
BLU,2023,4,0.09396914446002803,0.07502368456423729,713,39.275,-120.7097
BLU,2023,5,0.1573816155988858,0.08667827127756722,718,39.275,-120.7097
BLU,2023,6,0.03064066852367688,0.0458426114103206,718,39.275,-120.7097
BLU,2023,7,0,0.00379042611143501,684,39.275,-120.7097
BLU,2023,8,0.0094850948509485,0.02049276601199427,738,39.275,-120.7097
BLU,2023,9,0.06638418079096045,0.0505912722479126,708,39.275,-120.7097
BLU,2023,10,0.07356948228882834,0.03455007696952474,734,39.275,-120.7097
BLU,2023,11,0.10919540229885058,0.0670991062879882,696,39.275,-120.7097
BLU,2023,12,0.18059299191374664,0.12084610340924508,742,39.275,-120.7097
BLU,2024,1,0.34349030470914127,0.17257967824545284,722,39.275,-120.7097
BLU,2024,2,0.4421875,0.16659185233809426,640,39.275,-120.7097
BLU,2024,3,0.3702185792349727,0.1544590001650853,732,39.275,-120.7097
BLU,2024,4,0.17083333333333334,0.08133500112204343,720,39.275,-120.7097
BLU,2024,5,0.01830985915492957,0.02745612305986871,710,39.275,-120.7097
BLU,2024,6,0,0.00753079386484911,718,39.275,-120.7097
BLU,2024,7,0,0.00305334540805454,741,39.275,-120.7097
BLU,2024,8,0.01478494623655914,0.0145032725183908,744,39.275,-120.7097
BLU,2024,9,0.00279720279720279,0.01265451657228716,715,39.275,-120.7097
BLU,2024,10,0.05586592178770949,0.02703603016958312,716,39.275,-120.7097
BLU,2024,11,0.23496503496503496,0.12559383753566886,715,39.275,-120.7097
BLU,2024,12,0.31874145006839943,0.15326927824817255,731,39.275,-120.7097
CIC,2019,7,0,0.00398240817644887,688,39.7954,-121.8584
CIC,2019,8,0,0.0052683284457478,682,39.7954,-121.8584
CIC,2019,10,0,0.00815301753980389,686,39.7954,-121.8584
CIC,2019,11,0.00306748466257668,0.04730817780584512,652,39.7954,-121.8584
CIC,2019,12,0.08464849354375897,0.21018025985903935,697,39.7954,-121.8584
CIC,2020,1,0.05142857142857143,0.1840707635783164,700,39.7954,-121.8584
CIC,2020,2,0.00311526479750778,0.02691513977519267,642,39.7954,-121.8584
CIC,2020,3,0.01015965166908563,0.04441871394662485,689,39.7954,-121.8584
CIC,2020,4,0,0.03543287845831081,680,39.7954,-121.8584
CIC,2020,5,0.00143061516452074,0.0290086565746071,699,39.7954,-121.8584
CIC,2020,6,0,0.00752895590995358,659,39.7954,-121.8584
CIC,2020,8,0,0.00459795719166143,683,39.7954,-121.8584
CIC,2020,9,0,0.00820207464493178,672,39.7954,-121.8584
CIC,2020,10,0,0.01129479137784672,684,39.7954,-121.8584
CIC,2020,11,0.00306278713629402,0.07479483126821822,653,39.7954,-121.8584
CIC,2020,12,0.05433186490455213,0.13572869050587616,681,39.7954,-121.8584
CIC,2021,1,0.0291970802919708,0.1470233470727486,685,39.7954,-121.8584
CIC,2021,2,0.01916932907348242,0.0643724041623854,626,39.7954,-121.8584
CIC,2021,4,0,0.01225467645745605,668,39.7954,-121.8584
CIC,2021,5,0,0.00546974722910425,683,39.7954,-121.8584
CIC,2021,6,0,0.00395643012814446,652,39.7954,-121.8584
DLO,2019,1,0.21370967741935484,0.1673238240655219,744,35.7456,-119.2365
DLO,2019,2,0.01494768310911808,0.07865016976358742,669,35.7456,-119.2365
DLO,2019,3,0.00707213578500707,0.05410200487663584,707,35.7456,-119.2365
DLO,2019,4,0,0.01253874458874458,720,35.7456,-119.2365
DLO,2019,5,0,0.03163212433042566,744,35.7456,-119.2365
DLO,2019,6,0,0.00289258658008658,720,35.7456,-119.2365
DLO,2020,1,0.32166890982503366,0.1998456472143824,743,35.7456,-119.2365
DLO,2020,2,0.03735632183908046,0.02975774060061307,696,35.7456,-119.2365
DLO,2020,3,0.00961538461538461,0.03590626047631602,728,35.7456,-119.2365
DLO,2020,7,0,0.00203609934539853,742,35.7456,-119.2365
DLO,2020,8,0,0.00300107632093933,730,35.7456,-119.2365
DLO,2020,9,0,0.00436460405889375,718,35.7456,-119.2365
DLO,2020,10,0,0.00981410883023786,744,35.7456,-119.2365
DLO,2020,11,0.09691011235955056,0.05334483160509089,712,35.7456,-119.2365
DLO,2020,12,0.18438761776581428,0.11567642643478215,743,35.7456,-119.2365
DLO,2021,1,0.17893217893217894,0.11339896984533752,693,35.7456,-119.2365
DLO,2021,2,0.04207119741100323,0.04418376076872946,618,35.7456,-119.2365
DLO,2021,3,0,0.02604430354390486,740,35.7456,-119.2365
DLO,2021,7,0,0.00204205901914796,742,35.7456,-119.2365
DLO,2021,8,0,0.00285003692562638,721,35.7456,-119.2365
DLO,2021,9,0,0.00472157508229931,718,35.7456,-119.2365
DLO,2021,10,0.0564516129032258,0.03148971331834235,744,35.7456,-119.2365
DLO,2021,11,0.36731843575418993,0.1111452682119808,716,35.7456,-119.2365
DLO,2022,3,0,0.02806578941275231,741,35.7456,-119.2365
DLO,2022,4,0.00139082058414464,0.01064388694291336,719,35.7456,-119.2365
DLO,2023,4,0,0.01945446542806974,718,35.7456,-119.2365
DLO,2023,5,0,0.00719511725853189,738,35.7456,-119.2365
DLO,2023,6,0,0.01036869525823014,688,35.7456,-119.2365
DLO,2023,7,0,0.00184495436995437,740,35.7456,-119.2365
DLO,2023,9,0,0.01039653435422123,709,35.7456,-119.2365
DLO,2023,10,0.0013531799729364,0.01596187596796527,739,35.7456,-119.2365
DLO,2023,11,0.0157593123209169,0.03593293130200904,698,35.7456,-119.2365
DLO,2023,12,0.14189189189189189,0.15610488147929769,740,35.7456,-119.2365
DLO,2024,1,0.21236559139784947,0.18618240306027004,744,35.7456,-119.2365
DLO,2024,2,0.02183406113537117,0.11016214332801907,687,35.7456,-119.2365
DLO,2024,3,0,0.05169772732536876,739,35.7456,-119.2365
DLO,2024,4,0.00557880055788005,0.02826773687807315,717,35.7456,-119.2365
DLO,2024,5,0,0.00741194346194346,740,35.7456,-119.2365
DLO,2024,6,0,0.00262679045571952,719,35.7456,-119.2365
DLO,2024,7,0,0.00244836827583782,739,35.7456,-119.2365
DLO,2024,8,0,0.00308688346693737,742,35.7456,-119.2365
DLO,2024,9,0,0.00572165404040404,720,35.7456,-119.2365
DLO,2024,10,0,0.01669088237031785,744,35.7456,-119.2365
DLO,2024,11,0.0947075208913649,0.10505802758481336,718,35.7456,-119.2365
DWA,2021,3,0,0.03641347438416465,709,38.5794,-121.8569
DWA,2021,4,0.00694444444444444,0.01465052713474611,720,38.5794,-121.8569
DWA,2021,5,0,0.00868247515808491,738,38.5794,-121.8569
DWA,2021,7,0,0.01336045364891518,676,38.5794,-121.8569
DWA,2021,8,0,0.02195520669118935,692,38.5794,-121.8569
DWA,2021,10,0.08559782608695653,0.07728727889848823,736,38.5794,-121.8569
DWA,2021,11,0.2824858757062147,0.16340708331802903,708,38.5794,-121.8569
DWA,2021,12,0.4759124087591241,0.26949632645744453,685,38.5794,-121.8569
DWA,2022,9,0.02089136490250696,0.03763701208201012,718,38.5794,-121.8569
DWA,2022,10,0,0.0456029946027848,736,38.5794,-121.8569
DWA,2022,11,0.02231520223152022,0.0717391725215655,717,38.5794,-121.8569
DWA,2022,12,0.4360699865410498,0.27211397011401706,743,38.5794,-121.8569
DWA,2023,1,0.19425444596443228,0.1673355780732456,731,38.5794,-121.8569
DWA,2023,2,0.10944527736131934,0.08696462676541955,667,38.5794,-121.8569
DWA,2023,3,0.16575342465753426,0.11552863972078016,730,38.5794,-121.8569
DWA,2023,4,0.00558659217877095,0.03351236734626913,716,38.5794,-121.8569
DWA,2023,5,0.02713704206241519,0.03891610346797334,737,38.5794,-121.8569
DWA,2023,6,0.00582241630276564,0.01671130399303458,687,38.5794,-121.8569
DWA,2023,7,0.00136054421768707,0.01458616780045351,735,38.5794,-121.8569
DWA,2023,8,0.0040650406504065,0.01640569516301223,738,38.5794,-121.8569
DWA,2023,9,0.01555869872701555,0.04037072349544052,707,38.5794,-121.8569
DWA,2023,12,0.23149394347240915,0.2198519012765658,743,38.5794,-121.8569
DWA,2024,1,0.3243606998654105,0.2597844737430447,743,38.5794,-121.8569
DWA,2024,2,0.14431486880466474,0.14728491918323194,686,38.5794,-121.8569
DWA,2024,3,0.0553306342780027,0.08333264692473133,741,38.5794,-121.8569
DWA,2024,4,0.02089136490250696,0.06108115945131151,718,38.5794,-121.8569
DWA,2024,5,0.00825309491059147,0.01967239426224212,727,38.5794,-121.8569
DWA,2024,6,0.00605143721633888,0.00772869389813414,661,38.5794,-121.8569
DWA,2024,7,0,0.00928010825439783,739,38.5794,-121.8569
DWA,2024,8,0.00139082058414464,0.01510237501235548,719,38.5794,-121.8569
DWA,2024,12,0.3015006821282401,0.22593988762116077,733,38.5794,-121.8569
E16,2019,1,0.11004126547455297,0.18703938662762384,727,37.0816,-121.5968
E16,2019,2,0.0819423368740516,0.12986199380015365,659,37.0816,-121.5968
E16,2019,4,0.03516819571865443,0.07749805051840188,654,37.0816,-121.5968
E16,2019,10,0.0125,0.02854645758617797,720,37.0816,-121.5968
E16,2021,1,0.0955585464333782,0.15042393369623375,743,37.0816,-121.5968
E16,2021,2,0.02529761904761904,0.0628309499576462,672,37.0816,-121.5968
E16,2021,3,0.00942126514131897,0.048879067456779,743,37.0816,-121.5968
E16,2021,4,0.02094972067039106,0.02378517969692618,716,37.0816,-121.5968
E16,2021,5,0.02688172043010752,0.02745048352442386,744,37.0816,-121.5968
E16,2021,6,0.01666666666666666,0.02694954083325569,720,37.0816,-121.5968
E16,2022,1,0.1117092866756393,0.12933284955239455,743,37.0816,-121.5968
E16,2022,2,0.01345291479820627,0.02432000337249638,669,37.0816,-121.5968
E16,2022,3,0.0161507402422611,0.04551318344886504,743,37.0816,-121.5968
E16,2022,4,0.03611111111111111,0.04256849457420984,720,37.0816,-121.5968
E16,2022,5,0.00134589502018842,0.02233235902173859,743,37.0816,-121.5968
E16,2022,6,0,0.02434848257598435,720,37.0816,-121.5968
E16,2022,7,0.00403225806451612,0.0312946481380169,744,37.0816,-121.5968
E16,2022,8,0.04704301075268817,0.03808602582720003,744,37.0816,-121.5968
E16,2022,9,0.02777777777777777,0.05303949106052721,720,37.0816,-121.5968
E16,2022,10,0.12096774193548387,0.07611483911823363,744,37.0816,-121.5968
E16,2022,11,0.03486750348675035,0.08881281850686858,717,37.0816,-121.5968
E16,2022,12,0.2862903225806452,0.2388915523517276,744,37.0816,-121.5968
E16,2023,1,0.13844086021505375,0.1597533148294202,744,37.0816,-121.5968
E16,2023,2,0.07335329341317365,0.08222083951768806,668,37.0816,-121.5968
E16,2023,3,0.13593539703903096,0.13235713891278145,743,37.0816,-121.5968
E16,2023,4,0.02253521126760563,0.04737071529920263,710,37.0816,-121.5968
E16,2023,5,0.02018842530282637,0.05184763043435687,743,37.0816,-121.5968
E16,2023,6,0.02414772727272727,0.03420876232954349,704,37.0816,-121.5968
E16,2023,7,0.04054054054054054,0.03404044979971336,740,37.0816,-121.5968
E16,2023,8,0.0282258064516129,0.04102657009736452,744,37.0816,-121.5968
E16,2024,2,0.16448326055312956,0.1357175647968696,687,37.0816,-121.5968
E16,2024,3,0.12244897959183672,0.09222504357791228,735,37.0816,-121.5968
E16,2024,4,0.06666666666666667,0.07139261330541566,720,37.0816,-121.5968
E16,2024,5,0.10080645161290322,0.04038961908505321,744,37.0816,-121.5968
E16,2024,6,0.08228730822873083,0.03050894601452864,717,37.0816,-121.5968
E16,2024,7,0.02032520325203252,0.03057763925848054,738,37.0816,-121.5968
E16,2024,8,0.00683994528043775,0.03647898416401955,731,37.0816,-121.5968
E16,2024,9,0.03472222222222222,0.05305659176271739,720,37.0816,-121.5968
E16,2024,10,0.01478494623655914,0.04850300577402542,744,37.0816,-121.5968
E16,2024,11,0.05586592178770949,0.1141119328905326,716,37.0816,-121.5968
E16,2024,12,0.19293478260869565,0.18163724740908377,736,37.0816,-121.5968
EED,2019,1,0.01944444444444444,0.07038373907708755,720,34.7664,-114.6233
EED,2019,2,0.01043219076005961,0.04018216330679927,671,34.7664,-114.6233
EED,2019,3,0.0013477088948787,0.0144121733739954,742,34.7664,-114.6233
EED,2019,4,0,0.00704997909752104,719,34.7664,-114.6233
EED,2019,5,0,0.00710060077970023,743,34.7664,-114.6233
EED,2019,6,0,0.00353616271069831,720,34.7664,-114.6233
EED,2020,1,0,0.02969200321680216,732,34.7664,-114.6233
EED,2020,2,0.0043103448275862,0.01279798404773049,696,34.7664,-114.6233
EED,2020,3,0.02425876010781671,0.03162545304741202,742,34.7664,-114.6233
EED,2020,4,0.00416666666666666,0.01025631742066484,720,34.7664,-114.6233
EED,2020,5,0,0.00398659105208988,743,34.7664,-114.6233
EED,2020,6,0,0.00317270194986072,718,34.7664,-114.6233
EED,2021,1,0,0.03436185151981288,744,34.7664,-114.6233
EED,2021,2,0,0.01164365475603865,666,34.7664,-114.6233
EED,2021,3,0,0.01379972253340223,743,34.7664,-114.6233
EED,2021,4,0,0.00605748484276243,712,34.7664,-114.6233
EED,2021,5,0,0.00399771297884505,742,34.7664,-114.6233
EED,2021,6,0,0.00339275766016713,718,34.7664,-114.6233
EED,2021,7,0,0.00746411653830736,726,34.7664,-114.6233
EED,2021,8,0,0.00573777477318429,719,34.7664,-114.6233
EED,2021,9,0,0.01115754189944134,716,34.7664,-114.6233
EED,2021,12,0,0.05226427504268354,742,34.7664,-114.6233
EED,2022,1,0,0.01763409696723264,744,34.7664,-114.6233
EED,2022,2,0,0.01221128160653233,671,34.7664,-114.6233
EED,2022,3,0,0.01137227868601879,742,34.7664,-114.6233
EED,2022,4,0,0.00607079124579124,720,34.7664,-114.6233
EED,2022,5,0,0.00427658769565423,742,34.7664,-114.6233
EED,2022,6,0,0.00330737134909596,719,34.7664,-114.6233
EED,2023,1,0.00403225806451612,0.05342033216442941,744,34.7664,-114.6233
EED,2023,2,0,0.01839422909421838,618,34.7664,-114.6233
EED,2023,3,0.00539811066126855,0.02413984556352582,741,34.7664,-114.6233
EED,2023,4,0,0.00562448009506833,714,34.7664,-114.6233
EED,2023,5,0,0.00459275939114648,744,34.7664,-114.6233
EED,2023,6,0,0.00361876875777761,719,34.7664,-114.6233
EED,2023,7,0,0.00304037251572955,744,34.7664,-114.6233
EED,2023,8,0.00269541778975741,0.01303117699910152,742,34.7664,-114.6233
EED,2023,9,0.00138888888888888,0.01286502121316362,720,34.7664,-114.6233
EED,2023,10,0,0.00688976873087743,743,34.7664,-114.6233
EED,2023,11,0,0.02440068657674909,718,34.7664,-114.6233
EED,2023,12,0,0.04235120867990969,743,34.7664,-114.6233
EED,2024,1,0.00944669365721997,0.06447072019101495,741,34.7664,-114.6233
EED,2024,2,0.00301204819277108,0.03030937886688736,664,34.7664,-114.6233
EED,2024,3,0.00405405405405405,0.01764580314878928,740,34.7664,-114.6233
EED,2024,4,0,0.00743915836843966,719,34.7664,-114.6233
EED,2024,5,0,0.00407883593654608,743,34.7664,-114.6233
EED,2024,6,0,0.00341328039890284,719,34.7664,-114.6233
EED,2024,7,0,0.00309264345240076,744,34.7664,-114.6233
EED,2024,8,0,0.00416721595259496,744,34.7664,-114.6233
EED,2024,9,0,0.00427914360321481,720,34.7664,-114.6233
EED,2024,10,0,0.0060795128776436,742,34.7664,-114.6233
EED,2024,11,0,0.01271274067602,668,34.7664,-114.6233
EED,2024,12,0,0.02243273933808913,729,34.7664,-114.6233
FAT,2019,1,0.1975806451612903,0.15987900428082785,744,36.78,-119.7194
FAT,2019,2,0.04910714285714285,0.09776368574781724,672,36.78,-119.7194
FAT,2019,3,0.0215633423180593,0.0692500000844232,742,36.78,-119.7194
FAT,2019,4,0.00972222222222222,0.03551979075003433,720,36.78,-119.7194
FAT,2019,5,0.01747311827956989,0.04611298420773991,744,36.78,-119.7194
FAT,2019,6,0,0.01112897297353873,715,36.78,-119.7194
FAT,2019,7,0,0.00513748079877112,744,36.78,-119.7194
FAT,2019,8,0,0.00548382063278429,743,36.78,-119.7194
FAT,2019,9,0,0.01017613519582793,719,36.78,-119.7194
FAT,2019,10,0.00134408602150537,0.01304895410937533,744,36.78,-119.7194
FAT,2019,11,0.01398601398601398,0.06488791202931873,715,36.78,-119.7194
FAT,2019,12,0.2620967741935484,0.1815242868065985,744,36.78,-119.7194
FAT,2020,1,0.4422043010752688,0.19580988474546557,744,36.78,-119.7194
FAT,2020,2,0.02877697841726619,0.03825550441611244,695,36.78,-119.7194
FAT,2020,3,0.02422611036339165,0.04479957570909009,743,36.78,-119.7194
FAT,2020,4,0.01825842696629213,0.04911522374174108,712,36.78,-119.7194
FAT,2020,5,0,0.01114413235676393,741,36.78,-119.7194
FAT,2020,6,0,0.00651276915594464,718,36.78,-119.7194
FAT,2020,7,0,0.00463674966842082,742,36.78,-119.7194
FAT,2020,8,0,0.0052650088658164,743,36.78,-119.7194
FAT,2020,9,0,0.01335267924875457,719,36.78,-119.7194
FAT,2020,10,0,0.01825794145867728,744,36.78,-119.7194
FAT,2020,11,0.04456824512534819,0.06582371029436834,718,36.78,-119.7194
FAT,2020,12,0.27088948787061995,0.13678331595440207,742,36.78,-119.7194
FAT,2021,1,0.23149394347240915,0.14059239575009283,743,36.78,-119.7194
FAT,2021,2,0.01785714285714285,0.05514563049262,672,36.78,-119.7194
FAT,2021,3,0.0094722598105548,0.03759240776512421,739,36.78,-119.7194
FAT,2021,4,0,0.01516655441069943,717,36.78,-119.7194
FAT,2021,5,0,0.00809099408527117,742,36.78,-119.7194
FAT,2021,6,0,0.00523119177225805,720,36.78,-119.7194
FAT,2021,7,0,0.00288398924308015,726,36.78,-119.7194
FAT,2021,8,0,0.0044872673135831,741,36.78,-119.7194
FAT,2021,9,0,0.00836661432405478,718,36.78,-119.7194
FAT,2021,10,0.03903095558546433,0.045585184481911,743,36.78,-119.7194
FAT,2021,11,0.40807799442896936,0.14705537289459367,718,36.78,-119.7194
FAT,2021,12,0.3951612903225806,0.20035277875544924,744,36.78,-119.7194
FAT,2022,1,0.37347767253044656,0.16935836610477625,739,36.78,-119.7194
FAT,2022,2,0.03720238095238095,0.0363700838348291,672,36.78,-119.7194
FAT,2022,3,0.0175913396481732,0.03015435469992782,739,36.78,-119.7194
FAT,2022,4,0.00139082058414464,0.0159904764570628,719,36.78,-119.7194
FAT,2022,5,0,0.00701523376501199,742,36.78,-119.7194
FAT,2022,6,0,0.00549721173587654,719,36.78,-119.7194
FAT,2022,7,0,0.00398342122368454,744,36.78,-119.7194
FAT,2022,8,0,0.00382176654788899,735,36.78,-119.7194
FAT,2022,9,0,0.0135132460109796,717,36.78,-119.7194
FAT,2022,10,0,0.01935567198376323,744,36.78,-119.7194
FAT,2022,11,0.07391910739191074,0.08307846092710723,717,36.78,-119.7194
FAT,2022,12,0.4771505376344086,0.22137345014486665,744,36.78,-119.7194
FAT,2023,1,0.22010869565217392,0.162709554068082,736,36.78,-119.7194
FAT,2023,2,0.11458333333333331,0.09590529058290172,672,36.78,-119.7194
FAT,2023,3,0.04353741496598639,0.10451333551782936,735,36.78,-119.7194
FAT,2023,4,0,0.02337612315152025,717,36.78,-119.7194
FAT,2023,5,0.0027063599458728,0.01698126326716313,739,36.78,-119.7194
FAT,2023,6,0,0.01716535002500572,720,36.78,-119.7194
FAT,2023,7,0,0.00446305256869773,744,36.78,-119.7194
FAT,2023,8,0.00403225806451612,0.01239576035422549,744,36.78,-119.7194
FAT,2023,9,0,0.01740842660986108,720,36.78,-119.7194
FAT,2023,10,0,0.02528490509856829,744,36.78,-119.7194
FAT,2023,11,0.00139275766016713,0.06295575504214625,718,36.78,-119.7194
FAT,2023,12,0.13306451612903225,0.15999104431190403,744,36.78,-119.7194
FAT,2024,1,0.28897849462365593,0.1900968453903559,744,36.78,-119.7194
FAT,2024,2,0.04166666666666666,0.10396796241567444,696,36.78,-119.7194
FAT,2024,3,0.01486486486486486,0.05930664328573271,740,36.78,-119.7194
FAT,2024,4,0.01527777777777777,0.05041347797998691,720,36.78,-119.7194
FAT,2024,5,0.00403225806451612,0.01551658874082539,744,36.78,-119.7194
FAT,2024,6,0,0.00715967606159272,720,36.78,-119.7194
FAT,2024,7,0,0.00581100201086724,742,36.78,-119.7194
FAT,2024,8,0,0.00699735831177729,744,36.78,-119.7194
FAT,2024,9,0,0.01388562234369679,720,36.78,-119.7194
FAT,2024,10,0.0053763440860215,0.02229950735754491,744,36.78,-119.7194
FAT,2024,11,0.12534818941504178,0.09620347339028114,718,36.78,-119.7194
FAT,2024,12,0.4619565217391304,0.20720688048978772,736,36.78,-119.7194
FCH,2019,2,0.0916030534351145,0.06909870939560733,655,36.7321,-119.8203
FCH,2019,3,0.04377564979480164,0.05157904972776745,731,36.7321,-119.8203
FCH,2019,4,0.00979020979020979,0.02392782237141599,715,36.7321,-119.8203
FCH,2019,5,0.03918918918918919,0.03308835126525401,740,36.7321,-119.8203
FCH,2019,6,0,0.00634246315156046,720,36.7321,-119.8203
FCH,2019,7,0,0.00338272797499297,731,36.7321,-119.8203
FCH,2019,8,0,0.00509113402567192,741,36.7321,-119.8203
FCH,2019,9,0,0.00919350963861981,717,36.7321,-119.8203
FCH,2019,10,0.00135685210312075,0.02073301079628262,737,36.7321,-119.8203
FCH,2019,12,0.3013513513513513,0.23610430278442027,740,36.7321,-119.8203
FCH,2020,4,0.03097345132743362,0.03455516183568918,678,36.7321,-119.8203
FCH,2023,12,0.2354533152909337,0.23677345508860895,739,36.7321,-119.8203
FCH,2024,1,0.35618279569892475,0.2386487106223485,744,36.7321,-119.8203
FCH,2024,2,0.12354651162790696,0.10738163943545598,688,36.7321,-119.8203
FCH,2024,3,0.04588394062078273,0.04621244683799137,741,36.7321,-119.8203
FCH,2024,4,0.02225312934631432,0.03660929179871236,719,36.7321,-119.8203
FCH,2024,5,0.0059347181008902,0.00915308494014418,674,36.7321,-119.8203
FCH,2024,6,0,0.00597130376373879,720,36.7321,-119.8203
FCH,2024,7,0,0.00573228953810982,743,36.7321,-119.8203
FCH,2024,8,0,0.00538370197955917,726,36.7321,-119.8203
IPL,2019,2,0.00149253731343283,0.02061750830713467,670,32.8342,-115.5787
IPL,2019,3,0.00135685210312075,0.011864850925952,737,32.8342,-115.5787
IPL,2019,4,0,0.0070532212885154,714,32.8342,-115.5787
IPL,2019,5,0,0.00803694022641532,699,32.8342,-115.5787
IPL,2019,6,0,0.0053094986497593,668,32.8342,-115.5787
IPL,2019,7,0,0.00456340086318939,742,32.8342,-115.5787
IPL,2019,8,0,0.00567162225338943,744,32.8342,-115.5787
IPL,2019,9,0.00138888888888888,0.010663486259935,720,32.8342,-115.5787
IPL,2019,10,0,0.00709998504561088,743,32.8342,-115.5787
IPL,2019,11,0.00836820083682008,0.02493314597215828,717,32.8342,-115.5787
IPL,2019,12,0.0472972972972973,0.06128461878717517,740,32.8342,-115.5787
IPL,2020,3,0.03301237964236588,0.02997182739176168,727,32.8342,-115.5787
IPL,2020,4,0.00711237553342816,0.01278637437543329,703,32.8342,-115.5787
IPL,2020,5,0,0.00536290322580645,744,32.8342,-115.5787
IPL,2020,6,0,0.00442472766884531,720,32.8342,-115.5787
IPL,2021,1,0.01747311827956989,0.03673938682890165,744,32.8342,-115.5787
IPL,2021,2,0,0.01138538148625769,669,32.8342,-115.5787
IPL,2021,3,0,0.0106537362802586,739,32.8342,-115.5787
IPL,2021,4,0,0.00696935933147632,718,32.8342,-115.5787
IPL,2021,5,0,0.00604934948407357,743,32.8342,-115.5787
IPL,2021,6,0,0.0047683551198257,720,32.8342,-115.5787
IPL,2021,7,0,0.00530080753701211,743,32.8342,-115.5787
IPL,2021,8,0.00134408602150537,0.0054753095718543,744,32.8342,-115.5787
IPL,2021,9,0.00278551532033426,0.00662825470887613,718,32.8342,-115.5787
IPL,2021,10,0.0053763440860215,0.01289829692764885,744,32.8342,-115.5787
IPL,2021,11,0,0.01886414141414141,715,32.8342,-115.5787
IPL,2021,12,0.00134408602150537,0.0342551176851491,744,32.8342,-115.5787
IPL,2022,1,0,0.0133618551102422,744,32.8342,-115.5787
IPL,2022,2,0,0.01,670,32.8342,-115.5787
IPL,2022,3,0,0.0129878869448183,743,32.8342,-115.5787
IPL,2022,4,0,0.00852418482460207,719,32.8342,-115.5787
IPL,2022,5,0,0.00547043010752688,744,32.8342,-115.5787
IPL,2022,6,0,0.00460177015250544,720,32.8342,-115.5787
IPL,2023,1,0.01211305518169582,0.02816259154295519,743,32.8342,-115.5787
IPL,2023,2,0,0.01291211512735105,662,32.8342,-115.5787
IPL,2023,3,0.00134589502018842,0.01372609405778058,743,32.8342,-115.5787
IPL,2023,4,0,0.00782966960961806,716,32.8342,-115.5787
IPL,2023,5,0,0.00667833109017496,743,32.8342,-115.5787
IPL,2023,6,0,0.0052516339869281,720,32.8342,-115.5787
IPL,2023,8,0.0100864553314121,0.01483510279861008,694,32.8342,-115.5787
IPL,2023,9,0.0044378698224852,0.01004672200788187,676,32.8342,-115.5787
IPL,2023,10,0,0.01048786924576398,741,32.8342,-115.5787
IPL,2023,11,0.03203342618384401,0.02747180190592446,718,32.8342,-115.5787
IPL,2023,12,0.00673854447439353,0.0447776441440005,742,32.8342,-115.5787
L08,2019,1,0.07084468664850137,0.097207237832976,734,33.259,-116.321
L08,2019,2,0.0044776119402985,0.05531096255399469,670,33.259,-116.321
L08,2019,3,0.00279720279720279,0.02208172002693055,715,33.259,-116.321
L08,2019,4,0,0.00774961514439455,720,33.259,-116.321
L08,2019,5,0,0.01145657474502379,743,33.259,-116.321
L08,2019,8,0,0.0033985463102818,742,33.259,-116.321
L08,2019,9,0,0.01182959300397118,708,33.259,-116.321
L08,2019,10,0,0.00935827492032609,744,33.259,-116.321
L08,2019,11,0,0.04818495394822472,718,33.259,-116.321
L08,2019,12,0.0336021505376344,0.13616403472596403,744,33.259,-116.321
L08,2020,1,0,0.04506488829251122,741,33.259,-116.321
L08,2020,2,0,0.01664642593529166,692,33.259,-116.321
L08,2020,3,0.01643835616438356,0.04193131430309541,730,33.259,-116.321
L08,2020,4,0,0.02112291800585672,718,33.259,-116.321
L08,2020,5,0,0.00497821300666937,743,33.259,-116.321
L08,2020,6,0,0.00367098770682362,720,33.259,-116.321
L08,2021,1,0,0.05177071897252746,735,33.259,-116.321
L08,2021,2,0,0.0179179282814612,667,33.259,-116.321
L08,2021,3,0,0.01822940546600099,742,33.259,-116.321
L08,2021,4,0,0.00854234859797589,715,33.259,-116.321
L08,2021,5,0,0.00854893666830295,741,33.259,-116.321
L08,2021,6,0,0.0026852751399884,717,33.259,-116.321
L08,2021,7,0,0.00754126421366509,744,33.259,-116.321
L08,2021,8,0,0.00570402128242601,736,33.259,-116.321
L08,2021,9,0,0.00801962597541131,718,33.259,-116.321
L08,2021,10,0,0.01708224148799364,728,33.259,-116.321
L08,2021,11,0,0.02143379304119302,709,33.259,-116.321
L08,2021,12,0,0.09482827348002423,740,33.259,-116.321
L08,2022,7,0,0.00569553743435463,743,33.259,-116.321
L08,2022,8,0,0.01128557042511401,744,33.259,-116.321
L08,2022,9,0.00138888888888888,0.02213234012397131,720,33.259,-116.321
L08,2022,10,0,0.01692716831990563,744,33.259,-116.321
L08,2022,11,0,0.03397777177429715,717,33.259,-116.321
L08,2022,12,0.00134589502018842,0.07659153762692325,743,33.259,-116.321
L08,2023,1,0.00403768506056527,0.09334448851438117,743,33.259,-116.321
L08,2023,2,0.00455235204855842,0.02956480103954062,659,33.259,-116.321
L08,2023,3,0,0.03650112413601801,740,33.259,-116.321
L08,2023,4,0,0.00669164989973813,720,33.259,-116.321
L08,2023,5,0,0.00720020894227256,736,33.259,-116.321
L08,2023,6,0,0.00572690447085155,707,33.259,-116.321
L08,2024,1,0.01907356948228883,0.08813264490705483,734,33.259,-116.321
L08,2024,2,0,0.04878869696612297,687,33.259,-116.321
L08,2024,3,0.00404858299595141,0.026501211202611952,741,33.259,-116.321
L08,2024,4,0,0.01192385078241959,720,33.259,-116.321
L08,2024,5,0,0.00643916165987443,732,33.259,-116.321
L08,2024,6,0,0.00313108591654215,719,33.259,-116.321
L08,2024,7,0,0.00308357690902447,736,33.259,-116.321
L08,2024,8,0,0.00377483911836022,738,33.259,-116.321
L08,2024,9,0,0.00709448350629706,720,33.259,-116.321
L08,2024,10,0,0.01067395394221348,744,33.259,-116.321
L08,2024,11,0,0.04319902744638731,717,33.259,-116.321
L08,2024,12,0,0.05813417614580719,693,33.259,-116.321
L52,2019,1,0.1935483870967742,0.22876317004405539,744,35.1015,-120.6224
L52,2019,2,0.14477611940298507,0.15222224394506165,670,35.1015,-120.6224
L52,2019,3,0.1837837837837838,0.1774164582927939,740,35.1015,-120.6224
L52,2019,4,0.35555555555555557,0.214152944027614,720,35.1015,-120.6224
L52,2019,5,0.1657681940700809,0.2171186066893719,742,35.1015,-120.6224
L52,2019,6,0.2863187588152327,0.235195481042017,709,35.1015,-120.6224
L52,2019,8,0.4670255720053836,0.27757361129914576,743,35.1015,-120.6224
L52,2019,9,0.21974965229485396,0.22462635956230936,719,35.1015,-120.6224
L52,2019,10,0.14650537634408603,0.1525439137968863,744,35.1015,-120.6224
L52,2019,11,0.27019498607242337,0.18754605410177813,718,35.1015,-120.6224
L52,2019,12,0.13844086021505375,0.20457092603584293,744,35.1015,-120.6224
L52,2020,1,0.063257065948856,0.16272101675455164,743,35.1015,-120.6224
L52,2020,2,0.14121037463976946,0.1490184211692522,694,35.1015,-120.6224
L52,2020,3,0.1284153005464481,0.17159537140583295,732,35.1015,-120.6224
L52,2020,4,0.19444444444444445,0.17308275623345773,720,35.1015,-120.6224
L52,2020,5,0.42934051144010765,0.1909372099365945,743,35.1015,-120.6224
L52,2020,6,0.3370473537604457,0.19814662874138209,718,35.1015,-120.6224
L52,2021,1,0.1891891891891892,0.16653870177577662,740,35.1015,-120.6224
L52,2021,2,0.1592261904761905,0.14273491051099915,672,35.1015,-120.6224
L52,2021,3,0.3364737550471063,0.1453981361633746,743,35.1015,-120.6224
L52,2021,4,0.2881118881118881,0.1940496786984017,715,35.1015,-120.6224
L52,2021,5,0.46226415094339623,0.18438955615341623,742,35.1015,-120.6224
L52,2021,6,0.407510431154381,0.20836883839355533,719,35.1015,-120.6224
L52,2021,7,0.41935483870967744,0.2419592922597376,744,35.1015,-120.6224
L52,2021,8,0.4669365721997301,0.2630569170216461,741,35.1015,-120.6224
L52,2021,9,0.6236111111111111,0.26806447968934116,720,35.1015,-120.6224
L52,2021,10,0.456043956043956,0.2098801724140328,728,35.1015,-120.6224
L52,2021,11,0.27450980392156865,0.1902552327854301,714,35.1015,-120.6224
L52,2021,12,0.26180836707152494,0.22581928895631456,741,35.1015,-120.6224
L52,2022,1,0.2560646900269542,0.14937032653460705,742,35.1015,-120.6224
L52,2022,2,0.1845238095238095,0.1167849170290238,672,35.1015,-120.6224
L52,2022,3,0.32476319350473615,0.17365440327217482,739,35.1015,-120.6224
L52,2022,4,0.33611111111111114,0.15931879343633193,720,35.1015,-120.6224
L52,2022,5,0.4522207267833109,0.14978461299376958,743,35.1015,-120.6224
L52,2022,6,0.5412587412587413,0.17591812386369315,715,35.1015,-120.6224
L52,2022,7,0.3787061994609165,0.23607548005398168,742,35.1015,-120.6224
L52,2022,8,0.4663978494623656,0.2447927655526381,744,35.1015,-120.6224
L52,2022,9,0.45416666666666666,0.245496362385744,720,35.1015,-120.6224
L52,2022,10,0.42219215155615697,0.245961820166672,739,35.1015,-120.6224
L52,2022,11,0.19134078212290503,0.12917173382943448,716,35.1015,-120.6224
L52,2022,12,0.5243243243243243,0.2302421016476763,740,35.1015,-120.6224
L52,2023,1,0.566621803499327,0.19624234882805827,743,35.1015,-120.6224
L52,2023,2,0.18137254901960784,0.12292777474226868,612,35.1015,-120.6224
MCC,2019,1,0.3115646258503401,0.13969029684360265,735,38.667,-121.4006
MCC,2019,3,0.05248990578734858,0.07334900113542507,743,38.667,-121.4006
MCC,2019,5,0.01747311827956989,0.03696347744583011,744,38.667,-121.4006
MCC,2019,6,0.00138888888888888,0.00735906923213902,720,38.667,-121.4006
MCC,2019,7,0,0.00581224667097268,744,38.667,-121.4006
MCC,2019,9,0.00138888888888888,0.01485298796657368,720,38.667,-121.4006
MCC,2019,10,0,0.0105023296815016,744,38.667,-121.4006
MCC,2019,11,0.02785515320334261,0.04836739047662596,718,38.667,-121.4006
MCC,2019,12,0.23994452149791956,0.16470110196061194,721,38.667,-121.4006
MCC,2020,1,0.33951497860199714,0.14981709134308452,701,38.667,-121.4006
MCC,2020,2,0.04748201438848921,0.03668375236203156,695,38.667,-121.4006
MCC,2020,4,0.02089136490250696,0.03120758579468581,718,38.667,-121.4006
MCC,2020,5,0.00546448087431694,0.02047109404726498,732,38.667,-121.4006
MCC,2020,6,0,0.0046300856144926,718,38.667,-121.4006
MCC,2021,1,0.30148048452220727,0.11929172438553488,743,38.667,-121.4006
MCC,2021,2,0.04947526236881559,0.05026781177700075,667,38.667,-121.4006
MCC,2021,3,0.00285714285714285,0.02909185746265036,700,38.667,-121.4006
MCC,2021,4,0.00694444444444444,0.01238565485967904,720,38.667,-121.4006
MCC,2021,5,0,0.00789702787764328,743,38.667,-121.4006
MCC,2021,6,0,0.00607543323139653,654,38.667,-121.4006
MCC,2021,7,0,0.00754043286462641,744,38.667,-121.4006
MCC,2021,8,0,0.01013008924525192,744,38.667,-121.4006
MCC,2021,11,0.3732394366197183,0.14227843415138228,710,38.667,-121.4006
MCC,2021,12,0.521505376344086,0.19666058306998463,744,38.667,-121.4006
MCC,2022,1,0.3162853297442799,0.13890630807055404,743,38.667,-121.4006
MCC,2022,2,0.03422619047619048,0.03020074514531621,672,38.667,-121.4006
MCC,2022,3,0.03581267217630854,0.02820116448012115,726,38.667,-121.4006
MCC,2022,4,0.03055555555555555,0.02748415366916301,720,38.667,-121.4006
MCC,2022,5,0,0.00779328236944204,742,38.667,-121.4006
MCC,2022,6,0.00416666666666666,0.00734823910193379,720,38.667,-121.4006
MCC,2022,7,0,0.00851038943238609,744,38.667,-121.4006
MCC,2022,8,0,0.00928037840398797,744,38.667,-121.4006
MCC,2022,9,0.00833333333333333,0.02269521745651642,720,38.667,-121.4006
MCC,2022,10,0,0.02194827091088693,744,38.667,-121.4006
MCC,2022,11,0.05153203342618384,0.05321750890931495,718,38.667,-121.4006
MCC,2022,12,0.5349462365591398,0.20533671234901069,744,38.667,-121.4006
MCC,2023,1,0.19236016371077763,0.1093664479664075,733,38.667,-121.4006
MCC,2023,2,0.1033434650455927,0.06956160867015426,658,38.667,-121.4006
MCC,2023,3,0.10242587601078168,0.08445594380938551,742,38.667,-121.4006
MCC,2023,4,0.00416666666666666,0.02360970873922398,720,38.667,-121.4006
MCC,2023,5,0.01482479784366576,0.02476850716494261,742,38.667,-121.4006
MCC,2023,6,0,0.01194881453318562,720,38.667,-121.4006
MCC,2023,7,0,0.00759884095783463,744,38.667,-121.4006
MCC,2023,8,0,0.00763505642235971,743,38.667,-121.4006
MCC,2023,9,0.00841514726507713,0.02050643595968108,713,38.667,-121.4006
MCC,2023,10,0.0107671601615074,0.03079936349171741,743,38.667,-121.4006
MCC,2023,12,0.10668563300142248,0.14060637045302532,703,38.667,-121.4006
MCC,2024,1,0.05539772727272727,0.16831277179370327,704,38.667,-121.4006
MCC,2024,2,0.05606060606060606,0.10323379337450792,660,38.667,-121.4006
MCC,2024,3,0.04993252361673414,0.05616272212815496,741,38.667,-121.4006
MCC,2024,4,0.0238095238095238,0.0410224432941974,714,38.667,-121.4006
MCC,2024,5,0.01344086021505376,0.01512733603450308,744,38.667,-121.4006
MCC,2024,6,0,0.00457207149815863,720,38.667,-121.4006
MCC,2024,7,0,0.004870244504262,743,38.667,-121.4006
MCC,2024,8,0,0.00612938725360883,715,38.667,-121.4006
MCC,2024,10,0.00674763832658569,0.01733660810326656,741,38.667,-121.4006
MCC,2024,11,0.1159217877094972,0.07999616273319544,716,38.667,-121.4006
MCC,2024,12,0.4565217391304347,0.17600508665205833,736,38.667,-121.4006
MHV,2019,1,0.05034013605442176,0.07123559013759194,735,35.059,-118.152
MHV,2019,2,0.05952380952380952,0.06675295214555703,672,35.059,-118.152
MHV,2019,3,0.02560646900269541,0.02519882454697145,742,35.059,-118.152
MHV,2019,4,0,0.00750169139309764,720,35.059,-118.152
MHV,2019,5,0,0.01937723408058473,739,35.059,-118.152
MHV,2019,6,0,0.00108055555555555,720,35.059,-118.152
MHV,2019,7,0,6.8371467025572e-4,743,35.059,-118.152
MHV,2019,8,0,9.809782608695653e-4,736,35.059,-118.152
MHV,2019,9,0,0.00387614379084967,720,35.059,-118.152
MHV,2019,10,0,0.00452640733712839,744,35.059,-118.152
MHV,2019,11,0.04323570432357043,0.04205581375516039,717,35.059,-118.152
MHV,2019,12,0.07407407407407407,0.10254997097950022,729,35.059,-118.152
MHV,2020,1,0,0.05264954736244889,743,35.059,-118.152
MHV,2020,2,0,0.00987876019184652,695,35.059,-118.152
MHV,2020,3,0.04710632570659488,0.0316336357757187,743,35.059,-118.152
MHV,2020,4,0.07670850767085077,0.0312270983462486,717,35.059,-118.152
MHV,2020,5,0,0.00240228112175102,731,35.059,-118.152
MHV,2020,6,0,0.0013482937062937,715,35.059,-118.152
MHV,2020,7,0,6.531165311653116e-4,738,35.059,-118.152
MHV,2020,8,0,8.508393285371703e-4,695,35.059,-118.152
MHV,2020,9,0,0.00234755927475592,717,35.059,-118.152
MHV,2020,10,0,0.00486407732447817,744,35.059,-118.152
MHV,2020,11,0.00557103064066852,0.02029875676894047,718,35.059,-118.152
MHV,2020,12,0.00737463126843657,0.04101982339896448,678,35.059,-118.152
MHV,2021,2,0.00297619047619047,0.02426941784274193,672,35.059,-118.152
MHV,2021,4,0,0.00453426967592592,720,35.059,-118.152
MHV,2021,5,0,0.00215094339622641,742,35.059,-118.152
MHV,2021,6,0,0.00105917159763313,676,35.059,-118.152
MHV,2021,7,0,6.80161943319838e-4,741,35.059,-118.152
MHV,2021,8,0,0.0012086137281292,743,35.059,-118.152
MHV,2022,2,0.00446428571428571,0.00935453497023809,672,35.059,-118.152
MHV,2022,3,0.00550206327372764,0.0171686221916552,727,35.059,-118.152
MHV,2022,5,0,0.00324963924963924,693,35.059,-118.152
MHV,2022,6,0,0.00262345679012345,648,35.059,-118.152
MHV,2022,7,0,0.0012934306569343,685,35.059,-118.152
MHV,2022,10,0,0.00660623117171396,742,35.059,-118.152
MHV,2022,11,0.00976290097629009,0.02980836499233365,717,35.059,-118.152
MHV,2022,12,0.02553763440860215,0.07595595701910259,744,35.059,-118.152
MHV,2023,1,0.04993252361673414,0.0890589474301239,741,35.059,-118.152
MHV,2023,3,0.04979811574697174,0.06230280721402362,743,35.059,-118.152
MHV,2023,4,0,0.00949779986052998,717,35.059,-118.152
MHV,2023,5,0,0.00593943657219973,741,35.059,-118.152
MHV,2023,6,0,0.0062032178030303,720,35.059,-118.152
MHV,2023,7,0,5.161290322580645e-4,744,35.059,-118.152
MHV,2023,8,0,0.02198301826252135,743,35.059,-118.152
MHV,2023,9,0,0.012983227124183,720,35.059,-118.152
MHV,2023,10,0,0.00903745162043312,744,35.059,-118.152
MHV,2023,11,0.00557103064066852,0.01726404930559385,718,35.059,-118.152
MHV,2023,12,0.00672043010752688,0.05832448238024379,744,35.059,-118.152
MHV,2024,1,0.00268817204301075,0.06998855322586077,744,35.059,-118.152
MHV,2024,2,0,0.08153672648780085,689,35.059,-118.152
MHV,2024,3,0.00134952766531713,0.03395040485829959,741,35.059,-118.152
MHV,2024,4,0,0.01984514333178797,719,35.059,-118.152
MHV,2024,5,0,0.00313179099462365,744,35.059,-118.152
MHV,2024,6,0,0.00132888888888888,720,35.059,-118.152
MHV,2024,7,0,5.82210242587601e-4,742,35.059,-118.152
MHV,2024,8,0,0.00135068493150684,730,35.059,-118.152
MHV,2024,10,0,0.00847044010250788,722,35.059,-118.152
MHV,2024,11,0,0.03233574384512738,713,35.059,-118.152
MHV,2024,12,0,0.04133564279152256,731,35.059,-118.152
MMH,2019,1,0.02016129032258064,0.1887537175101875,744,37.6241,-118.8388
MMH,2019,2,0.00909090909090909,0.1923856951811218,660,37.6241,-118.8388
MMH,2019,3,0.00674763832658569,0.1301961128073605,741,37.6241,-118.8388
MMH,2019,4,0,0.0847983394183667,720,37.6241,-118.8388
MMH,2019,5,0,0.11655677767038046,744,37.6241,-118.8388
MMH,2019,6,0,0.04168441315860093,720,37.6241,-118.8388
MMH,2019,7,0,0.03041103948579341,743,37.6241,-118.8388
MMH,2019,8,0,0.02203395600864172,743,37.6241,-118.8388
MMH,2019,9,0,0.04070305402625821,710,37.6241,-118.8388
MMH,2019,10,0,0.02922616415732088,735,37.6241,-118.8388
MMH,2019,11,0.00835654596100278,0.09787688701214488,718,37.6241,-118.8388
MMH,2019,12,0.02956989247311828,0.21843777575839188,744,37.6241,-118.8388
MMH,2020,1,0,0.13853980436753768,717,37.6241,-118.8388
MMH,2020,2,0.0015015015015015,0.095684613570531,666,37.6241,-118.8388
MMH,2020,3,0.0081190798376184,0.13126746553664004,739,37.6241,-118.8388
MMH,2020,4,0,0.11345840791997554,717,37.6241,-118.8388
MMH,2020,5,0,0.04092917458819631,743,37.6241,-118.8388
MMH,2020,6,0,0.03092005833831473,718,37.6241,-118.8388
MMH,2020,7,0,0.0217603300795648,744,37.6241,-118.8388
MMH,2020,8,0,0.02418186193415541,744,37.6241,-118.8388
MMH,2020,9,0,0.02227710736095345,717,37.6241,-118.8388
MMH,2020,10,0,0.02228255358247086,732,37.6241,-118.8388
MMH,2020,11,0,0.07446333748799905,713,37.6241,-118.8388
MMH,2021,1,0.0053835800807537,0.1411756657094599,743,37.6241,-118.8388
MMH,2021,2,0,0.1290830878370247,672,37.6241,-118.8388
MMH,2021,3,0,0.1010953686990221,743,37.6241,-118.8388
MMH,2021,4,0,0.06000926346794283,715,37.6241,-118.8388
MMH,2021,5,0,0.0447530776046852,722,37.6241,-118.8388
MMH,2021,8,0,0.01948006079027355,700,37.6241,-118.8388
MMH,2021,9,0,0.0230456101005968,704,37.6241,-118.8388
MMH,2021,10,0.00418410041841004,0.08248262790683668,717,37.6241,-118.8388
MMH,2021,11,0,0.08434974405104428,715,37.6241,-118.8388
MMH,2021,12,0.00708215297450424,0.18248679979827448,706,37.6241,-118.8388
MMH,2022,1,0,0.13922395499780796,722,37.6241,-118.8388
MMH,2022,3,0,0.09858846554572084,720,37.6241,-118.8388
MMH,2022,4,0,0.05744078343024472,715,37.6241,-118.8388
MMH,2022,5,0,0.04006850404065146,686,37.6241,-118.8388
MMH,2022,8,0,0.04078707197537348,744,37.6241,-118.8388
MMH,2022,10,0,0.03191213025241725,696,37.6241,-118.8388
MMH,2022,11,0.00279329608938547,0.13608501437485013,716,37.6241,-118.8388
MMH,2023,1,0.02960969044414535,0.22310708517224245,743,37.6241,-118.8388
MMH,2023,2,0.00151057401812688,0.15923224510970735,662,37.6241,-118.8388
MMH,2023,3,0.01079622132253711,0.17158209905691882,741,37.6241,-118.8388
MMH,2023,4,0,0.0892347714128464,720,37.6241,-118.8388
MMH,2023,5,0,0.11031658377468848,741,37.6241,-118.8388
MMH,2023,6,0,0.0658271181882267,718,37.6241,-118.8388
MMH,2023,7,0,0.02028270286316084,744,37.6241,-118.8388
MMH,2023,8,0.00403768506056527,0.04750000497690178,743,37.6241,-118.8388
MMH,2023,9,0,0.04482473522481608,720,37.6241,-118.8388
MMH,2023,10,0.02162162162162162,0.05059012635652853,740,37.6241,-118.8388
MMH,2023,11,0,0.0726254655054501,716,37.6241,-118.8388
MMH,2023,12,0.00672947510094212,0.11512888808326574,743,37.6241,-118.8388
MMH,2024,1,0,0.1653308898714272,744,37.6241,-118.8388
MMH,2024,2,0.01017441860465116,0.18329567968370128,688,37.6241,-118.8388
MMH,2024,3,0.00277008310249307,0.13724895883886756,722,37.6241,-118.8388
MMH,2024,4,0,0.09695241039886804,719,37.6241,-118.8388
MMH,2024,5,0,0.06616879812659017,740,37.6241,-118.8388
MMH,2024,6,0,0.0304270706872625,719,37.6241,-118.8388
MMH,2024,7,0,0.02338647189583995,737,37.6241,-118.8388
MMH,2024,8,0,0.0203827733229833,742,37.6241,-118.8388
MMH,2024,9,0,0.03373208034263014,720,37.6241,-118.8388
MMH,2024,10,0.00272108843537414,0.03017362631828644,735,37.6241,-118.8388
MMH,2024,11,0.05742296918767507,0.1048648830562288,714,37.6241,-118.8388
MMH,2024,12,0.02038043478260869,0.1484327336567418,736,37.6241,-118.8388
MRY,2019,1,0.03225806451612903,0.11392970562154342,744,36.5904,-121.8488
MRY,2019,2,0.07898658718330849,0.09635874161417464,671,36.5904,-121.8488
MRY,2019,3,0.04851752021563342,0.0976975417429255,742,36.5904,-121.8488
MRY,2019,4,0.075,0.10436754061582502,720,36.5904,-121.8488
MRY,2019,5,0.05937921727395411,0.09504364207696483,741,36.5904,-121.8488
MRY,2019,6,0.08472222222222223,0.0892530414289079,720,36.5904,-121.8488
MRY,2019,7,0.10810810810810811,0.09973442220253216,740,36.5904,-121.8488
MRY,2019,8,0.14131897711978467,0.12028374596566246,743,36.5904,-121.8488
MRY,2019,9,0.0379746835443038,0.11752362104077135,711,36.5904,-121.8488
MRY,2019,10,0.02688172043010752,0.07358786687391555,744,36.5904,-121.8488
MRY,2019,11,0.17712691771269176,0.11835003305391378,717,36.5904,-121.8488
MRY,2019,12,0.07547169811320754,0.13670928808107144,742,36.5904,-121.8488
MRY,2020,1,0.05376344086021505,0.12117219801612096,744,36.5904,-121.8488
MRY,2020,2,0.03597122302158273,0.0830488039832128,695,36.5904,-121.8488
MRY,2020,3,0.03913630229419703,0.08418914156494633,741,36.5904,-121.8488
MRY,2020,4,0.08519553072625698,0.08570655279477388,716,36.5904,-121.8488
MRY,2020,5,0.02679830747531735,0.08975398850826226,709,36.5904,-121.8488
MRY,2020,6,0.07222222222222222,0.08188577368997008,720,36.5904,-121.8488
MRY,2020,7,0.08264462809917356,0.08410987720504114,726,36.5904,-121.8488
MRY,2020,8,0.0228494623655914,0.10374410233174391,744,36.5904,-121.8488
MRY,2020,10,0.18319559228650137,0.09489939287677368,726,36.5904,-121.8488
MRY,2020,11,0.07391910739191074,0.09185848674733887,717,36.5904,-121.8488
MRY,2020,12,0.06873315363881402,0.10444782757257225,742,36.5904,-121.8488
MRY,2021,1,0.08613728129205922,0.1162965614033761,743,36.5904,-121.8488
MRY,2021,2,0.06994047619047619,0.08470801810162096,672,36.5904,-121.8488
MRY,2021,3,0.03913630229419703,0.07012118995096621,741,36.5904,-121.8488
MRY,2021,4,0.04444444444444444,0.0679394177383458,720,36.5904,-121.8488
MRY,2021,5,0.08172362555720654,0.0773028695792553,673,36.5904,-121.8488
MRY,2021,6,0.10555555555555556,0.08959354982457399,720,36.5904,-121.8488
MRY,2021,7,0.1763085399449036,0.08487933163951118,726,36.5904,-121.8488
MRY,2021,8,0.13172043010752688,0.1050862165221626,744,36.5904,-121.8488
MRY,2021,9,0.12517385257301808,0.1179415457768209,719,36.5904,-121.8488
MRY,2021,10,0.06191117092866756,0.10981539571159696,743,36.5904,-121.8488
MRY,2021,11,0.10181311018131102,0.11364337227639223,717,36.5904,-121.8488
MRY,2021,12,0.12382234185733512,0.122814136022406,743,36.5904,-121.8488
MRY,2022,1,0.07258064516129033,0.10582464507866676,744,36.5904,-121.8488
MRY,2022,2,0.03576751117734724,0.06528357937040224,671,36.5904,-121.8488
MRY,2022,3,0.10569105691056913,0.0827497734065497,738,36.5904,-121.8488
MRY,2022,4,0.04722222222222222,0.07028017458763497,720,36.5904,-121.8488
MRY,2022,5,0.0564516129032258,0.07194344884818557,744,36.5904,-121.8488
MRY,2022,6,0.10416666666666669,0.08133699520681692,720,36.5904,-121.8488
MRY,2022,7,0.14650537634408603,0.09657689077234947,744,36.5904,-121.8488
MRY,2022,8,0.1480484522207268,0.10440116840955574,743,36.5904,-121.8488
MRY,2022,9,0.1125,0.10945627154235084,720,36.5904,-121.8488
MRY,2022,10,0.20698924731182797,0.12323524405073276,744,36.5904,-121.8488
MRY,2022,11,0.03203342618384401,0.0807301017454882,718,36.5904,-121.8488
MRY,2022,12,0.1303763440860215,0.1427353936285232,744,36.5904,-121.8488
MRY,2023,1,0.05284552845528455,0.10637550941417404,738,36.5904,-121.8488
MRY,2023,2,0.04464285714285714,0.08401749907364842,672,36.5904,-121.8488
MRY,2023,3,0.11185983827493262,0.10500786837689136,742,36.5904,-121.8488
MRY,2023,4,0.10555555555555556,0.07692466797829933,720,36.5904,-121.8488
MRY,2023,5,0.14650537634408603,0.08397419373046355,744,36.5904,-121.8488
MRY,2023,6,0.0763888888888889,0.08303068366401983,720,36.5904,-121.8488
MRY,2023,7,0.2271505376344086,0.08407883421233962,744,36.5904,-121.8488
MRY,2023,8,0.12962962962962962,0.11428729742989371,702,36.5904,-121.8488
MRY,2023,9,0.10138888888888888,0.12706349333956948,720,36.5904,-121.8488
MRY,2023,10,0.09543010752688172,0.1143765944791388,744,36.5904,-121.8488
MRY,2023,11,0.02367688022284122,0.09252940888384732,718,36.5904,-121.8488
MRY,2023,12,0.0739247311827957,0.1244183883130246,744,36.5904,-121.8488
MRY,2024,1,0.07816711590296496,0.1209493083884732,742,36.5904,-121.8488
MRY,2024,2,0.05747126436781609,0.11343484811348838,696,36.5904,-121.8488
MRY,2024,3,0.04864864864864865,0.08816245760453738,740,36.5904,-121.8488
MRY,2024,4,0.05138888888888889,0.08782725877119857,720,36.5904,-121.8488
MRY,2024,5,0.07744565217391304,0.07697385999794285,736,36.5904,-121.8488
MRY,2024,6,0.07464788732394366,0.07712804938219331,710,36.5904,-121.8488
MRY,2024,7,0.1791044776119403,0.09451842544023988,737,36.5904,-121.8488
MRY,2024,8,0.15456989247311828,0.10684590364500744,744,36.5904,-121.8488
MRY,2024,9,0.1736111111111111,0.12717102056150162,720,36.5904,-121.8488
MRY,2024,10,0.10029498525073746,0.10433195346688184,678,36.5904,-121.8488
MRY,2024,12,0.10096818810511755,0.11500134878681996,723,36.5904,-121.8488
NTD,2019,1,0.13728129205921938,0.21666209573557907,743,34.12,-119.12
NTD,2019,2,0.06845238095238096,0.11839384030126386,672,34.12,-119.12
NTD,2019,3,0.05787348586810229,0.09895100656861362,743,34.12,-119.12
NTD,2019,4,0.15524475524475526,0.09453189908788472,715,34.12,-119.12
NTD,2019,5,0.09946236559139784,0.10624748303374627,744,34.12,-119.12
NTD,2019,6,0.2763888888888889,0.1324662181382753,720,34.12,-119.12
NTD,2019,7,0.2567204301075269,0.12604414046284218,744,34.12,-119.12
NTD,2019,8,0.24393530997304583,0.12956513686036494,742,34.12,-119.12
NTD,2019,9,0.1375,0.12481642612962264,720,34.12,-119.12
NTD,2019,10,0.03225806451612903,0.10031017683566608,744,34.12,-119.12
NTD,2019,11,0.17548746518105848,0.15677715888789312,718,34.12,-119.12
NTD,2019,12,0.08412483039348712,0.20206353345289296,737,34.12,-119.12
NTD,2020,2,0.10647482014388487,0.09926349546593882,695,34.12,-119.12
NTD,2020,3,0.07267833109017496,0.09831299835507969,743,34.12,-119.12
NTD,2020,4,0.16411682892906815,0.10707667015537542,719,34.12,-119.12
NTD,2020,5,0.1426648721399731,0.10555108581160529,743,34.12,-119.12
NTD,2020,6,0.06397774687065369,0.1008836105267399,719,34.12,-119.12
NTD,2020,7,0.16037735849056603,0.11186792874928,742,34.12,-119.12
NTD,2020,8,0.180349932705249,0.1140317443283888,743,34.12,-119.12
NTD,2020,9,0.29583333333333334,0.13350484725268272,720,34.12,-119.12
NTD,2020,10,0.16666666666666666,0.12947745304140193,744,34.12,-119.12
NTD,2020,11,0.12813370473537605,0.15175659893516086,718,34.12,-119.12
NTD,2020,12,0.02553763440860215,0.1433407959026673,744,34.12,-119.12
NTD,2021,1,0.03633916554508748,0.14604003343737673,743,34.12,-119.12
NTD,2021,2,0.06110283159463487,0.0842902829343619,671,34.12,-119.12
NTD,2021,3,0.02422611036339165,0.07958880154206366,743,34.12,-119.12
NTD,2021,4,0.04027777777777778,0.07851504374420365,720,34.12,-119.12
NTD,2021,5,0.05390835579514825,0.10544216877318556,742,34.12,-119.12
NTD,2021,6,0.09444444444444444,0.11395212478595523,720,34.12,-119.12
NTD,2021,7,0.04301075268817204,0.11471346109007084,744,34.12,-119.12
NTD,2021,8,0.1129032258064516,0.1223231154237862,744,34.12,-119.12
NTD,2021,9,0.16246498599439776,0.1333943831165975,714,34.12,-119.12
NTD,2021,10,0.09274193548387095,0.12525766135965194,744,34.12,-119.12
NTD,2021,11,0.21368715083798884,0.18890500783893993,716,34.12,-119.12
NTD,2021,12,0.19400855920114124,0.23796461725142504,701,34.12,-119.12
NTD,2022,1,0.0646900269541779,0.17297905915887482,742,34.12,-119.12
NTD,2022,2,0.01639344262295082,0.04996958410434861,671,34.12,-119.12
NTD,2022,3,0.09851551956815116,0.0732901931242283,741,34.12,-119.12
NTD,2022,4,0.06451612903225806,0.08099972973306944,713,34.12,-119.12
NTD,2022,5,0.05668016194331984,0.09943508751833396,741,34.12,-119.12
NTD,2022,6,0.1736111111111111,0.11367024612316055,720,34.12,-119.12
NTD,2022,7,0.21370967741935484,0.12069098894991193,744,34.12,-119.12
NTD,2022,8,0.18353576248313092,0.11117183333360878,741,34.12,-119.12
NTD,2022,10,0.2020497803806735,0.14500796715742265,683,34.12,-119.12
NTD,2022,11,0.07909604519774012,0.14215582039651234,708,34.12,-119.12
NTD,2022,12,0.1711590296495957,0.24973760289779767,742,34.12,-119.12
NTD,2023,1,0.1509433962264151,0.19035707579531905,742,34.12,-119.12
NTD,2023,2,0.08682634730538923,0.0917356634135474,668,34.12,-119.12
NTD,2023,5,0.4017341040462428,0.12226391504571768,692,34.12,-119.12
NTD,2023,6,0.3240611961057024,0.11736681963949168,719,34.12,-119.12
NTD,2023,7,0.3148148148148148,0.13780459273245407,702,34.12,-119.12
NTD,2023,8,0.3411602209944751,0.1596208521697833,724,34.12,-119.12
NTD,2023,9,0.17385257301808066,0.1365326569830038,719,34.12,-119.12
NTD,2023,10,0.11693548387096774,0.13941644868250033,744,34.12,-119.12
NTD,2023,11,0.07142857142857142,0.15093295029747467,714,34.12,-119.12
NTD,2023,12,0.11740890688259108,0.20978582888662056,741,34.12,-119.12
NTD,2024,1,0.16666666666666666,0.20513343210729615,744,34.12,-119.12
NTD,2024,2,0.18273381294964028,0.17635755652167473,695,34.12,-119.12
NTD,2024,3,0.12533692722371967,0.13203274018530262,742,34.12,-119.12
NTD,2024,4,0.17270194986072424,0.11599046271393888,718,34.12,-119.12
NTD,2024,5,0.2658569500674764,0.1302719503063975,741,34.12,-119.12
NTD,2024,6,0.33520336605890605,0.13911381604941084,713,34.12,-119.12
NTD,2024,7,0.3510928961748634,0.12397404732790746,732,34.12,-119.12
NTD,2024,8,0.2381596752368065,0.13583567963553347,739,34.12,-119.12
NTD,2024,9,0.19690576652601968,0.1374747626163935,711,34.12,-119.12
NTD,2024,10,0.3542234332425068,0.17143132809036846,734,34.12,-119.12
NTD,2024,11,0.10181311018131102,0.1664078531204738,717,34.12,-119.12
NTD,2024,12,0.3392857142857143,0.23859994290482653,672,34.12,-119.12
NXP,2019,1,0,0.05362939867456971,736,34.2962,-116.1622
NXP,2019,2,0,0.03332775651867029,670,34.2962,-116.1622
NXP,2019,3,0,0.01348247882951609,739,34.2962,-116.1622
NXP,2019,4,0,0.00491976376828868,718,34.2962,-116.1622
NXP,2019,5,0,0.00783798915343187,744,34.2962,-116.1622
NXP,2019,6,0,0.00226185185185185,720,34.2962,-116.1622
NXP,2019,7,0.00137362637362637,0.00223626373626373,728,34.2962,-116.1622
NXP,2019,8,0,0.00232345013477088,742,34.2962,-116.1622
NXP,2019,9,0,0.0059236219046899,716,34.2962,-116.1622
NXP,2019,10,0,0.00310599838148809,741,34.2962,-116.1622
NXP,2019,11,0,0.01682003034901365,659,34.2962,-116.1622
NXP,2020,1,0,0.0175407469717362,743,34.2962,-116.1622
NXP,2020,2,0,0.00868908836038552,695,34.2962,-116.1622
NXP,2020,3,0.01356852103120759,0.02548214114071093,737,34.2962,-116.1622
NXP,2020,4,0.00976290097629009,0.0170310875568477,717,34.2962,-116.1622
NXP,2020,5,0,0.00260854816824966,737,34.2962,-116.1622
NXP,2020,6,0,0.00216945996275605,716,34.2962,-116.1622
NXP,2020,7,0,0.00180636237897648,723,34.2962,-116.1622
NXP,2020,8,0,0.00235571284827035,739,34.2962,-116.1622
NXP,2020,9,0,0.00193152639087018,701,34.2962,-116.1622
NXP,2020,10,0,0.00296543332820683,734,34.2962,-116.1622
NXP,2020,11,0,0.00971448663853727,711,34.2962,-116.1622
NXP,2020,12,0,0.01859319602880633,741,34.2962,-116.1622
NXP,2021,1,0.00136239782016348,0.02430090826521344,734,34.2962,-116.1622
NXP,2021,2,0,0.00833645941508754,669,34.2962,-116.1622
NXP,2021,3,0,0.01121451945587457,732,34.2962,-116.1622
NXP,2021,4,0,0.00444808465032891,719,34.2962,-116.1622
NXP,2021,5,0,0.00318488529014844,741,34.2962,-116.1622
NXP,2021,6,0,0.00212900049236829,677,34.2962,-116.1622
NXP,2021,7,0.00145137880986937,0.00372133526850508,689,34.2962,-116.1622
NXP,2021,8,0,0.00274255971948279,702,34.2962,-116.1622
NXP,2021,9,0,0.00321799948694098,719,34.2962,-116.1622
NXP,2021,10,0,0.00640979219993957,741,34.2962,-116.1622
NXP,2021,11,0,0.00536180790960452,708,34.2962,-116.1622
NXP,2021,12,0,0.05238675734688038,705,34.2962,-116.1622
NXP,2022,1,0,0.01237750714178319,739,34.2962,-116.1622
NXP,2022,3,0,0.00748527325999319,725,34.2962,-116.1622
NXP,2022,4,0,0.00430291543066899,720,34.2962,-116.1622
NXP,2022,5,0,0.00290054599488561,742,34.2962,-116.1622
NXP,2022,6,0,0.00230296708391284,719,34.2962,-116.1622
NXP,2022,7,0,0.0030016129032258,744,34.2962,-116.1622
NXP,2023,5,0,0.00417209140066282,735,34.2962,-116.1622
NXP,2023,6,0,0.00293672223448146,711,34.2962,-116.1622
NXP,2023,7,0,0.00191902834008097,741,34.2962,-116.1622
NXP,2023,8,0.01040118870728083,0.01485825136637757,673,34.2962,-116.1622
NXP,2023,9,0,0.00931604985184076,709,34.2962,-116.1622
NXP,2023,10,0,0.00494333852907373,739,34.2962,-116.1622
NXP,2023,11,0.00291120815138282,0.01924882618594409,687,34.2962,-116.1622
NXP,2023,12,0.00557103064066852,0.03392300294876897,718,34.2962,-116.1622
NXP,2024,1,0.00953678474114441,0.04385091893394864,734,34.2962,-116.1622
NXP,2024,2,0.01594202898550724,0.03656374893844186,690,34.2962,-116.1622
NXP,2024,3,0,0.018036552720701,739,34.2962,-116.1622
NXP,2024,4,0,0.00564204029395335,693,34.2962,-116.1622
NXP,2024,5,0,0.00296458197489388,734,34.2962,-116.1622
NXP,2024,6,0,0.00184126984126984,693,34.2962,-116.1622
NXP,2024,7,0,0.00192655367231638,708,34.2962,-116.1622
NXP,2024,8,0,0.00234530386740331,724,34.2962,-116.1622
NXP,2024,9,0,0.00279116483516483,700,34.2962,-116.1622
NXP,2024,11,0,0.01341014698909435,703,34.2962,-116.1622
NXP,2024,12,0,0.01927597887047039,708,34.2962,-116.1622
NZY,2019,1,0.04588394062078273,0.2236996130320297,741,32.6922,-117.2098
NZY,2019,2,0.0374251497005988,0.15537508421701757,668,32.6922,-117.2098
NZY,2019,3,0.01617250673854447,0.1825455339718823,742,32.6922,-117.2098
NZY,2019,4,0.03894297635605007,0.1883456500893493,719,32.6922,-117.2098
NZY,2019,5,0.02553763440860215,0.17132412479348644,744,32.6922,-117.2098
NZY,2019,6,0.03059805285118219,0.19334322769972256,719,32.6922,-117.2098
NZY,2019,7,0.04032258064516129,0.21354346111509967,744,32.6922,-117.2098
NZY,2019,8,0.02419354838709677,0.2204905219967306,744,32.6922,-117.2098
NZY,2019,9,0.03194444444444444,0.2017499306723043,720,32.6922,-117.2098
NZY,2019,10,0.02288021534320323,0.19381698061627217,743,32.6922,-117.2098
NZY,2019,11,0.11064425770308124,0.24265836262574345,714,32.6922,-117.2098
NZY,2019,12,0.07816711590296496,0.21594390360435223,742,32.6922,-117.2098
NZY,2020,1,0.09029649595687332,0.21557084076342067,742,32.6922,-117.2098
NZY,2020,2,0.05619596541786743,0.17791647441612018,694,32.6922,-117.2098
NZY,2020,3,0.03913630229419703,0.18124319108103135,741,32.6922,-117.2098
NZY,2020,4,0.12100139082058414,0.20220079374536432,719,32.6922,-117.2098
NZY,2020,5,0.02422611036339165,0.19433394130899628,743,32.6922,-117.2098
NZY,2020,6,0.02228412256267409,0.18648390530699857,718,32.6922,-117.2098
NZY,2020,7,0.01881720430107527,0.20130971817454743,744,32.6922,-117.2098
NZY,2020,8,0.05779569892473118,0.20792645299893975,744,32.6922,-117.2098
NZY,2020,9,0.075,0.20699165235705216,720,32.6922,-117.2098
NZY,2020,10,0.13844086021505375,0.21080385084420047,744,32.6922,-117.2098
NZY,2020,11,0.11977715877437324,0.2297002286312142,718,32.6922,-117.2098
NZY,2020,12,0.04037685060565275,0.18269376396516804,743,32.6922,-117.2098
NZY,2021,1,0.1303763440860215,0.1840564791242833,744,32.6922,-117.2098
NZY,2021,2,0.06708268330733229,0.1781360656121326,641,32.6922,-117.2098
NZY,2021,3,0.01617250673854447,0.16369295863080416,742,32.6922,-117.2098
NZY,2021,4,0.00833333333333333,0.1690564851410765,720,32.6922,-117.2098
NZY,2021,5,0.0228494623655914,0.17240381314774222,744,32.6922,-117.2098
NZY,2021,6,0.04027777777777778,0.193076395795166,720,32.6922,-117.2098
NZY,2021,7,0.01886792452830188,0.18960133285758557,742,32.6922,-117.2098
NZY,2021,8,0.06191117092866756,0.1902496520086215,743,32.6922,-117.2098
NZY,2021,9,0.02086230876216968,0.20253883866021813,719,32.6922,-117.2098
NZY,2021,10,0.03252032520325203,0.2013111034194865,738,32.6922,-117.2098
NZY,2021,11,0.17737430167597765,0.2541927596365493,716,32.6922,-117.2098
NZY,2021,12,0.10190217391304349,0.23191488771989513,736,32.6922,-117.2098
NZY,2022,1,0.0421195652173913,0.18581162760126152,736,32.6922,-117.2098
NZY,2022,2,0.01799100449775112,0.13300369183474642,667,32.6922,-117.2098
NZY,2022,3,0.05548037889039242,0.17642423037443647,739,32.6922,-117.2098
NZY,2022,4,0.05138888888888889,0.17108704906310593,720,32.6922,-117.2098
NZY,2022,5,0.02688172043010752,0.16901092914252316,744,32.6922,-117.2098
NZY,2022,6,0.03616133518776078,0.19640260106103372,719,32.6922,-117.2098
NZY,2022,7,0.02306648575305291,0.19332676069320257,737,32.6922,-117.2098
NZY,2022,8,0.03494623655913978,0.16970751655108898,744,32.6922,-117.2098
NZY,2022,9,0.12916666666666668,0.20022039904196187,720,32.6922,-117.2098
NZY,2022,10,0.07123655913978495,0.21996174273796848,744,32.6922,-117.2098
NZY,2022,11,0.05571030640668523,0.18005168280165196,718,32.6922,-117.2098
NZY,2022,12,0.11978465679676983,0.21687417996798317,743,32.6922,-117.2098
NZY,2023,1,0.13121546961325967,0.19427434671145188,724,32.6922,-117.2098
NZY,2023,2,0.02831594634873323,0.14038922961323297,671,32.6922,-117.2098
NZY,2023,3,0.1489655172413793,0.19739693668331973,725,32.6922,-117.2098
NZY,2023,4,0.14484679665738162,0.16914047568752977,718,32.6922,-117.2098
NZY,2023,5,0.03230148048452221,0.16668600057396926,743,32.6922,-117.2098
NZY,2023,6,0.01111111111111111,0.17663407588821545,720,32.6922,-117.2098
NZY,2023,7,0.11693548387096774,0.20293954106347353,744,32.6922,-117.2098
NZY,2023,8,0.09446693657219972,0.2110738631835852,741,32.6922,-117.2098
NZY,2023,9,0.05710306406685236,0.2037411635015694,718,32.6922,-117.2098
NZY,2023,10,0.13844086021505375,0.22409131399924195,744,32.6922,-117.2098
NZY,2023,11,0.07402234636871509,0.21391704117783208,716,32.6922,-117.2098
NZY,2023,12,0.1417004048582996,0.2428938237788444,741,32.6922,-117.2098
NZY,2024,1,0.09264305177111716,0.2236802416408431,734,32.6922,-117.2098
NZY,2024,2,0.06027820710973725,0.19985951037952784,647,32.6922,-117.2098
NZY,2024,4,0.03879310344827586,0.1749445018926897,696,32.6922,-117.2098
NZY,2024,5,0.00552486187845303,0.16348102044957094,724,32.6922,-117.2098
NZY,2024,6,0.03498542274052478,0.18646964679448227,686,32.6922,-117.2098
NZY,2024,7,0.07123287671232877,0.1964416497436245,730,32.6922,-117.2098
NZY,2024,8,0.04619565217391304,0.1944631351726604,736,32.6922,-117.2098
NZY,2024,9,0.05034965034965035,0.19925827754401976,715,32.6922,-117.2098
NZY,2024,10,0.2862903225806452,0.23063794327898657,744,32.6922,-117.2098
NZY,2024,11,0.07938718662952646,0.20726222965195232,718,32.6922,-117.2098
NZY,2024,12,0.3446866485013624,0.26096912433661446,734,32.6922,-117.2098
O05,2021,7,0.01639344262295082,0.01244931100023758,732,40.2824,-121.2412
O05,2021,10,0.155049786628734,0.14893110824145248,703,40.2824,-121.2412
O05,2021,11,0.0676056338028169,0.14748065074489658,710,40.2824,-121.2412
O05,2021,12,0.33047210300429186,0.26568839961727736,699,40.2824,-121.2412
O05,2022,1,0.10483870967741936,0.15722897407370898,744,40.2824,-121.2412
O05,2022,2,0.02083333333333333,0.06440986188124653,672,40.2824,-121.2412
O05,2022,3,0.04413793103448275,0.08931480132391588,725,40.2824,-121.2412
O05,2022,4,0.10028248587570622,0.10579117779688456,708,40.2824,-121.2412
O05,2022,5,0.02578018995929443,0.0560248045185618,737,40.2824,-121.2412
O05,2022,6,0.02528089887640449,0.03807138079097354,712,40.2824,-121.2412
O05,2022,8,0,0.02272800356310669,730,40.2824,-121.2412
O05,2022,9,0.02228412256267409,0.05613962795497277,718,40.2824,-121.2412
O05,2022,10,0.00544217687074829,0.03306568941135009,735,40.2824,-121.2412
O05,2022,11,0.12691771269177127,0.181563470580924,717,40.2824,-121.2412
O05,2022,12,0.4350828729281768,0.2919717099087179,724,40.2824,-121.2412
O05,2023,1,0.3263785394932936,0.23541198772152996,671,40.2824,-121.2412
O05,2023,2,0.1696,0.15579115864005605,625,40.2824,-121.2412
O05,2023,3,0.2847124824684432,0.20370292595511497,713,40.2824,-121.2412
O05,2023,4,0.04195804195804196,0.0952656675222635,715,40.2824,-121.2412
O05,2023,9,0.02339181286549707,0.07683359793225547,684,40.2824,-121.2412
O05,2023,10,0.01506849315068493,0.05896160065762575,730,40.2824,-121.2412
O05,2023,11,0.08764367816091954,0.13731290275376742,696,40.2824,-121.2412
O05,2023,12,0.1601615074024226,0.24417370148446152,743,40.2824,-121.2412
O05,2024,1,0.2271505376344086,0.2782307962403772,744,40.2824,-121.2412
O05,2024,2,0.3119533527696793,0.2253485914709186,686,40.2824,-121.2412
O05,2024,3,0.2591093117408907,0.1864783468026151,741,40.2824,-121.2412
O05,2024,4,0.06288343558282208,0.12227053860475257,652,40.2824,-121.2412
O05,2024,6,0,0.01654000342602027,719,40.2824,-121.2412
O05,2024,7,0,0.01038211817308322,724,40.2824,-121.2412
O05,2024,8,0.0053763440860215,0.03696034432146038,744,40.2824,-121.2412
O05,2024,10,0.02162162162162162,0.05190523193883319,740,40.2824,-121.2412
O05,2024,11,0.16017316017316016,0.2086940231236484,693,40.2824,-121.2412
O05,2024,12,0.2646657571623465,0.243571418794473,733,40.2824,-121.2412
O22,2019,1,0.1814516129032258,0.139022604780795,744,38.0304,-120.4146
O22,2019,3,0.16946778711484595,0.1305436455126657,714,38.0304,-120.4146
O22,2019,4,0.02364394993045897,0.07803960084345826,719,38.0304,-120.4146
O22,2019,5,0.2503382949932341,0.10978114684864893,739,38.0304,-120.4146
O22,2019,6,0.02702702702702703,0.04933582371408933,703,38.0304,-120.4146
O22,2019,7,0,0.03810030973108329,741,38.0304,-120.4146
O22,2019,8,0,0.03455328258069027,743,38.0304,-120.4146
O22,2019,9,0.00418994413407821,0.04929826469106248,716,38.0304,-120.4146
O22,2019,10,0,0.01922030923386659,685,38.0304,-120.4146
O22,2019,11,0.05734265734265734,0.05804738758785758,715,38.0304,-120.4146
O22,2019,12,0.2163978494623656,0.16504958845226556,744,38.0304,-120.4146
O22,2020,7,0,0.02900260286752504,743,38.0304,-120.4146
O22,2020,8,0,0.03282546704503488,744,38.0304,-120.4146
O22,2020,11,0.06591865357643759,0.05879835416499495,713,38.0304,-120.4146
O22,2020,12,0.15188172043010753,0.08413040709613577,744,38.0304,-120.4146
O22,2021,1,0.2425068119891008,0.10883093691059624,734,38.0304,-120.4146
O22,2021,2,0.09077380952380952,0.0821581127960969,672,38.0304,-120.4146
O22,2021,3,0.08221024258760108,0.06759291271656932,742,38.0304,-120.4146
O22,2021,4,0.00558659217877095,0.03218299790481556,716,38.0304,-120.4146
O22,2021,5,0,0.02965209732544017,742,38.0304,-120.4146
O22,2021,6,0,0.03053582928457241,719,38.0304,-120.4146
O22,2021,7,0,0.02538177521167484,739,38.0304,-120.4146
O22,2021,8,0,0.02982962438200137,725,38.0304,-120.4146
O22,2021,9,0.00139082058414464,0.03247652563306814,719,38.0304,-120.4146
O22,2021,10,0.06740027510316368,0.0817972586482484,727,38.0304,-120.4146
O22,2021,11,0.11484593837535012,0.08736363732135975,714,38.0304,-120.4146
O22,2021,12,0.3724696356275304,0.19322443545863177,741,38.0304,-120.4146
O22,2023,1,0.24226110363391656,0.15809221969201745,743,38.0304,-120.4146
O22,2023,2,0.1592261904761905,0.11557076551851508,672,38.0304,-120.4146
O22,2023,3,0.24830393487109903,0.16373684656325066,737,38.0304,-120.4146
O22,2023,4,0.00277777777777777,0.04338987601073491,720,38.0304,-120.4146
O22,2023,5,0.02564102564102564,0.06735868746576193,741,38.0304,-120.4146
O22,2023,6,0.00417827298050139,0.06526875440301254,718,38.0304,-120.4146
O22,2023,7,0,0.02709829525221942,742,38.0304,-120.4146
O22,2023,8,0.0013531799729364,0.04015077105308622,739,38.0304,-120.4146
O22,2023,9,0.00280504908835904,0.07678610824446865,713,38.0304,-120.4146
O22,2023,10,0.0242914979757085,0.04797310400699257,741,38.0304,-120.4146
O22,2023,11,0.04888268156424581,0.061387822806815,716,38.0304,-120.4146
O22,2023,12,0.04710632570659488,0.11441665894321544,743,38.0304,-120.4146
O22,2024,1,0.1628222523744912,0.1621869868274711,737,38.0304,-120.4146
O22,2024,2,0.14119359534206696,0.15213673522075302,687,38.0304,-120.4146
O22,2024,3,0.12672176308539945,0.10799111614184412,726,38.0304,-120.4146
O22,2024,4,0.05694444444444444,0.09117992145148988,720,38.0304,-120.4146
O22,2024,5,0.0215343203230148,0.04818425286506931,743,38.0304,-120.4146
O22,2024,6,0,0.03530016719302586,719,38.0304,-120.4146
O22,2024,7,0,0.0259094307483527,740,38.0304,-120.4146
O22,2024,8,0,0.03065856832502251,742,38.0304,-120.4146
O22,2024,9,0,0.0331631684201251,718,38.0304,-120.4146
O22,2024,12,0.16870748299319727,0.13585713232507693,735,38.0304,-120.4146
O32,2019,3,0.01621621621621621,0.09503748722017698,740,36.671,-119.451
O32,2019,4,0.00416666666666666,0.07779146864340257,720,36.671,-119.451
O32,2019,8,0,0.02383353951933069,743,36.671,-119.451
O32,2019,9,0.00139275766016713,0.04008817932936159,718,36.671,-119.451
O32,2019,10,0.00672043010752688,0.03558768849072313,744,36.671,-119.451
O32,2019,11,0.07103064066852367,0.08359676789978326,718,36.671,-119.451
O32,2019,12,0.20967741935483872,0.18301788669822328,744,36.671,-119.451
O32,2020,1,0.4952893674293405,0.19077776467840357,743,36.671,-119.451
O32,2020,2,0.08201438848920864,0.05503022003560107,695,36.671,-119.451
O32,2020,3,0.0269179004037685,0.0722091113082364,743,36.671,-119.451
O32,2020,4,0.02649930264993026,0.09553545134549855,717,36.671,-119.451
O32,2020,6,0.02364394993045897,0.03749472318945506,719,36.671,-119.451
O32,2020,7,0,0.02550067078491483,744,36.671,-119.451
O32,2020,8,0.02150537634408602,0.01978545853714383,744,36.671,-119.451
O32,2020,9,0.08194444444444444,0.03458106006545575,720,36.671,-119.451
O32,2020,11,0.1573816155988858,0.08230313312368019,718,36.671,-119.451
O32,2020,12,0.4059139784946236,0.1412754498463518,744,36.671,-119.451
O32,2021,1,0.33781965006729475,0.14304510199956766,743,36.671,-119.451
O32,2021,7,0,0.02031323954766229,744,36.671,-119.451
O32,2021,8,0.0042796005706134,0.01957960576254602,701,36.671,-119.451
O32,2021,9,0.00725689404934688,0.03074737770203605,689,36.671,-119.451
O32,2022,8,0,0.01805534996019779,744,36.671,-119.451
O32,2022,9,0.00277777777777777,0.03796583765872459,720,36.671,-119.451
O32,2022,10,0.00403225806451612,0.04279885481998427,744,36.671,-119.451
O32,2022,11,0.29707112970711297,0.0875020259881556,717,36.671,-119.451
O32,2022,12,0.458950201884253,0.20878222371596272,743,36.671,-119.451
O32,2023,1,0.2213225371120108,0.16747656677879735,741,36.671,-119.451
O32,2023,2,0.09431137724550898,0.10409078412305474,668,36.671,-119.451
O32,2023,3,0.10405405405405406,0.1303732602419162,740,36.671,-119.451
O32,2023,4,0.01388888888888888,0.06502844311215315,720,36.671,-119.451
O32,2023,5,0.01214574898785425,0.05661199760166303,741,36.671,-119.451
O32,2023,6,0.01390820584144645,0.05780756594677547,719,36.671,-119.451
O32,2023,7,0,0.02618982863482615,740,36.671,-119.451
O32,2023,8,0.02960969044414535,0.03279947675069242,743,36.671,-119.451
O32,2023,9,0.00972222222222222,0.04881187202349506,720,36.671,-119.451
O32,2023,10,0.15561569688768606,0.06187902048827613,739,36.671,-119.451
O32,2023,11,0.2783216783216783,0.07793355926484687,715,36.671,-119.451
O32,2023,12,0.2557200538358008,0.17512514293174758,743,36.671,-119.451
O32,2024,1,0.28225806451612906,0.19647415251834632,744,36.671,-119.451
O32,2024,2,0.17612809315866085,0.1281942385204635,687,36.671,-119.451
O32,2024,3,0.0796221322537112,0.08714302834980307,741,36.671,-119.451
O32,2024,4,0.03703703703703703,0.08960460176809278,702,36.671,-119.451
O32,2024,5,0.02960969044414535,0.05784820347018913,743,36.671,-119.451
O32,2024,6,0,0.03383304672519798,719,36.671,-119.451
O32,2024,7,0,0.02218316738846311,740,36.671,-119.451
O32,2024,8,0,0.03190646100945996,741,36.671,-119.451
O32,2024,9,0.02086230876216968,0.04330626751808211,719,36.671,-119.451
O32,2024,10,0.09005376344086022,0.04949930560150013,744,36.671,-119.451
O32,2024,11,0.26441631504922647,0.1124475073444749,711,36.671,-119.451
O32,2024,12,0.45516304347826086,0.21117995370767575,736,36.671,-119.451
O54,2019,1,0,0.2126323520048814,733,40.7473,-122.9223
O54,2019,4,0,0.12177323144705147,719,40.7473,-122.9223
O54,2019,5,0,0.1114449164103134,743,40.7473,-122.9223
O54,2019,6,0,0.04835337319890902,713,40.7473,-122.9223
O54,2019,7,0,0.03719495821492202,742,40.7473,-122.9223
O54,2019,8,0,0.04368151745597912,739,40.7473,-122.9223
O54,2019,9,0,0.0711140490041079,718,40.7473,-122.9223
O54,2019,10,0,0.03879204762962936,743,40.7473,-122.9223
O54,2019,11,0,0.08675897919811383,712,40.7473,-122.9223
O54,2019,12,0,0.26481604214193105,742,40.7473,-122.9223
O54,2020,1,0,0.2277171050911261,736,40.7473,-122.9223
O54,2020,2,0,0.05361056853819773,692,40.7473,-122.9223
O54,2020,3,0,0.1017865244046244,724,40.7473,-122.9223
O54,2020,4,0,0.08224594936721945,716,40.7473,-122.9223
O54,2020,5,0,0.0961039654086536,743,40.7473,-122.9223
O54,2020,6,0,0.06241848645232991,715,40.7473,-122.9223
O54,2020,7,0,0.02668901031336314,737,40.7473,-122.9223
O54,2023,10,0.08137931034482758,0.09339670231495868,725,40.7473,-122.9223
O54,2023,12,0.5974025974025974,0.2513321169963159,693,40.7473,-122.9223
O54,2024,1,0.5121951219512195,0.28130085284854406,738,40.7473,-122.9223
O54,2024,2,0.433587786259542,0.2066916022367612,655,40.7473,-122.9223
O54,2024,4,0.05094614264919941,0.09490668030926076,687,40.7473,-122.9223
O54,2024,6,0,0.03529678349356922,656,40.7473,-122.9223
O54,2024,7,0,0.03011501959108952,742,40.7473,-122.9223
O54,2024,10,0.02560455192034139,0.06465138726753066,703,40.7473,-122.9223
O86,2019,1,0,0.22929970416403272,700,40.9828,-122.6937
O86,2019,2,0,0.2425943603218681,656,40.9828,-122.6937
O86,2019,3,0,0.16950147246848704,736,40.9828,-122.6937
O86,2019,4,0,0.1215308943521842,699,40.9828,-122.6937
O86,2019,5,0,0.08545185262893264,731,40.9828,-122.6937
O86,2019,6,0,0.01975788215162702,690,40.9828,-122.6937
O86,2019,7,0,0.01133439826356508,729,40.9828,-122.6937
O86,2019,8,0,0.01900068741413783,738,40.9828,-122.6937
O86,2019,9,0,0.04909740039233188,709,40.9828,-122.6937
O86,2019,10,0,0.0315200199758523,733,40.9828,-122.6937
O86,2019,11,0,0.0801769134338339,698,40.9828,-122.6937
O86,2020,2,0,0.04100167190848651,690,40.9828,-122.6937
O86,2020,3,0,0.1086965865364493,730,40.9828,-122.6937
O86,2020,4,0,0.06079267862387042,709,40.9828,-122.6937
O86,2020,5,0,0.07302890611080139,725,40.9828,-122.6937
O86,2020,6,0,0.03067897548398442,703,40.9828,-122.6937
O86,2020,7,0,0.00554183167812594,697,40.9828,-122.6937
O86,2020,8,0,0.01218391311866142,716,40.9828,-122.6937
O86,2021,10,0,0.1278934706349251,742,40.9828,-122.6937
O86,2021,11,0,0.1489786377284499,692,40.9828,-122.6937
O86,2021,12,0,0.2283637128136193,689,40.9828,-122.6937
O86,2023,4,0.05980528511821974,0.10224606307595904,719,40.9828,-122.6937
O86,2023,5,0.04189189189189189,0.09028681324312528,740,40.9828,-122.6937
O86,2023,6,0.00976290097629009,0.05065895925998917,717,40.9828,-122.6937
O86,2023,7,0,0.01040101307973144,743,40.9828,-122.6937
O86,2023,8,0.02422611036339165,0.03191041267963341,743,40.9828,-122.6937
O86,2023,9,0.0217391304347826,0.05308703437360882,690,40.9828,-122.6937
O86,2023,11,0.15459610027855153,0.11290027548564488,718,40.9828,-122.6937
O86,2023,12,0.4314516129032258,0.2555333681437512,744,40.9828,-122.6937
O86,2024,1,0.4986413043478261,0.29657960226739305,736,40.9828,-122.6937
O86,2024,2,0.31540697674418605,0.22398741973385705,688,40.9828,-122.6937
O86,2024,3,0.30800542740841247,0.17377433606999082,737,40.9828,-122.6937
O86,2024,4,0.03899721448467967,0.08605063848056833,718,40.9828,-122.6937
O86,2024,5,0.02016129032258064,0.02715510788437789,744,40.9828,-122.6937
O86,2024,6,0.00419580419580419,0.00786195890782307,715,40.9828,-122.6937
O86,2024,7,0,0.00868100185283512,734,40.9828,-122.6937
O86,2024,8,0.00945945945945946,0.03159652693025128,740,40.9828,-122.6937
O86,2024,10,0.02564102564102564,0.04564087601733222,741,40.9828,-122.6937
OXR,2019,1,0.13055181695827725,0.17963856340959852,743,34.2008,-119.2072
OXR,2019,2,0.07772795216741404,0.09500706063899653,669,34.2008,-119.2072
OXR,2019,3,0.08027210884353742,0.07392091196393501,735,34.2008,-119.2072
OXR,2019,4,0.08344923504867872,0.06511829425859474,719,34.2008,-119.2072
OXR,2019,5,0.03091397849462365,0.0833595095200777,744,34.2008,-119.2072
OXR,2019,6,0.12100139082058414,0.09382947694367905,719,34.2008,-119.2072
OXR,2019,7,0.10887096774193548,0.0825326739121166,744,34.2008,-119.2072
OXR,2019,8,0.14650537634408603,0.08069924138005373,744,34.2008,-119.2072
OXR,2019,9,0.06666666666666667,0.08739899454570402,720,34.2008,-119.2072
OXR,2019,10,0.00806451612903225,0.06453553367845954,744,34.2008,-119.2072
OXR,2019,11,0.10027855153203342,0.10237627179048628,718,34.2008,-119.2072
OXR,2019,12,0.07452574525745258,0.1557247032063096,738,34.2008,-119.2072
OXR,2020,7,0.10767160161507404,0.0858101218474268,743,34.2008,-119.2072
OXR,2020,8,0.15746971736204576,0.0865377357816625,743,34.2008,-119.2072
OXR,2020,9,0.3194444444444444,0.1000948557701677,720,34.2008,-119.2072
OXR,2020,10,0.15591397849462366,0.10193273808070057,744,34.2008,-119.2072
OXR,2020,11,0.0993006993006993,0.105053305461993,715,34.2008,-119.2072
OXR,2020,12,0.02781844802342606,0.08819588340081676,683,34.2008,-119.2072
OXR,2021,1,0.03668478260869565,0.09607259448484408,736,34.2008,-119.2072
OXR,2021,2,0.05663189269746647,0.04518173125778566,671,34.2008,-119.2072
OXR,2021,3,0.02826379542395693,0.05069561309957122,743,34.2008,-119.2072
OXR,2021,4,0.05702364394993046,0.04581102762384802,719,34.2008,-119.2072
OXR,2021,5,0.05376344086021505,0.06496065145492205,744,34.2008,-119.2072
OXR,2021,6,0.13194444444444445,0.07336531625084425,720,34.2008,-119.2072
OXR,2021,7,0.07123655913978495,0.08240482386446882,744,34.2008,-119.2072
OXR,2021,8,0.180349932705249,0.09324244485495337,743,34.2008,-119.2072
OXR,2021,9,0.25558659217877094,0.09957017295650186,716,34.2008,-119.2072
OXR,2021,10,0.08389715832205684,0.08923314243687382,739,34.2008,-119.2072
OXR,2021,11,0.28451882845188287,0.1412503648948284,717,34.2008,-119.2072
OXR,2021,12,0.22849462365591397,0.2013512062530972,744,34.2008,-119.2072
OXR,2022,1,0.05929919137466307,0.1284385811811444,742,34.2008,-119.2072
OXR,2022,2,0.00297619047619047,0.02911264316990453,672,34.2008,-119.2072
OXR,2022,3,0.1063257065948856,0.04842078222409617,743,34.2008,-119.2072
OXR,2022,4,0.08888888888888889,0.05280163337347765,720,34.2008,-119.2072
OXR,2022,5,0.10887096774193548,0.06140877052844794,744,34.2008,-119.2072
OXR,2022,6,0.175,0.0744196866517402,720,34.2008,-119.2072
OXR,2022,7,0.10887096774193548,0.08820351452494678,744,34.2008,-119.2072
OXR,2022,8,0.15053763440860216,0.07901408934108971,744,34.2008,-119.2072
OXR,2022,9,0.04305555555555555,0.09203814050046524,720,34.2008,-119.2072
OXR,2022,10,0.1386271870794078,0.11778786285934197,743,34.2008,-119.2072
OXR,2022,11,0.02797202797202797,0.10488132424546193,715,34.2008,-119.2072
OXR,2022,12,0.1426648721399731,0.21388628302373697,743,34.2008,-119.2072
OXR,2023,8,0.18830242510699,0.12366563909025766,701,34.2008,-119.2072
OXR,2023,9,0.04722222222222222,0.11329572073009456,720,34.2008,-119.2072
OXR,2023,10,0.08879781420765027,0.10254003877589032,732,34.2008,-119.2072
OXR,2023,11,0.02785515320334261,0.11060422699510636,718,34.2008,-119.2072
OXR,2023,12,0.0739247311827957,0.17110355462239793,744,34.2008,-119.2072
OXR,2024,1,0.11693548387096774,0.15148463719966868,744,34.2008,-119.2072
OXR,2024,2,0.15561959654178675,0.15506177524721718,694,34.2008,-119.2072
OXR,2024,3,0.0847913862718708,0.10732631081249576,743,34.2008,-119.2072
OXR,2024,4,0.12361111111111112,0.0868800153433366,720,34.2008,-119.2072
OXR,2024,6,0.15481171548117154,0.10959133269325468,717,34.2008,-119.2072
OXR,2024,7,0.3010752688172043,0.08926355939018975,744,34.2008,-119.2072
OXR,2024,8,0.13440860215053765,0.10957983291502751,744,34.2008,-119.2072
OXR,2024,9,0.16666666666666666,0.10589224351479694,720,34.2008,-119.2072
OXR,2024,10,0.28091397849462363,0.13085731324354957,744,34.2008,-119.2072
OXR,2024,11,0.1213389121338912,0.13667253732679455,717,34.2008,-119.2072
OXR,2024,12,0.2051630434782609,0.17816469834864834,736,34.2008,-119.2072
PRB,2019,1,0.1720430107526882,0.12391367640250105,744,35.6694,-120.6291
PRB,2019,2,0.06408345752608048,0.08098630227812773,671,35.6694,-120.6291
PRB,2019,3,0.07557354925775979,0.0733143817385435,741,35.6694,-120.6291
PRB,2019,4,0.02749638205499276,0.04704001348639935,691,35.6694,-120.6291
PRB,2019,5,0.04172274562584118,0.05348169227969161,743,35.6694,-120.6291
PRB,2019,6,0.00555555555555555,0.04019222157959,720,35.6694,-120.6291
PRB,2019,7,0.02016129032258064,0.03283396151707766,744,35.6694,-120.6291
PRB,2019,8,0.00940860215053763,0.04459262708305282,744,35.6694,-120.6291
PRB,2019,9,0.0056338028169014,0.03163775731310942,710,35.6694,-120.6291
PRB,2019,10,0.00412654745529573,0.02622115317053418,727,35.6694,-120.6291
PRB,2019,11,0.05160390516039052,0.07304328886821888,717,35.6694,-120.6291
PRB,2019,12,0.14131897711978467,0.1318663982385095,743,35.6694,-120.6291
PRB,2020,1,0.17876344086021506,0.12016044645254824,744,35.6694,-120.6291
PRB,2020,2,0.07227138643067847,0.03428421988410961,678,35.6694,-120.6291
PRB,2020,3,0.10901749663526245,0.06671246795989305,743,35.6694,-120.6291
PRB,2020,4,0.06573426573426573,0.05067078774307595,715,35.6694,-120.6291
PRB,2020,5,0.01345895020188425,0.02503173103149628,743,35.6694,-120.6291
PRB,2020,6,0.00556328233657858,0.03006385542953774,719,35.6694,-120.6291
PRB,2020,7,0.01345895020188425,0.04582039671857976,743,35.6694,-120.6291
PRB,2020,8,0.01612903225806451,0.0362333487962192,744,35.6694,-120.6291
PRB,2020,9,0.01527777777777777,0.04481830043859649,720,35.6694,-120.6291
PRB,2020,10,0.00672043010752688,0.05580677984496365,744,35.6694,-120.6291
PRB,2020,11,0.01534170153417015,0.04248872048989857,717,35.6694,-120.6291
PRB,2020,12,0.07951482479784366,0.0728781080788719,742,35.6694,-120.6291
PRB,2021,1,0.1078167115902965,0.09018940879718744,742,35.6694,-120.6291
PRB,2021,2,0.03125,0.04784475874773963,672,35.6694,-120.6291
PRB,2021,3,0.02162162162162162,0.04987672345937052,740,35.6694,-120.6291
PRB,2021,4,0.0446927374301676,0.03346575603167782,716,35.6694,-120.6291
PRB,2021,5,0.0228494623655914,0.03222946686401695,744,35.6694,-120.6291
PRB,2021,6,0.0043103448275862,0.03633345944797428,696,35.6694,-120.6291
PRB,2021,7,0.01246537396121883,0.04550337686321066,722,35.6694,-120.6291
PRB,2021,8,0.02956989247311828,0.06354868972900397,744,35.6694,-120.6291
PRB,2021,9,0.02642559109874826,0.07101941397304108,719,35.6694,-120.6291
PRB,2021,10,0.04634831460674157,0.05641903911916125,712,35.6694,-120.6291
PRB,2021,11,0.1184407796101949,0.0635356499604079,667,35.6694,-120.6291
PRB,2021,12,0.17876344086021506,0.1302147124745637,744,35.6694,-120.6291
PRB,2022,1,0.15363881401617252,0.08119975592301015,742,35.6694,-120.6291
PRB,2022,2,0.01636904761904762,0.01996616253957723,672,35.6694,-120.6291
PRB,2022,3,0.01219512195121951,0.02997001498952718,738,35.6694,-120.6291
PRB,2022,4,0.00972222222222222,0.02601699543920132,720,35.6694,-120.6291
PRB,2022,5,0,0.0169338348064105,742,35.6694,-120.6291
PRB,2022,6,0,0.01554044843399494,720,35.6694,-120.6291
PRB,2022,7,0.00268817204301075,0.04125269654180944,744,35.6694,-120.6291
PRB,2022,8,0.00806451612903225,0.04436382783882784,744,35.6694,-120.6291
PRB,2022,9,0.03380281690140845,0.04740912360762513,710,35.6694,-120.6291
PRB,2022,10,0.0431266846361186,0.06087007018139093,742,35.6694,-120.6291
PRB,2022,11,0.03776223776223776,0.04211898436063646,715,35.6694,-120.6291
PRB,2022,12,0.2401129943502825,0.14624389566499557,708,35.6694,-120.6291
PRB,2023,2,0.07993730407523511,0.0665104759923763,638,35.6694,-120.6291
PRB,2023,3,0.11305518169582772,0.09544031324901872,743,35.6694,-120.6291
PRB,2023,4,0.03546099290780142,0.03732076675931494,705,35.6694,-120.6291
PRB,2023,5,0.04037685060565275,0.05084798483354864,743,35.6694,-120.6291
PRB,2023,6,0.00416666666666666,0.04908071975857787,720,35.6694,-120.6291
PRB,2023,7,0.01678321678321678,0.026476706739891,715,35.6694,-120.6291
PRB,2023,8,0.02016129032258064,0.04324266607888391,744,35.6694,-120.6291
PRB,2023,9,0.02985074626865671,0.06378303553575967,670,35.6694,-120.6291
PRB,2023,10,0.02599179206566347,0.043786455549706,731,35.6694,-120.6291
PRB,2023,11,0.02506963788300835,0.05783347442913562,718,35.6694,-120.6291
PRB,2023,12,0.1280323450134771,0.11190245542775062,742,35.6694,-120.6291
PRB,2024,1,0.15477792732166892,0.11882983884596404,743,35.6694,-120.6291
PRB,2024,2,0.12661870503597122,0.11039285933509511,695,35.6694,-120.6291
PRB,2024,3,0.07422402159244265,0.06704669452539748,741,35.6694,-120.6291
PRB,2024,4,0.0693815987933635,0.04875873738786854,663,35.6694,-120.6291
PRB,2024,5,0.04177897574123989,0.0459026588935725,742,35.6694,-120.6291
PRB,2024,6,0.00418994413407821,0.03545953074691797,716,35.6694,-120.6291
PRB,2024,7,0,0.04385065537202267,741,35.6694,-120.6291
PRB,2024,8,0.00672043010752688,0.04207361609811284,744,35.6694,-120.6291
PRB,2024,9,0.00278164116828929,0.06399504441665232,719,35.6694,-120.6291
PRB,2024,10,0.02956989247311828,0.05318445805719833,744,35.6694,-120.6291
PRB,2024,11,0.09078212290502792,0.07750479979637022,716,35.6694,-120.6291
PRB,2024,12,0.22916666666666663,0.11671400715396855,720,35.6694,-120.6291
RIV,2019,1,0.11700680272108845,0.11331531600963368,735,33.9,-117.25
RIV,2019,2,0.07022900763358779,0.11828184627065796,655,33.9,-117.25
RIV,2019,3,0.05341246290801187,0.07827724416631834,674,33.9,-117.25
RIV,2019,4,0.02683615819209039,0.04114719694555717,708,33.9,-117.25
RIV,2019,5,0.06868131868131869,0.0747204508007197,728,33.9,-117.25
RIV,2019,6,0.1546099290780142,0.06144171207922358,705,33.9,-117.25
RIV,2019,7,0.07554945054945054,0.02563855068827671,728,33.9,-117.25
RIV,2019,8,0.03688524590163934,0.01817189045016913,732,33.9,-117.25
RIV,2019,9,0.01702127659574468,0.0356023546515771,705,33.9,-117.25
RIV,2019,10,0.01652892561983471,0.02367955431090317,726,33.9,-117.25
RIV,2019,11,0.07605633802816901,0.06016988158340181,710,33.9,-117.25
RIV,2019,12,0.0811554332874828,0.12636511745209994,727,33.9,-117.25
RIV,2020,1,0.121418826739427,0.07703237735083503,733,33.9,-117.25
RIV,2020,2,0.0364963503649635,0.03477939416690365,685,33.9,-117.25
RIV,2020,3,0.03804347826086957,0.0828138746633801,736,33.9,-117.25
RIV,2020,4,0.06442577030812324,0.0912905668736292,714,33.9,-117.25
RIV,2020,5,0.02159244264507422,0.05149874783761107,741,33.9,-117.25
RIV,2020,6,0.06136680613668061,0.03659723532549576,717,33.9,-117.25
RIV,2020,7,0.03112313937753721,0.02623855068377062,739,33.9,-117.25
RIV,2020,8,0.00272851296043656,0.01538797739706745,733,33.9,-117.25
RIV,2020,9,0.01115760111576011,0.01358849668230421,717,33.9,-117.25
RIV,2020,10,0.05256064690026954,0.037473972611654,742,33.9,-117.25
RIV,2020,11,0.02941176470588235,0.03979596241589841,714,33.9,-117.25
RIV,2020,12,0.03494623655913978,0.04867945504585021,744,33.9,-117.25
RIV,2021,2,0.0906148867313916,0.03874578972693456,618,33.9,-117.25
RIV,2021,3,0.02989130434782608,0.0481957095145193,736,33.9,-117.25
RIV,2021,4,0.02401129943502825,0.03208671391195335,708,33.9,-117.25
RIV,2021,5,0.07448275862068965,0.04150124221190742,725,33.9,-117.25
RIV,2021,6,0.00713266761768901,0.02124436028799658,701,33.9,-117.25
RIV,2021,7,0.00136798905608755,0.01188976370151678,731,33.9,-117.25
RIV,2021,8,0,0.020367983991438,728,33.9,-117.25
RIV,2021,9,0.0465444287729196,0.03045900230684511,709,33.9,-117.25
RIV,2021,10,0.05818673883626522,0.04963583411045465,739,33.9,-117.25
RIV,2021,11,0.10378681626928472,0.05592982115904907,713,33.9,-117.25
RIV,2021,12,0.16916780354706684,0.1565903938196107,733,33.9,-117.25
RIV,2022,7,0,0.01770331479771255,743,33.9,-117.25
RIV,2022,8,0,0.00952149166124809,739,33.9,-117.25
RIV,2022,9,0.00835654596100278,0.042714884773343,718,33.9,-117.25
RIV,2022,10,0.10349462365591398,0.07273201259865916,744,33.9,-117.25
RIV,2022,11,0.03927068723702665,0.06215183407308561,713,33.9,-117.25
RIV,2022,12,0.05787348586810229,0.11783524074310615,743,33.9,-117.25
RIV,2023,1,0.08882907133243607,0.15237838417511904,743,33.9,-117.25
RIV,2023,2,0.01972685887708649,0.07654921140366967,659,33.9,-117.25
RIV,2023,3,0.0740242261103634,0.1253356137421459,743,33.9,-117.25
RIV,2023,4,0.04915730337078652,0.05250382567484889,712,33.9,-117.25
RIV,2023,5,0.09066305818673884,0.06755694511325804,739,33.9,-117.25
RIV,2023,6,0.06433566433566433,0.0617363467851082,715,33.9,-117.25
RIV,2023,7,0.00817438692098092,0.01335479659421281,734,33.9,-117.25
RIV,2023,8,0.01756756756756757,0.04852840248040248,740,33.9,-117.25
RIV,2023,9,0.06970128022759602,0.0787668527149232,703,33.9,-117.25
RIV,2023,10,0.02452316076294278,0.04744192010678232,734,33.9,-117.25
RIV,2023,11,0.05225988700564971,0.05720419815037359,708,33.9,-117.25
RIV,2023,12,0.11917808219178082,0.08914699039316848,730,33.9,-117.25
RIV,2024,1,0.08660351826792964,0.11364823554635288,739,33.9,-117.25
RIV,2024,2,0.1746031746031746,0.13794013886583875,693,33.9,-117.25
RIV,2024,3,0.05427408412483039,0.07398901505253654,737,33.9,-117.25
RIV,2024,4,0.06675938803894298,0.051398605345104,719,33.9,-117.25
RIV,2024,5,0.14073071718538566,0.05769653580800322,739,33.9,-117.25
RIV,2024,6,0.0893854748603352,0.04301437471493246,716,33.9,-117.25
RIV,2024,7,0,0.00765126684636118,742,33.9,-117.25
RIV,2024,8,0.00271370420624151,0.01703027102898815,737,33.9,-117.25
RIV,2024,9,0.01944444444444444,0.04123949106717314,720,33.9,-117.25
RIV,2024,10,0.02964959568733153,0.0296473044925552,742,33.9,-117.25
RIV,2024,11,0.02384291725105189,0.05470863854393634,713,33.9,-117.25
RIV,2024,12,0.05616438356164383,0.0627529262268074,730,33.9,-117.25
SAC,2019,1,0.33198924731182794,0.16430270756423673,744,38.5069,-121.495
SAC,2019,2,0.10416666666666669,0.09701760649892886,672,38.5069,-121.495
SAC,2019,3,0.07681940700808626,0.08287239515224185,742,38.5069,-121.495
SAC,2019,4,0.01668984700973574,0.04761515867878142,719,38.5069,-121.495
SAC,2019,5,0.0407055630936228,0.03564402963526588,737,38.5069,-121.495
SAC,2019,6,0,0.00848372759037954,720,38.5069,-121.495
SAC,2020,1,0.34589502018842533,0.17198035471990927,743,38.5069,-121.495
SAC,2020,2,0.0617816091954023,0.04380638119157176,696,38.5069,-121.495
SAC,2020,3,0.03903095558546433,0.04454688073173702,743,38.5069,-121.495
SAC,2020,4,0.04033379694019471,0.03465710512734606,719,38.5069,-121.495
SAC,2020,5,0.00940860215053763,0.02044447885302241,744,38.5069,-121.495
SAC,2020,6,0,0.00587157445983424,720,38.5069,-121.495
SAC,2020,7,0.00134589502018842,0.00927498150122645,743,38.5069,-121.495
SAC,2020,8,0,0.00808951270054903,743,38.5069,-121.495
SAC,2020,9,0.02638888888888889,0.01806342960023515,720,38.5069,-121.495
SAC,2020,10,0.0053763440860215,0.01947803522357127,744,38.5069,-121.495
SAC,2020,11,0.11142061281337048,0.06620364306491815,718,38.5069,-121.495
SAC,2020,12,0.2728494623655914,0.11186405268033218,744,38.5069,-121.495
SAC,2021,1,0.32661290322580644,0.13387887284776728,744,38.5069,-121.495
SAC,2021,2,0.07291666666666667,0.0520458836249095,672,38.5069,-121.495
SAC,2021,3,0.02571428571428571,0.03365533719952038,700,38.5069,-121.495
SAC,2021,4,0.00277777777777777,0.01069324883155274,720,38.5069,-121.495
SAC,2021,5,0,0.00788980610563065,743,38.5069,-121.495
SAC,2021,6,0,0.00794099797171362,720,38.5069,-121.495
SAC,2021,7,0,0.01039645161290322,744,38.5069,-121.495
SAC,2021,8,0.00807537012113055,0.01402782005791427,743,38.5069,-121.495
SAC,2021,9,0.00138888888888888,0.01736252268364685,720,38.5069,-121.495
SAC,2021,10,0.07816711590296496,0.06818486405919764,742,38.5069,-121.495
SAC,2021,11,0.4554317548746518,0.16849332870321235,718,38.5069,-121.495
SAC,2021,12,0.4939271255060729,0.2241291802818507,741,38.5069,-121.495
SAC,2022,1,0.362339514978602,0.1599859494802832,701,38.5069,-121.495
SAC,2022,2,0.07302533532041729,0.03729083325185645,671,38.5069,-121.495
SAC,2022,3,0.03908355795148248,0.03134364118850163,742,38.5069,-121.495
SAC,2022,4,0.02361111111111111,0.02722875210098732,720,38.5069,-121.495
SAC,2022,5,0,0.00682750598774407,731,38.5069,-121.495
SAC,2022,6,0.00139082058414464,0.0077448832703729004,719,38.5069,-121.495
SAC,2022,7,0,0.01253911371782339,744,38.5069,-121.495
SAC,2022,8,0,0.01569096723823507,743,38.5069,-121.495
SAC,2022,9,0.00138888888888888,0.0282841164799253,720,38.5069,-121.495
SAC,2022,10,0,0.0292007648865998,744,38.5069,-121.495
SAC,2022,11,0.03851640513552068,0.05791138099435489,701,38.5069,-121.495
SAC,2023,1,0.1276297335203366,0.11644575879014328,713,38.5069,-121.495
SAC,2023,2,0.09538002980625931,0.07631402857226167,671,38.5069,-121.495
SAC,2023,3,0.07152875175315568,0.09369985314836451,713,38.5069,-121.495
SAC,2023,4,0.0014388489208633,0.02544792616191007,695,38.5069,-121.495
SAC,2023,5,0.00403225806451612,0.02936851952116003,744,38.5069,-121.495
SAC,2023,6,0,0.01322220349022112,719,38.5069,-121.495
SAC,2023,7,0,0.01196192245030954,744,38.5069,-121.495
SAC,2023,8,0,0.01262554550885196,744,38.5069,-121.495
SAC,2023,9,0.00972222222222222,0.02719023170560588,720,38.5069,-121.495
SAC,2023,10,0.00806451612903225,0.03268424540479391,744,38.5069,-121.495
SAC,2023,11,0.03899721448467967,0.05664308003236658,718,38.5069,-121.495
SAC,2023,12,0.25268817204301075,0.1621893203741095,744,38.5069,-121.495
SAC,2024,7,0,0.00774453234695822,742,38.5069,-121.495
SAC,2024,8,0,0.01013056110257723,744,38.5069,-121.495
SAC,2024,9,0.00139082058414464,0.0201368490922872,719,38.5069,-121.495
SAC,2024,10,0.00268817204301075,0.02094893719897885,744,38.5069,-121.495
SAC,2024,11,0.12534818941504178,0.09546504096096854,718,38.5069,-121.495
SAC,2024,12,0.3959183673469387,0.1980293696249203,735,38.5069,-121.495
SAN,2019,1,0.04301075268817204,0.19942003943677444,744,32.7339,-117.1845
SAN,2019,2,0.01785714285714285,0.1326626455481401,672,32.7339,-117.1845
SAN,2019,3,0.02826379542395693,0.1523466193542154,743,32.7339,-117.1845
SAN,2019,4,0.02916666666666666,0.15664882469097327,720,32.7339,-117.1845
SAN,2019,5,0.00268817204301075,0.1367004805261165,744,32.7339,-117.1845
SAN,2019,6,0.03333333333333333,0.15397557497407624,720,32.7339,-117.1845
SAN,2019,7,0.06586021505376344,0.17958649435656487,744,32.7339,-117.1845
SAN,2019,8,0.02419354838709677,0.18916581850484335,744,32.7339,-117.1845
SAN,2019,9,0.01666666666666666,0.17014091797216152,720,32.7339,-117.1845
SAN,2019,10,0.02150537634408602,0.15840655246741908,744,32.7339,-117.1845
SAN,2019,11,0.14623955431754876,0.21393467820353143,718,32.7339,-117.1845
SAN,2019,12,0.08064516129032258,0.19455402981083272,744,32.7339,-117.1845
SAN,2020,1,0.14516129032258066,0.1897905212746652,744,32.7339,-117.1845
SAN,2020,2,0.06321839080459771,0.14534698142863292,696,32.7339,-117.1845
SAN,2020,3,0.02826379542395693,0.151170544121494,743,32.7339,-117.1845
SAN,2020,4,0.1043115438108484,0.17050870696572182,719,32.7339,-117.1845
SAN,2020,5,0.02553763440860215,0.15934180300914194,744,32.7339,-117.1845
SAN,2020,6,0.02222222222222222,0.14889127892036672,720,32.7339,-117.1845
SAN,2020,7,0.00806451612903225,0.16725797719986263,744,32.7339,-117.1845
SAN,2020,8,0.03494623655913978,0.17696613658665272,744,32.7339,-117.1845
SAN,2020,9,0.05972222222222222,0.17803130384941793,720,32.7339,-117.1845
SAN,2020,10,0.10483870967741936,0.17426471093144935,744,32.7339,-117.1845
SAN,2020,11,0.11002785515320336,0.1967948684892084,718,32.7339,-117.1845
SAN,2020,12,0.03091397849462365,0.1527541432624125,744,32.7339,-117.1845
SAN,2021,1,0.10349462365591398,0.15906421326616982,744,32.7339,-117.1845
SAN,2021,2,0.06547619047619048,0.15105183361877955,672,32.7339,-117.1845
SAN,2021,3,0.01211305518169582,0.1353329918248554,743,32.7339,-117.1845
SAN,2021,4,0.01666666666666666,0.13777182622710937,720,32.7339,-117.1845
SAN,2021,5,0.01881720430107527,0.1383457448862351,744,32.7339,-117.1845
SAN,2021,6,0.03611111111111111,0.15785692699356954,720,32.7339,-117.1845
SAN,2021,7,0.01075268817204301,0.15400604520943348,744,32.7339,-117.1845
SAN,2021,8,0.04704301075268817,0.15634096059826616,744,32.7339,-117.1845
SAN,2021,9,0.02083333333333333,0.16750443284541514,720,32.7339,-117.1845
SAN,2021,10,0.04032258064516129,0.1657505035011069,744,32.7339,-117.1845
SAN,2021,11,0.17548746518105848,0.22274444838135576,718,32.7339,-117.1845
SAN,2021,12,0.13306451612903225,0.20611280334399956,744,32.7339,-117.1845
SAN,2022,1,0.05241935483870968,0.15346098587184911,744,32.7339,-117.1845
SAN,2022,2,0.02678571428571428,0.10513685766393922,672,32.7339,-117.1845
SAN,2022,3,0.05383580080753701,0.14598945633293914,743,32.7339,-117.1845
SAN,2022,4,0.03055555555555555,0.1376894595936108,720,32.7339,-117.1845
SAN,2022,5,0.03225806451612903,0.1360886949900306,744,32.7339,-117.1845
SAN,2022,6,0.05138888888888889,0.16128002891346585,720,32.7339,-117.1845
SAN,2022,7,0.01747311827956989,0.1544399407652442,744,32.7339,-117.1845
SAN,2022,8,0.0053763440860215,0.1387645669769359,744,32.7339,-117.1845
SAN,2022,9,0.0375,0.16760119916164565,720,32.7339,-117.1845
SAN,2022,10,0.03629032258064516,0.18016246783714424,744,32.7339,-117.1845
SAN,2022,11,0.02785515320334261,0.15074724267235473,718,32.7339,-117.1845
SAN,2022,12,0.0913978494623656,0.1871443598921677,744,32.7339,-117.1845
SAN,2023,1,0.08198924731182795,0.1751440014376659,744,32.7339,-117.1845
SAN,2023,2,0.01488095238095238,0.11272022587463688,672,32.7339,-117.1845
SAN,2023,3,0.126514131897712,0.1699260117956247,743,32.7339,-117.1845
SAN,2023,4,0.08888888888888889,0.13860608433819602,720,32.7339,-117.1845
SAN,2023,5,0.01612903225806451,0.12894346471619347,744,32.7339,-117.1845
SAN,2023,6,0.00835654596100278,0.13899208995318668,718,32.7339,-117.1845
SAN,2023,7,0.05518169582772544,0.167758552413325,743,32.7339,-117.1845
SAN,2023,8,0.05913978494623656,0.17893571848274448,744,32.7339,-117.1845
SAN,2023,9,0.03472222222222222,0.16558489692242306,720,32.7339,-117.1845
SAN,2023,10,0.1303763440860215,0.1889722718123587,744,32.7339,-117.1845
SAN,2023,11,0.05292479108635097,0.17730078649977313,718,32.7339,-117.1845
SAN,2023,12,0.12634408602150538,0.21454820995773263,744,32.7339,-117.1845
SAN,2024,1,0.10497981157469716,0.19902330213785815,743,32.7339,-117.1845
SAN,2024,2,0.0617816091954023,0.17857117031126166,696,32.7339,-117.1845
SAN,2024,3,0.03633916554508748,0.15914422841905965,743,32.7339,-117.1845
SAN,2024,4,0.02222222222222222,0.1448896125395366,720,32.7339,-117.1845
SAN,2024,5,0.01478494623655914,0.1297640441364777,744,32.7339,-117.1845
SAN,2024,6,0.02222222222222222,0.15403570900118235,720,32.7339,-117.1845
SAN,2024,7,0.04301075268817204,0.16240266541373233,744,32.7339,-117.1845
SAN,2024,8,0.01209677419354838,0.16433292383513112,744,32.7339,-117.1845
SAN,2024,9,0.02777777777777777,0.16675844294948258,720,32.7339,-117.1845
SAN,2024,10,0.24059139784946235,0.1951252794249096,744,32.7339,-117.1845
SAN,2024,11,0.05292479108635097,0.17400948387124943,718,32.7339,-117.1845
SAN,2024,12,0.2418478260869565,0.232526318639525,736,32.7339,-117.1845
SCK,2019,1,0.36239782016348776,0.2644650557890415,734,37.8942,-121.2383
SCK,2019,2,0.04783258594917788,0.1208151379388326,669,37.8942,-121.2383
SCK,2019,3,0.06359945872801083,0.12282028721057982,739,37.8942,-121.2383
SCK,2019,4,0.01673640167364016,0.08808843872211827,717,37.8942,-121.2383
SCK,2019,5,0.01630434782608695,0.07108235561171777,736,37.8942,-121.2383
SCK,2019,6,0,0.02496456221266947,718,37.8942,-121.2383
SCK,2019,7,0,0.03653084679558418,743,37.8942,-121.2383
SCK,2019,8,0,0.03862127897503518,743,37.8942,-121.2383
SCK,2019,9,0.00278940027894002,0.05456564581585762,717,37.8942,-121.2383
SCK,2019,10,0,0.06217138955469614,744,37.8942,-121.2383
SCK,2019,11,0.04775280898876404,0.19150679428416437,712,37.8942,-121.2383
SCK,2019,12,0.3347050754458162,0.27127398484741216,729,37.8942,-121.2383
SCK,2020,1,0.4418604651162791,0.3367108787414872,731,37.8942,-121.2383
SCK,2020,2,0.06195965417867435,0.1443562394554817,694,37.8942,-121.2383
SCK,2020,3,0.02465753424657534,0.10963750353520406,730,37.8942,-121.2383
SCK,2020,4,0.03212290502793296,0.06450090043524413,716,37.8942,-121.2383
SCK,2020,5,0,0.03445104479940418,738,37.8942,-121.2383
SCK,2020,6,0.00139082058414464,0.01965319791610856,719,37.8942,-121.2383
SCK,2020,7,0,0.03826387039331836,744,37.8942,-121.2383
SCK,2020,8,0,0.04075528660050995,738,37.8942,-121.2383
SCK,2020,9,0.00140252454417952,0.07241650853607146,713,37.8942,-121.2383
SCK,2020,10,0.00814111261872455,0.10195435964381364,737,37.8942,-121.2383
SCK,2020,11,0.06610407876230662,0.2065837719535621,711,37.8942,-121.2383
SCK,2020,12,0.27419354838709675,0.28398715765484134,744,37.8942,-121.2383
SCK,2021,1,0.3131720430107527,0.29461587109249077,744,37.8942,-121.2383
SCK,2021,2,0.04613095238095238,0.11866407467807408,672,37.8942,-121.2383
SCK,2021,3,0.0215343203230148,0.08627298396322758,743,37.8942,-121.2383
SCK,2021,4,0,0.04893997405443397,715,37.8942,-121.2383
SCK,2021,5,0.00134408602150537,0.02921673319016861,744,37.8942,-121.2383
SCK,2021,6,0,0.02745019518879031,718,37.8942,-121.2383
SCK,2021,7,0,0.03232079035514888,686,37.8942,-121.2383
SCK,2021,8,0.01075268817204301,0.05184659805766249,744,37.8942,-121.2383
SCK,2021,9,0.00556328233657858,0.06752795837372956,719,37.8942,-121.2383
SCK,2021,10,0.05953991880920163,0.13545265437146226,739,37.8942,-121.2383
SCK,2021,11,0.4064245810055866,0.321494271372268,716,37.8942,-121.2383
SCK,2021,12,0.3521505376344086,0.33775928494115626,744,37.8942,-121.2383
SCK,2022,1,0.44086021505376344,0.3792996573965661,744,37.8942,-121.2383
SCK,2022,2,0.09672619047619048,0.14721301050208463,672,37.8942,-121.2383
SCK,2022,3,0.00673854447439353,0.08069813111278189,742,37.8942,-121.2383
SCK,2022,4,0.00694444444444444,0.05058671449431755,720,37.8942,-121.2383
SCK,2022,5,0,0.02283824223729059,744,37.8942,-121.2383
SCK,2022,6,0,0.01900028809765849,720,37.8942,-121.2383
SCK,2022,7,0,0.03494789226502973,693,37.8942,-121.2383
SCK,2022,8,0,0.04740647136282529,744,37.8942,-121.2383
SCK,2022,9,0,0.07407092914404602,718,37.8942,-121.2383
SCK,2022,10,0.00134408602150537,0.13264153411383375,744,37.8942,-121.2383
SCK,2022,11,0.08217270194986072,0.24632703568312117,718,37.8942,-121.2383
SCK,2022,12,0.5196211096075778,0.3699066501254863,739,37.8942,-121.2383
SCK,2023,1,0.14809590973201692,0.19281028128188543,709,37.8942,-121.2383
SCK,2023,2,0.1402439024390244,0.15376327369921422,656,37.8942,-121.2383
SCK,2023,3,0.07671601615074024,0.12945933759053438,743,37.8942,-121.2383
SCK,2023,4,0.00138888888888888,0.060412953238293,720,37.8942,-121.2383
SCK,2023,5,0.00134408602150537,0.0748869830966486,744,37.8942,-121.2383
SCK,2023,6,0.00138888888888888,0.04397646161619932,720,37.8942,-121.2383
SCK,2023,7,0,0.04794920457677083,744,37.8942,-121.2383
SCK,2023,8,0,0.04226377932950672,744,37.8942,-121.2383
SCK,2023,9,0.00139082058414464,0.07897568799284603,719,37.8942,-121.2383
SCK,2023,10,0.00809716599190283,0.1118185016684445,741,37.8942,-121.2383
SCK,2023,11,0.08495821727019498,0.2003858417469011,718,37.8942,-121.2383
SCK,2023,12,0.3293010752688172,0.3364049960477808,744,37.8942,-121.2383
SCK,2024,1,0.28225806451612906,0.2755504582289406,744,37.8942,-121.2383
SCK,2024,2,0.16115107913669063,0.18580231177880652,695,37.8942,-121.2383
SCK,2024,3,0.01349527665317139,0.11241672909721184,741,37.8942,-121.2383
SCK,2024,4,0.02638888888888889,0.09057457378070334,720,37.8942,-121.2383
SCK,2024,5,0.00268817204301075,0.04540008446350799,744,37.8942,-121.2383
SCK,2024,6,0,0.02303644273742199,719,37.8942,-121.2383
SCK,2024,7,0,0.03180493401899831,744,37.8942,-121.2383
SCK,2024,8,0,0.03699524765229642,744,37.8942,-121.2383
SCK,2024,9,0,0.06764254256333131,720,37.8942,-121.2383
SCK,2024,10,0.00134408602150537,0.08696183450899568,744,37.8942,-121.2383
SCK,2024,11,0.1309192200557103,0.18817480329662883,718,37.8942,-121.2383
SCK,2024,12,0.485054347826087,0.3418768738052347,736,37.8942,-121.2383
SDM,2019,1,0.14650537634408603,0.13070758724959936,744,32.57,-116.98
SDM,2019,2,0.11607142857142858,0.08849595124960324,672,32.57,-116.98
SDM,2019,3,0.1117092866756393,0.08904858421391972,743,32.57,-116.98
SDM,2019,4,0.10584958217270196,0.0961113878666588,718,32.57,-116.98
SDM,2019,5,0.06182795698924731,0.09306919161662656,744,32.57,-116.98
SDM,2019,6,0.14583333333333334,0.11291559972503092,720,32.57,-116.98
SDM,2019,7,0.19784656796769853,0.09934774982769268,743,32.57,-116.98
SDM,2019,8,0.21024258760107817,0.102922437199853,742,32.57,-116.98
SDM,2019,9,0.10277777777777776,0.1009088100539382,720,32.57,-116.98
SDM,2019,10,0.06191117092866756,0.08698659089673043,743,32.57,-116.98
SDM,2019,11,0.21074964639321075,0.14559015538480694,707,32.57,-116.98
SDM,2019,12,0.11424731182795698,0.14320616122198956,744,32.57,-116.98
SDM,2020,1,0.16285329744279947,0.12423732309954008,743,32.57,-116.98
SDM,2020,2,0.1307471264367816,0.07647242072358672,696,32.57,-116.98
SDM,2020,3,0.13055181695827725,0.0961419749828814,743,32.57,-116.98
SDM,2020,4,0.16527777777777777,0.11142166565273091,720,32.57,-116.98
SDM,2020,5,0.09543010752688172,0.09290652236386698,744,32.57,-116.98
SDM,2020,6,0.07777777777777778,0.08091503182483877,720,32.57,-116.98
SDM,2020,7,0.08209959623149395,0.08298903312178828,743,32.57,-116.98
SDM,2020,8,0.13844086021505375,0.07510655368759662,744,32.57,-116.98
SDM,2020,9,0.1825962910128388,0.07865755957334125,701,32.57,-116.98
SDM,2020,10,0.06998654104979811,0.08464807396522046,743,32.57,-116.98
SDM,2020,11,0.16852367688022285,0.12936694438879573,718,32.57,-116.98
SDM,2020,12,0.04704301075268817,0.10082723711781846,744,32.57,-116.98
SDM,2021,1,0.08870967741935484,0.0971201366816349,744,32.57,-116.98
SDM,2021,2,0.14583333333333334,0.07882477371201159,672,32.57,-116.98
SDM,2021,3,0.04441453566621804,0.0667078488481648,743,32.57,-116.98
SDM,2021,4,0.07083333333333333,0.0636915145894828,720,32.57,-116.98
SDM,2021,5,0.03763440860215054,0.07954455048987583,744,32.57,-116.98
SDM,2021,6,0.03899721448467967,0.0815864431039743,718,32.57,-116.98
SDM,2021,7,0.03638814016172507,0.0812023039404441,742,32.57,-116.98
SDM,2021,8,0.05937921727395411,0.0795838606187928,741,32.57,-116.98
SDM,2021,9,0.10252808988764044,0.08875737130575932,712,32.57,-116.98
SDM,2021,10,0.08097165991902834,0.09616714592388644,741,32.57,-116.98
SDM,2021,11,0.23537604456824512,0.14061559748739955,718,32.57,-116.98
SDM,2021,12,0.23687752355316288,0.15596325167803535,743,32.57,-116.98
SDM,2022,1,0.07806191117092867,0.09110607290344182,743,32.57,-116.98
SDM,2022,2,0.04910714285714285,0.04033747905412165,672,32.57,-116.98
SDM,2022,3,0.1224764468371467,0.07671961644859795,743,32.57,-116.98
SDM,2022,4,0.07361111111111111,0.07131942215957393,720,32.57,-116.98
SDM,2022,5,0.06317204301075269,0.07669473243813804,744,32.57,-116.98
SDM,2022,6,0.12691771269177127,0.0849146336400105,717,32.57,-116.98
SDM,2022,7,0.07816711590296496,0.0824988798628304,742,32.57,-116.98
SDM,2022,8,0.04435483870967742,0.07217104076479076,744,32.57,-116.98
SDM,2022,9,0.09027777777777778,0.09590111502653847,720,32.57,-116.98
SDM,2022,10,0.18733153638814015,0.12638078169244416,742,32.57,-116.98
SDM,2022,11,0.06005586592178771,0.09539378831364352,716,32.57,-116.98
SDM,2022,12,0.0847913862718708,0.13683099629104675,743,32.57,-116.98
SDM,2023,1,0.1238095238095238,0.1376247128100705,735,32.57,-116.98
SDM,2023,2,0.05216095380029806,0.06097763571797323,671,32.57,-116.98
SDM,2023,3,0.18758434547908232,0.11753051876801104,741,32.57,-116.98
SDM,2023,4,0.22777777777777777,0.07994458751150185,720,32.57,-116.98
SDM,2023,5,0.1426648721399731,0.09893403337349203,743,32.57,-116.98
SDM,2023,6,0.04027777777777778,0.08500504435103932,720,32.57,-116.98
SDM,2023,7,0.24596774193548387,0.07193214043445073,744,32.57,-116.98
SDM,2023,8,0.1895161290322581,0.10174588794958853,744,32.57,-116.98
SDM,2023,9,0.12361111111111112,0.09902472543006134,720,32.57,-116.98
SDM,2023,10,0.14650537634408603,0.11230968931226223,744,32.57,-116.98
SDM,2023,11,0.08507670850767085,0.10981654338876462,717,32.57,-116.98
SDM,2023,12,0.18010752688172044,0.1554465161357747,744,32.57,-116.98
SDM,2024,1,0.17092866756393002,0.14560814528076518,743,32.57,-116.98
SDM,2024,2,0.17510853835021709,0.1275012320667036,691,32.57,-116.98
SDM,2024,3,0.17362045760430686,0.09943558507856752,743,32.57,-116.98
SDM,2024,4,0.19166666666666668,0.09227220377514894,720,32.57,-116.98
SDM,2024,5,0.08736559139784947,0.0803280608472054,744,32.57,-116.98
SDM,2024,6,0.1527777777777778,0.09597085307973924,720,32.57,-116.98
SDM,2024,7,0.2217741935483871,0.08103966461853558,744,32.57,-116.98
SDM,2024,8,0.2029569892473118,0.08230625076715968,744,32.57,-116.98
SDM,2024,9,0.17083333333333334,0.08164581083773147,720,32.57,-116.98
SDM,2024,10,0.2849462365591398,0.10387407282085707,744,32.57,-116.98
SDM,2024,11,0.08356545961002786,0.1103264969267359,718,32.57,-116.98
SDM,2024,12,0.2962962962962963,0.1551873140311442,729,32.57,-116.98
SIY,2019,1,0.02828854314002828,0.15967124846004557,707,41.7737,-122.4682
SIY,2019,2,0.11094452773613192,0.16759814867520093,667,41.7737,-122.4682
SIY,2019,3,0.0163265306122449,0.10028955667263678,735,41.7737,-122.4682
SIY,2019,4,0.00972222222222222,0.07213732621201238,720,41.7737,-122.4682
SIY,2019,5,0.00404858299595141,0.05263867012147333,741,41.7737,-122.4682
SIY,2019,6,0,0.01941403412722822,720,41.7737,-122.4682
SIY,2019,7,0,0.01245123158330705,742,41.7737,-122.4682
SIY,2019,8,0.00269541778975741,0.01544896169491856,742,41.7737,-122.4682
SIY,2019,9,0.00833333333333333,0.04796284252933446,720,41.7737,-122.4682
SIY,2019,10,0.01079622132253711,0.03517567643620275,741,41.7737,-122.4682
SIY,2019,11,0.03212290502793296,0.08666154691676792,716,41.7737,-122.4682
SIY,2019,12,0.11994609164420485,0.19210739609114436,742,41.7737,-122.4682
SIY,2020,1,0.11320754716981132,0.1929358696248827,742,41.7737,-122.4682
SIY,2020,2,0.03591954022988505,0.05642387284104172,696,41.7737,-122.4682
SIY,2020,3,0.00942126514131897,0.06277180470787364,743,41.7737,-122.4682
SIY,2020,4,0.00278164116828929,0.03942162207781357,719,41.7737,-122.4682
SIY,2020,5,0.00808625336927223,0.04674192549485376,742,41.7737,-122.4682
SIY,2020,6,0,0.03418255993478077,720,41.7737,-122.4682
SIY,2020,7,0,0.00745439486489284,743,41.7737,-122.4682
SIY,2020,8,0.00135135135135135,0.00931437789140491,740,41.7737,-122.4682
SIY,2020,9,0,0.01702334307447944,720,41.7737,-122.4682
SIY,2020,10,0,0.02670278133507016,734,41.7737,-122.4682
SIY,2020,11,0.07799442896935933,0.09752704044334357,718,41.7737,-122.4682
SIY,2020,12,0.1532258064516129,0.14281240319251684,744,41.7737,-122.4682
SIY,2021,1,0.1857335127860027,0.15285362192807145,743,41.7737,-122.4682
SIY,2021,2,0.04769001490312966,0.11292452923628513,671,41.7737,-122.4682
SIY,2021,3,0.02995720399429386,0.06137420122512634,701,41.7737,-122.4682
SIY,2021,4,0,0.01881378578822816,718,41.7737,-122.4682
SIY,2021,5,0,0.01849502885111664,739,41.7737,-122.4682
SIY,2021,6,0.00138888888888888,0.01845082117446579,720,41.7737,-122.4682
SIY,2021,7,0,0.00686474581763949,743,41.7737,-122.4682
SIY,2021,8,0,0.0106942710667407,741,41.7737,-122.4682
SIY,2021,9,0.0125,0.02546487447124544,720,41.7737,-122.4682
SIY,2021,10,0.03773584905660377,0.0870129398079098,742,41.7737,-122.4682
SIY,2021,11,0.1671309192200557,0.12196068590493332,718,41.7737,-122.4682
SIY,2021,12,0.21216216216216216,0.1915137513637017,740,41.7737,-122.4682
SIY,2022,1,0.03897849462365591,0.1315154932429499,744,41.7737,-122.4682
SIY,2022,2,0.01788375558867362,0.04343974795066701,671,41.7737,-122.4682
SIY,2022,3,0.00269179004037685,0.04613863829746952,743,41.7737,-122.4682
SIY,2022,4,0.00555555555555555,0.05609820623125838,720,41.7737,-122.4682
SIY,2022,5,0.0054054054054054,0.03752427033982046,740,41.7737,-122.4682
SIY,2022,6,0,0.03734835823204108,719,41.7737,-122.4682
SIY,2022,7,0.00134952766531713,0.01628984676191154,741,41.7737,-122.4682
SIY,2022,8,0,0.01145521125143766,742,41.7737,-122.4682
SIY,2022,9,0.00138888888888888,0.03129272449528498,720,41.7737,-122.4682
SIY,2022,10,0.00272108843537414,0.02601218948974051,735,41.7737,-122.4682
SIY,2022,11,0.03076923076923077,0.09772878339558512,715,41.7737,-122.4682
SIY,2022,12,0.1386271870794078,0.22063186353062775,743,41.7737,-122.4682
SIY,2023,1,0.04177897574123989,0.15859411884065808,742,41.7737,-122.4682
SIY,2023,2,0.05547226386806597,0.09066590384347244,667,41.7737,-122.4682
SIY,2023,3,0.04576043068640646,0.1371079775487567,743,41.7737,-122.4682
SIY,2023,4,0.00140449438202247,0.05977519277152214,712,41.7737,-122.4682
SIY,2023,5,0.00825309491059147,0.06630441945415082,727,41.7737,-122.4682
SIY,2023,6,0,0.03455093415312119,720,41.7737,-122.4682
SIY,2023,7,0,0.00754947590642413,734,41.7737,-122.4682
SIY,2023,8,0.013531799729364,0.01959210998805044,739,41.7737,-122.4682
SIY,2023,9,0.00277777777777777,0.04028184986934987,720,41.7737,-122.4682
SIY,2023,10,0.01486486486486486,0.05362113680226702,740,41.7737,-122.4682
SIY,2023,11,0.03770949720670391,0.08812963004071753,716,41.7737,-122.4682
SIY,2023,12,0.125,0.18686609058777315,744,41.7737,-122.4682
SIY,2024,1,0.10349462365591398,0.22059727133286516,744,41.7737,-122.4682
SIY,2024,2,0.03591954022988505,0.12254051463599412,696,41.7737,-122.4682
SIY,2024,3,0.02288021534320323,0.09736322338105888,743,41.7737,-122.4682
SIY,2024,4,0.03194444444444444,0.04858064915514191,720,41.7737,-122.4682
SIY,2024,5,0.00944669365721997,0.0385338303563491,741,41.7737,-122.4682
SIY,2024,6,0,0.01508098916919927,704,41.7737,-122.4682
SIY,2024,7,0,0.00870204849095241,739,41.7737,-122.4682
SIY,2024,8,0.00272851296043656,0.02228704611514979,733,41.7737,-122.4682
SIY,2024,9,0,0.02471752099693276,714,41.7737,-122.4682
SIY,2024,10,0.00945945945945946,0.0432306446133166,740,41.7737,-122.4682
SIY,2024,11,0.04984894259818731,0.15661662548569572,662,41.7737,-122.4682
SIY,2024,12,0.17551020408163265,0.192669711951534,735,41.7737,-122.4682
SLI,2019,1,0.16238159675236807,0.2015731242793934,739,33.79,-118.052
SLI,2019,2,0.09763779527559056,0.09567256237582994,635,33.79,-118.052
SLI,2019,3,0.07496463932107496,0.10928827714882608,707,33.79,-118.052
SLI,2019,4,0.04067321178120617,0.0799235877745139,713,33.79,-118.052
SLI,2019,5,0.03940217391304348,0.05928491879658964,736,33.79,-118.052
SLI,2019,6,0.03138373751783167,0.05694721065083345,701,33.79,-118.052
SLI,2019,7,0.03566529492455418,0.07154871860118846,729,33.79,-118.052
SLI,2019,8,0.02841677943166441,0.0939279434388206,739,33.79,-118.052
SLI,2019,9,0.05189340813464235,0.09537045475871196,713,33.79,-118.052
SLI,2019,10,0.0380952380952381,0.09370482968279008,735,33.79,-118.052
SLI,2019,11,0.16901408450704225,0.1777639715406618,710,33.79,-118.052
SLI,2019,12,0.11684782608695651,0.18416922038991831,736,33.79,-118.052
SLI,2020,1,0.16846361185983827,0.22538317744018788,742,33.79,-118.052
SLI,2020,2,0.10869565217391304,0.11450945565533605,690,33.79,-118.052
SLI,2020,3,0.07044198895027624,0.10143355176924998,724,33.79,-118.052
SLI,2020,4,0.08531468531468532,0.1150437139522243,715,33.79,-118.052
SLI,2020,5,0.1008174386920981,0.08421239941831439,734,33.79,-118.052
SLI,2020,11,0.18828451882845187,0.16995864599224067,717,33.79,-118.052
SLI,2020,12,0.03551912568306011,0.12497619174968892,732,33.79,-118.052
SLI,2021,3,0.03673469387755102,0.07343185869682659,735,33.79,-118.052
SLI,2021,4,0.01825842696629213,0.0665596944148595,712,33.79,-118.052
SLI,2021,5,0.01641586867305061,0.05479433683045133,731,33.79,-118.052
SLI,2021,6,0.0546218487394958,0.07024769811023615,714,33.79,-118.052
SLI,2021,7,0.02754820936639118,0.07035170890162962,726,33.79,-118.052
SLI,2021,8,0.04172461752433936,0.08576115952920932,719,33.79,-118.052
SLI,2021,9,0.05006954102920723,0.0929782998692497,719,33.79,-118.052
SLI,2021,10,0.05277401894451962,0.10891403834945151,739,33.79,-118.052
SLI,2021,11,0.2928870292887029,0.1953725854415375,717,33.79,-118.052
SLI,2021,12,0.25757575757575757,0.22810852654592612,726,33.79,-118.052
SLI,2022,1,0.11813186813186811,0.1593345268173901,728,33.79,-118.052
SLI,2022,2,0.0029940119760479,0.05194085316899344,668,33.79,-118.052
SLI,2022,3,0.05953991880920163,0.09586194587205428,739,33.79,-118.052
SLI,2022,4,0.0364656381486676,0.06253926575573986,713,33.79,-118.052
SLI,2022,5,0.0108254397834912,0.058686249200873,739,33.79,-118.052
SLI,2022,6,0.01841359773371104,0.08074999556998137,706,33.79,-118.052
SLI,2022,7,0.07661290322580645,0.06813030940896624,744,33.79,-118.052
SLI,2022,8,0.01790633608815427,0.06864476731452715,726,33.79,-118.052
SLI,2022,10,0.03703703703703703,0.10563712450502082,729,33.79,-118.052
SLI,2022,11,0.06039325842696629,0.11848648882162396,712,33.79,-118.052
SLI,2022,12,0.13593539703903096,0.1914262215007632,743,33.79,-118.052
SLI,2023,1,0.15683453237410072,0.18344272564406536,695,33.79,-118.052
SLI,2023,2,0.03726708074534161,0.06402861100564879,644,33.79,-118.052
SLI,2023,3,0.13728129205921938,0.1376445617019505,743,33.79,-118.052
SLI,2023,4,0.07649513212795549,0.08699210909204996,719,33.79,-118.052
SLI,2023,5,0.05810810810810811,0.06313333040287952,740,33.79,-118.052
SLI,2023,6,0.03641456582633053,0.05604209160641704,714,33.79,-118.052
SLI,2023,7,0.0945945945945946,0.08091066439705831,740,33.79,-118.052
SLI,2023,8,0.06105834464043419,0.11714565039748498,737,33.79,-118.052
SLI,2023,9,0.03253182461103253,0.09205768485249344,707,33.79,-118.052
SLI,2023,10,0.10931174089068826,0.1272345354358589,741,33.79,-118.052
SLI,2023,11,0.05099150141643059,0.12909413692374333,706,33.79,-118.052
SLI,2023,12,0.09849521203830368,0.21715505561438184,731,33.79,-118.052
SLI,2024,1,0.1346938775510204,0.20426638082974496,735,33.79,-118.052
SLI,2024,2,0.17485549132947978,0.17843257560325876,692,33.79,-118.052
SLI,2024,3,0.06906077348066299,0.11072067161500956,724,33.79,-118.052
SLI,2024,4,0.1211699164345404,0.08751048761930265,718,33.79,-118.052
SLI,2024,5,0.06858710562414266,0.05298483958476543,729,33.79,-118.052
SLI,2024,6,0.09305555555555556,0.06553141867319509,720,33.79,-118.052
SLI,2024,7,0.18503401360544217,0.07510087322798026,735,33.79,-118.052
SLI,2024,8,0.11444141689373297,0.09274253646102332,734,33.79,-118.052
SLI,2024,9,0.1404728789986092,0.0990479643881899,719,33.79,-118.052
SLI,2024,10,0.27860026917900405,0.1388390629952416,743,33.79,-118.052
SLI,2024,11,0.125,0.14949275475527707,712,33.79,-118.052
SLI,2024,12,0.3136966126656848,0.2443501606398944,679,33.79,-118.052
SMX,2019,1,0.16532258064516128,0.1439582187135907,744,34.9,-120.45
SMX,2019,2,0.08968609865470852,0.09892342173427124,669,34.9,-120.45
SMX,2019,3,0.09959623149394348,0.08786248615382314,743,34.9,-120.45
SMX,2019,4,0.3263888888888889,0.08391551201748079,720,34.9,-120.45
SMX,2019,5,0.19623655913978497,0.0970693443293379,744,34.9,-120.45
SMX,2019,6,0.19914651493598864,0.08566426034017878,703,34.9,-120.45
SMX,2019,7,0.3844086021505376,0.08119031490325536,744,34.9,-120.45
SMX,2019,8,0.30364372469635625,0.10821764115377576,741,34.9,-120.45
SMX,2019,9,0.2141863699582754,0.07551504221474943,719,34.9,-120.45
SMX,2019,10,0.1129032258064516,0.03575582687988223,744,34.9,-120.45
SMX,2019,11,0.20641562064156208,0.10288640788139249,717,34.9,-120.45
SMX,2019,12,0.180349932705249,0.12593522734414303,743,34.9,-120.45
SMX,2020,1,0.09543010752688172,0.07658474760426756,744,34.9,-120.45
SMX,2020,2,0.14511494252873564,0.04793661467248324,696,34.9,-120.45
SMX,2020,3,0.0955585464333782,0.09020783863729744,743,34.9,-120.45
SMX,2020,4,0.16666666666666666,0.07386996637409635,720,34.9,-120.45
SMX,2020,5,0.1532258064516129,0.06279912053044338,744,34.9,-120.45
SMX,2020,6,0.20277777777777775,0.06744195169679304,720,34.9,-120.45
SMX,2020,7,0.31451612903225806,0.08589497507678193,744,34.9,-120.45
SMX,2020,8,0.24865591397849465,0.07938146445342945,744,34.9,-120.45
SMX,2020,9,0.38055555555555554,0.0910826821594567,720,34.9,-120.45
SMX,2020,10,0.19086021505376344,0.07681652739615674,744,34.9,-120.45
SMX,2020,11,0.10724233983286909,0.05187631288351029,718,34.9,-120.45
SMX,2020,12,0.13997308209959622,0.0791350056671737,743,34.9,-120.45
SMX,2021,1,0.15591397849462366,0.0953064766114471,744,34.9,-120.45
SMX,2021,2,0.1324404761904762,0.05319469904259686,672,34.9,-120.45
SMX,2021,3,0.07008086253369272,0.06610310047679664,742,34.9,-120.45
SMX,2021,4,0.2513888888888889,0.05963869393437573,720,34.9,-120.45
SMX,2021,5,0.28225806451612906,0.07405649185943776,744,34.9,-120.45
SMX,2021,6,0.1875,0.08966445102040058,720,34.9,-120.45
SMX,2021,7,0.31586021505376344,0.09395670844519224,744,34.9,-120.45
SMX,2021,8,0.34543010752688175,0.1144506601425554,744,34.9,-120.45
SMX,2021,9,0.36022253129346316,0.12196931210526273,719,34.9,-120.45
SMX,2021,10,0.1854838709677419,0.08450275566242897,744,34.9,-120.45
SMX,2021,11,0.16852367688022285,0.08588168513773796,718,34.9,-120.45
SMX,2021,12,0.1760752688172043,0.164717145884017,744,34.9,-120.45
SMX,2022,1,0.1129032258064516,0.07212339073791098,744,34.9,-120.45
SMX,2022,2,0.05952380952380952,0.02830635314792793,672,34.9,-120.45
SMX,2022,3,0.15881561238223418,0.06110134610559056,743,34.9,-120.45
SMX,2022,4,0.17246175243393602,0.05254076280430949,719,34.9,-120.45
SMX,2022,5,0.25268817204301075,0.05014089820493349,744,34.9,-120.45
SMX,2022,6,0.25833333333333336,0.05833188774012853,720,34.9,-120.45
SMX,2022,7,0.1881720430107527,0.09338870668266996,744,34.9,-120.45
SMX,2022,8,0.23655913978494625,0.10052943105286308,744,34.9,-120.45
SMX,2022,9,0.2361111111111111,0.09460638127284182,720,34.9,-120.45
SMX,2022,10,0.276566757493188,0.10017036124637176,734,34.9,-120.45
SMX,2022,11,0.03781512605042016,0.06153050360576238,714,34.9,-120.45
SMX,2022,12,0.1989100817438692,0.16354645257774506,734,34.9,-120.45
SMX,2023,1,0.13019390581717452,0.12527556942915602,722,34.9,-120.45
SMX,2023,2,0.0819423368740516,0.06948174475559359,659,34.9,-120.45
SMX,2023,3,0.12602739726027398,0.13141616682871224,730,34.9,-120.45
SMX,2023,4,0.24444444444444444,0.06099940410737234,720,34.9,-120.45
SMX,2023,5,0.19623655913978497,0.1034727538163944,744,34.9,-120.45
SMX,2023,6,0.1571627260083449,0.09797168091778433,719,34.9,-120.45
SMX,2023,7,0.32570659488559894,0.0845870810690069,743,34.9,-120.45
SMX,2023,8,0.3239247311827957,0.1059118389865248,744,34.9,-120.45
SMX,2023,9,0.2638888888888889,0.11420786862345568,720,34.9,-120.45
SMX,2023,10,0.1854838709677419,0.07575049907120261,744,34.9,-120.45
SMX,2023,11,0.06694560669456066,0.07349882956678852,717,34.9,-120.45
SMX,2023,12,0.12113055181695828,0.12399727643986294,743,34.9,-120.45
SMX,2024,1,0.13648648648648648,0.110082072718206,740,34.9,-120.45
SMX,2024,2,0.09913793103448276,0.13417172408653735,696,34.9,-120.45
SMX,2024,3,0.09959623149394348,0.09337008752940736,743,34.9,-120.45
SMX,2024,4,0.18219749652294853,0.08004510136827361,719,34.9,-120.45
SMX,2024,5,0.23521505376344087,0.07915993972672257,744,34.9,-120.45
SMX,2024,6,0.3402777777777778,0.08292914703047569,720,34.9,-120.45
SMX,2024,7,0.28360215053763443,0.09440885812338996,744,34.9,-120.45
SMX,2024,8,0.2691790040376851,0.09844043819664423,743,34.9,-120.45
SMX,2024,9,0.2875,0.11360381374243753,720,34.9,-120.45
SMX,2024,10,0.26522327469553453,0.09360272965555594,739,34.9,-120.45
SMX,2024,11,0.09610027855153204,0.08723257763473913,718,34.9,-120.45
SMX,2024,12,0.2317241379310345,0.11661214939115096,725,34.9,-120.45
SUU,2019,1,0.19973009446693657,0.2617340111650596,741,38.2627,-121.9275
SUU,2019,2,0.07004470938897168,0.12629137150084638,671,38.2627,-121.9275
SUU,2019,3,0.03988995873452544,0.11794480958273652,727,38.2627,-121.9275
SUU,2019,4,0.00699300699300699,0.07816683527654504,715,38.2627,-121.9275
SUU,2019,5,0.01362397820163487,0.05865489151573475,734,38.2627,-121.9275
SUU,2019,6,0,0.03059770675280696,707,38.2627,-121.9275
SUU,2019,7,0,0.03860777763764491,736,38.2627,-121.9275
SUU,2019,8,0,0.04347027044756247,741,38.2627,-121.9275
SUU,2019,9,0,0.05911860126363376,713,38.2627,-121.9275
SUU,2019,10,0.00136798905608755,0.06615556582422286,731,38.2627,-121.9275
SUU,2019,11,0.02237762237762237,0.16017299465293966,715,38.2627,-121.9275
SUU,2019,12,0.31029810298102983,0.29187769781944334,738,38.2627,-121.9275
SUU,2020,1,0.21997300944669365,0.27428688035377746,741,38.2627,-121.9275
SUU,2020,2,0.04796511627906977,0.10828952251035263,688,38.2627,-121.9275
SUU,2020,3,0.01219512195121951,0.08134490973006565,738,38.2627,-121.9275
SUU,2020,4,0.01256983240223463,0.05488470024102342,716,38.2627,-121.9275
SUU,2020,5,0.0081081081081081,0.04400838817936491,740,38.2627,-121.9275
SUU,2020,6,0,0.02761295362307311,718,38.2627,-121.9275
SUU,2020,7,0,0.0380384565538167,737,38.2627,-121.9275
SUU,2020,8,0.00143266475644699,0.03558338651062286,698,38.2627,-121.9275
SUU,2020,9,0.00840336134453781,0.05667128529134122,714,38.2627,-121.9275
SUU,2020,10,0,0.07862284630005952,742,38.2627,-121.9275
SUU,2020,11,0.01820728291316526,0.15740772366056316,714,38.2627,-121.9275
SUU,2020,12,0.1527027027027027,0.1972800640154841,740,38.2627,-121.9275
SUU,2021,1,0.21448087431693988,0.24003238352080436,732,38.2627,-121.9275
SUU,2021,2,0.02907915993537964,0.09456926398919538,619,38.2627,-121.9275
SUU,2021,3,0.0067750677506775,0.0635473471938057,738,38.2627,-121.9275
SUU,2021,4,0,0.04058935952147359,703,38.2627,-121.9275
SUU,2021,5,0,0.02935380128354118,723,38.2627,-121.9275
SUU,2021,6,0,0.03168729532432123,706,38.2627,-121.9275
SUU,2021,7,0,0.04190297297830116,740,38.2627,-121.9275
SUU,2021,8,0,0.05178371812959675,727,38.2627,-121.9275
SUU,2021,9,0,0.06149196379132775,707,38.2627,-121.9275
SUU,2021,10,0.07891156462585033,0.1316876689977906,735,38.2627,-121.9275
SUU,2021,11,0.3202797202797203,0.2626030453779792,715,38.2627,-121.9275
SUU,2021,12,0.39620081411126185,0.29925987416052174,737,38.2627,-121.9275
SUU,2022,1,0.25546448087431695,0.26239786506046703,732,38.2627,-121.9275
SUU,2022,2,0.02111613876319758,0.09875568365116344,663,38.2627,-121.9275
SUU,2022,3,0.00687757909215955,0.07135456442869291,727,38.2627,-121.9275
SUU,2022,4,0.00284900284900284,0.04767536192930754,702,38.2627,-121.9275
SUU,2022,5,0,0.03064365739518286,739,38.2627,-121.9275
SUU,2022,6,0.0028169014084507,0.02752234357129505,710,38.2627,-121.9275
SUU,2022,7,0,0.045181418509256,743,38.2627,-121.9275
SUU,2022,8,0,0.05265829123137167,741,38.2627,-121.9275
SUU,2022,9,0.00431654676258992,0.06880876183116047,695,38.2627,-121.9275
SUU,2022,10,0.00409276944065484,0.09567928658395604,733,38.2627,-121.9275
SUU,2022,11,0.00979020979020979,0.14574231211316813,715,38.2627,-121.9275
SUU,2022,12,0.3733153638814016,0.31934293965723626,742,38.2627,-121.9275
SUU,2023,1,0.1224764468371467,0.18773764761500408,743,38.2627,-121.9275
SUU,2023,2,0.03686635944700461,0.13383904506645147,651,38.2627,-121.9275
SUU,2023,3,0.05675675675675676,0.12569399973768497,740,38.2627,-121.9275
SUU,2023,4,0.00557880055788005,0.05108599348597066,717,38.2627,-121.9275
SUU,2023,5,0.00135685210312075,0.06227577702361235,737,38.2627,-121.9275
SUU,2023,6,0,0.04158232138133823,707,38.2627,-121.9275
SUU,2023,7,0,0.04298702371656877,738,38.2627,-121.9275
SUU,2023,8,0,0.046350872932461,737,38.2627,-121.9275
SUU,2023,9,0,0.07423018409755358,701,38.2627,-121.9275
SUU,2023,10,0.01917808219178082,0.09757020281543172,730,38.2627,-121.9275
SUU,2023,11,0.01137980085348506,0.1480057261604144,703,38.2627,-121.9275
SUU,2023,12,0.1771978021978022,0.285945686623654,728,38.2627,-121.9275
SUU,2024,1,0.2395128552097429,0.2922235038753443,739,38.2627,-121.9275
SUU,2024,2,0.07342143906020558,0.17581782948958333,681,38.2627,-121.9275
SUU,2024,3,0.01917808219178082,0.09649604284630116,730,38.2627,-121.9275
SUU,2024,4,0.00974930362116991,0.08004280031484484,718,38.2627,-121.9275
SUU,2024,5,0.00683994528043775,0.03894397407649672,731,38.2627,-121.9275
SUU,2024,6,0,0.02698848370338071,718,38.2627,-121.9275
SUU,2024,7,0,0.03236762351108397,739,38.2627,-121.9275
SUU,2024,8,0,0.04181438457355947,736,38.2627,-121.9275
SUU,2024,9,0,0.06877975129395364,718,38.2627,-121.9275
SUU,2024,10,0.00269905533063427,0.08044917167074567,741,38.2627,-121.9275
SUU,2024,11,0.12167832167832168,0.17024570531164848,715,38.2627,-121.9275
SUU,2024,12,0.38055555555555554,0.2946736748183323,720,38.2627,-121.9275
SVE,2019,1,0.06500691562932227,0.20718481196363384,723,40.3757,-120.5727
SVE,2019,3,0.05135135135135135,0.11992664140256024,740,40.3757,-120.5727
SVE,2019,4,0.00138888888888888,0.07748563429087611,720,40.3757,-120.5727
SVE,2019,5,0.00539083557951482,0.04586971152944241,742,40.3757,-120.5727
SVE,2019,6,0,0.0120816710119589,666,40.3757,-120.5727
SVE,2019,7,0,0.00456570191798485,744,40.3757,-120.5727
SVE,2019,8,0,0.00983695952669242,741,40.3757,-120.5727
SVE,2019,9,0.00278164116828929,0.03817015587912072,719,40.3757,-120.5727
SVE,2019,10,0,0.02752930602670401,731,40.3757,-120.5727
SVE,2019,11,0.00417827298050139,0.06224598325815297,718,40.3757,-120.5727
SVE,2019,12,0.149025069637883,0.25714022261294534,718,40.3757,-120.5727
SVE,2020,1,0.01398601398601398,0.15717574963342448,715,40.3757,-120.5727
SVE,2020,3,0.0206043956043956,0.07540991874494067,728,40.3757,-120.5727
SVE,2020,5,0,0.0176025147515157,743,40.3757,-120.5727
SVE,2020,6,0,0.00802505926102166,720,40.3757,-120.5727
SVE,2021,1,0.03108108108108108,0.17165447675856815,740,40.3757,-120.5727
SVE,2021,2,0.00297619047619047,0.10158592857418083,672,40.3757,-120.5727
SVE,2021,3,0.00539811066126855,0.04764066309315457,741,40.3757,-120.5727
SVE,2021,4,0,0.00928391608391608,715,40.3757,-120.5727
SVE,2021,5,0.00137741046831955,0.00873274705092887,726,40.3757,-120.5727
SVE,2021,8,0.00136612021857923,0.00396497232655831,732,40.3757,-120.5727
SVE,2022,5,0.00539811066126855,0.01579817609291293,741,40.3757,-120.5727
SVE,2022,6,0,0.00921498248693119,712,40.3757,-120.5727
SVE,2022,8,0,0.00801133744726045,743,40.3757,-120.5727
SVE,2022,9,0.00418410041841004,0.0276649792885536,717,40.3757,-120.5727
SVE,2022,10,0,0.01438824827768963,743,40.3757,-120.5727
SVE,2022,11,0.03304597701149425,0.12724487846106017,696,40.3757,-120.5727
SVE,2023,1,0.06486486486486487,0.1866517733423924,740,40.3757,-120.5727
SVE,2023,2,0.02083333333333333,0.1006798690351245,672,40.3757,-120.5727
SVE,2023,3,0.04189189189189189,0.10384846515117718,740,40.3757,-120.5727
SVE,2023,4,0.00277777777777777,0.05482283958087475,720,40.3757,-120.5727
SVE,2023,5,0.00135135135135135,0.04256991986080819,740,40.3757,-120.5727
SVE,2023,6,0.00278164116828929,0.02916258272179636,719,40.3757,-120.5727
SVE,2023,7,0,0.00299477907485436,744,40.3757,-120.5727
SVE,2023,8,0,0.01738137093994037,743,40.3757,-120.5727
SVE,2023,9,0.01111111111111111,0.03535609864712625,720,40.3757,-120.5727
SVE,2023,10,0,0.02156898492674725,741,40.3757,-120.5727
SVE,2023,11,0.04189944134078212,0.07394979870459499,716,40.3757,-120.5727
SVE,2023,12,0.14150943396226415,0.16760531285986935,742,40.3757,-120.5727
SVE,2024,1,0.06191117092866756,0.20623306694051624,743,40.3757,-120.5727
SVE,2024,2,0.05094614264919941,0.14581806744401915,687,40.3757,-120.5727
SVE,2024,3,0.01756954612005856,0.08341373209296213,683,40.3757,-120.5727
TQS,2024,3,0.09269662921348316,0.225233022408542,712,34.636,-120.6161
TQS,2024,9,0.324822695035461,0.31930085559869453,705,34.636,-120.6161
TQS,2024,10,0.29379310344827586,0.316306808998044,725,34.636,-120.6161
TQS,2024,11,0.05932203389830508,0.2388198749949829,708,34.636,-120.6161
TVL,2019,1,0.15591397849462366,0.17947244029302925,744,38.8939,-119.9953
TVL,2019,2,0.3844984802431611,0.1921845769061796,658,38.8939,-119.9953
TVL,2019,3,0.17092866756393002,0.1384130105953262,743,38.8939,-119.9953
TVL,2019,4,0.05586592178770949,0.11379951286977856,716,38.8939,-119.9953
TVL,2019,5,0.06989247311827956,0.1505004832739784,744,38.8939,-119.9953
TVL,2019,6,0,0.06939246732487803,718,38.8939,-119.9953
TVL,2019,7,0,0.02610887775335635,744,38.8939,-119.9953
TVL,2019,8,0,0.02921163521871261,744,38.8939,-119.9953
TVL,2019,9,0.01675977653631285,0.05607421003392589,716,38.8939,-119.9953
TVL,2019,10,0,0.04218635838564687,742,38.8939,-119.9953
TVL,2019,11,0.08926080892608089,0.07083184308284114,717,38.8939,-119.9953
TVL,2019,12,0.2217453505007153,0.21192025692216132,699,38.8939,-119.9953
TVL,2020,1,0.06048387096774194,0.147090011273253,744,38.8939,-119.9953
TVL,2020,2,0.02453102453102453,0.07246444024183793,693,38.8939,-119.9953
TVL,2020,3,0.16150740242261102,0.11800631967027808,743,38.8939,-119.9953
TVL,2020,4,0.08926080892608089,0.10821417459908904,717,38.8939,-119.9953
TVL,2020,5,0.02702702702702703,0.08986648355931587,740,38.8939,-119.9953
TVL,2020,6,0.00833333333333333,0.04219864443143276,720,38.8939,-119.9953
TVL,2020,7,0,0.021737458727665072,744,38.8939,-119.9953
TVL,2020,8,0.00807537012113055,0.03372006033531063,743,38.8939,-119.9953
TVL,2020,9,0.00558659217877095,0.02345674494214769,716,38.8939,-119.9953
TVL,2020,10,0,0.01975345843549958,744,38.8939,-119.9953
TVL,2020,11,0.04874651810584958,0.12464725241724088,718,38.8939,-119.9953
TVL,2020,12,0.07951482479784366,0.15503303384114325,742,38.8939,-119.9953
TVL,2021,1,0.09959623149394348,0.15734022346853274,743,38.8939,-119.9953
TVL,2021,2,0.06547619047619048,0.1231377422782438,672,38.8939,-119.9953
TVL,2021,3,0.05263157894736842,0.08514518275914265,741,38.8939,-119.9953
TVL,2021,4,0.03138373751783167,0.0709867814993182,701,38.8939,-119.9953
TVL,2021,5,0.02997275204359673,0.05581373786787748,734,38.8939,-119.9953
TVL,2021,6,0,0.0185026195485019,693,38.8939,-119.9953
TVL,2022,1,0.01478494623655914,0.15112028900775448,744,38.8939,-119.9953
TVL,2022,2,0.0208955223880597,0.09176321394027538,670,38.8939,-119.9953
TVL,2022,3,0.0215343203230148,0.09836270303231356,743,38.8939,-119.9953
TVL,2022,4,0.06944444444444445,0.0949758290508845,720,38.8939,-119.9953
TVL,2022,5,0.03274215552523874,0.07240173758469146,733,38.8939,-119.9953
TVL,2022,7,0,0.01586393251998754,740,38.8939,-119.9953
TVL,2022,8,0.0081190798376184,0.03550141360693051,739,38.8939,-119.9953
TVL,2022,9,0.03198887343532684,0.05608226380047612,719,38.8939,-119.9953
TVL,2022,10,0.00134589502018842,0.03682401349677747,743,38.8939,-119.9953
TVL,2022,11,0.0967741935483871,0.1623254136241153,713,38.8939,-119.9953
TVL,2022,12,0.35661218424962854,0.19684830771899867,673,38.8939,-119.9953
TVL,2023,3,0.2601078167115903,0.1560454238184645,742,38.8939,-119.9953
TVL,2023,4,0.01666666666666666,0.09313694818646508,720,38.8939,-119.9953
TVL,2023,5,0.06048387096774194,0.15592968937204502,744,38.8939,-119.9953
TVL,2023,6,0.01388888888888888,0.12185894033027496,720,38.8939,-119.9953
TVL,2023,7,0,0.01647883310297531,744,38.8939,-119.9953
TVL,2023,8,0.00680272108843537,0.05787042346646114,735,38.8939,-119.9953
TVL,2023,9,0.0125173852573018,0.09528297452384352,719,38.8939,-119.9953
TVL,2023,10,0.00403225806451612,0.06807297713073202,744,38.8939,-119.9953
TVL,2023,11,0.04803493449781659,0.12735712586940656,687,38.8939,-119.9953
TVL,2023,12,0.08985507246376812,0.17509586225537485,690,38.8939,-119.9953
TVL,2024,1,0.1129032258064516,0.19543637296506716,744,38.8939,-119.9953
TVL,2024,2,0.18397626112759644,0.1793702559163759,674,38.8939,-119.9953
TVL,2024,3,0.1659919028340081,0.14075723579839783,741,38.8939,-119.9953
TVL,2024,4,0.03333333333333333,0.11888177924917837,720,38.8939,-119.9953
TVL,2024,5,0.0161507402422611,0.08242346963167406,743,38.8939,-119.9953
TVL,2024,6,0.00277777777777777,0.02833589020347032,720,38.8939,-119.9953
TVL,2024,7,0.00134408602150537,0.0145041651302783,744,38.8939,-119.9953
TVL,2024,8,0.00269541778975741,0.02441658289803303,742,38.8939,-119.9953
TVL,2024,9,0.01111111111111111,0.0386135597726434,720,38.8939,-119.9953
TVL,2024,10,0.02419354838709677,0.04043725994837344,744,38.8939,-119.9953
TVL,2024,11,0.09243697478991596,0.1411448940548377,714,38.8939,-119.9953
TVL,2024,12,0.18342391304347827,0.1783733587217001,736,38.8939,-119.9953
VCV,2021,11,0,0.02851794165715181,709,34.5975,-117.383
VCV,2021,12,0.03494623655913978,0.10471070699099598,744,34.5975,-117.383
VCV,2022,1,0.01075268817204301,0.04611333625272966,744,34.5975,-117.383
VCV,2022,2,0.0029806259314456,0.01712429210134128,671,34.5975,-117.383
VCV,2022,3,0.00276243093922651,0.01972716294532828,724,34.5975,-117.383
VCV,2022,4,0.00870827285921625,0.01761011891121126,689,34.5975,-117.383
VCV,2022,5,0,0.00967628032345013,742,34.5975,-117.383
VCV,2022,8,0,0.00328524492234169,744,34.5975,-117.383
VCV,2022,9,0.00138888888888888,0.02295226573882371,720,34.5975,-117.383
VCV,2022,10,0.00134589502018842,0.02196700934556425,743,34.5975,-117.383
VCV,2022,11,0.01532033426183844,0.03640695455402243,718,34.5975,-117.383
VCV,2022,12,0.03401360544217687,0.1018578251441839,735,34.5975,-117.383
VCV,2023,1,0.01955307262569832,0.09907598331295785,716,34.5975,-117.383
VCV,2023,2,0.02402402402402402,0.04678037627467452,666,34.5975,-117.383
VCV,2023,3,0.03504043126684636,0.05690668601037126,742,34.5975,-117.383
VCV,2023,4,0,0.018286001849405,720,34.5975,-117.383
VCV,2023,5,0.00412654745529573,0.02580503917280142,727,34.5975,-117.383
VCV,2023,6,0,0.01784982721956406,720,34.5975,-117.383
VCV,2023,11,0.0157819225251076,0.03671337952071169,697,34.5975,-117.383
VCV,2024,2,0.10029498525073746,0.07999672406817826,678,34.5975,-117.383
VCV,2024,3,0.0221606648199446,0.04710757955696038,722,34.5975,-117.383
VCV,2024,4,0.00695410292072322,0.02770013370065343,719,34.5975,-117.383
VCV,2024,5,0,0.01480712517223795,735,34.5975,-117.383
VCV,2024,6,0,0.00549714414338369,718,34.5975,-117.383
VCV,2024,7,0,0.00150328595445514,727,34.5975,-117.383
VCV,2024,8,0,0.00335953026196928,738,34.5975,-117.383
VCV,2024,10,0,0.00742025410139385,737,34.5975,-117.383
VCV,2024,11,0,0.03591071162637442,672,34.5975,-117.383
VCV,2024,12,0,0.04756202564674451,709,34.5975,-117.383
